Date,Broadcasting
2013-04-01,51.12
2013-04-02,47.519999999999996
2013-04-03,38.879999999999995
2013-04-04,33.12
2013-04-05,53.28
2013-04-06,33.839999999999996
2013-04-07,27.36
2013-04-08,69.12
2013-04-09,57.599999999999994
2013-04-10,57.599999999999994
2013-04-11,48.239999999999995
2013-04-12,48.96
2013-04-13,18.72
2013-04-14,29.52
2013-04-15,46.08
2013-04-16,59.04
2013-04-17,35.28
2013-04-18,36.72
2013-04-19,59.04
2013-04-20,35.28
2013-04-21,22.32
2013-04-22,69.84
2013-04-23,72.0
2013-04-24,59.76
2013-04-25,48.96
2013-04-26,48.96
2013-04-27,24.48
2013-04-28,33.839999999999996
2013-04-29,45.36
2013-04-30,47.519999999999996
2013-05-01,62.05
2013-05-02,61.32
2013-05-03,61.32
2013-05-04,48.18
2013-05-05,32.12
2013-05-06,47.449999999999996
2013-05-07,64.24
2013-05-08,67.16
2013-05-09,48.91
2013-05-10,54.75
2013-05-11,24.82
2013-05-12,33.58
2013-05-13,48.18
2013-05-14,73.0
2013-05-15,64.24
2013-05-16,53.29
2013-05-17,73.0
2013-05-18,60.589999999999996
2013-05-19,29.2
2013-05-20,70.81
2013-05-21,54.019999999999996
2013-05-22,43.8
2013-05-23,48.18
2013-05-24,45.26
2013-05-25,43.07
2013-05-26,62.05
2013-05-27,40.879999999999995
2013-05-28,40.15
2013-05-29,54.019999999999996
2013-05-30,51.83
2013-05-31,42.339999999999996
2013-06-01,57.2
2013-06-02,42.25
2013-06-03,57.2
2013-06-04,54.6
2013-06-05,55.25
2013-06-06,55.9
2013-06-07,47.45
2013-06-08,29.900000000000002
2013-06-09,33.15
2013-06-10,56.550000000000004
2013-06-11,48.1
2013-06-12,50.050000000000004
2013-06-13,53.95
2013-06-14,52.0
2013-06-15,38.35
2013-06-16,38.35
2013-06-17,52.0
2013-06-18,65.0
2013-06-19,56.550000000000004
2013-06-20,54.6
2013-06-21,53.95
2013-06-22,42.9
2013-06-23,48.1
2013-06-24,37.7
2013-06-25,63.050000000000004
2013-06-26,51.35
2013-06-27,48.75
2013-06-28,39.65
2013-06-29,29.900000000000002
2013-06-30,30.55
2013-07-01,54.78
2013-07-02,43.56
2013-07-03,48.18
2013-07-04,44.22
2013-07-05,34.32
2013-07-06,33.660000000000004
2013-07-07,27.060000000000002
2013-07-08,50.82
2013-07-09,52.14
2013-07-10,42.9
2013-07-11,35.64
2013-07-12,41.580000000000005
2013-07-13,24.42
2013-07-14,30.360000000000003
2013-07-15,66.0
2013-07-16,64.02
2013-07-17,52.14
2013-07-18,38.940000000000005
2013-07-19,36.300000000000004
2013-07-20,40.92
2013-07-21,33.0
2013-07-22,45.54
2013-07-23,45.54
2013-07-24,58.080000000000005
2013-07-25,35.64
2013-07-26,42.24
2013-07-27,27.060000000000002
2013-07-28,31.020000000000003
2013-07-29,65.34
2013-07-30,54.120000000000005
2013-07-31,39.6
2013-08-01,55.199999999999996
2013-08-02,42.779999999999994
2013-08-03,42.089999999999996
2013-08-04,37.26
2013-08-05,39.33
2013-08-06,43.47
2013-08-07,51.74999999999999
2013-08-08,42.779999999999994
2013-08-09,41.4
2013-08-10,29.669999999999998
2013-08-11,30.36
2013-08-12,54.51
2013-08-13,42.779999999999994
2013-08-14,28.979999999999997
2013-08-15,40.709999999999994
2013-08-16,28.979999999999997
2013-08-17,31.74
2013-08-18,35.879999999999995
2013-08-19,54.51
2013-08-20,51.059999999999995
2013-08-21,55.88999999999999
2013-08-22,38.64
2013-08-23,41.4
2013-08-24,37.949999999999996
2013-08-25,35.19
2013-08-26,40.709999999999994
2013-08-27,38.64
2013-08-28,58.65
2013-08-29,37.949999999999996
2013-08-30,69.0
2013-08-31,28.979999999999997
2013-09-01,58.93
2013-09-02,46.15
2013-09-03,69.58
2013-09-04,46.15
2013-09-05,66.74
2013-09-06,63.19
2013-09-07,62.48
2013-09-08,39.76
2013-09-09,52.54
2013-09-10,63.9
2013-09-11,55.379999999999995
2013-09-12,54.669999999999995
2013-09-13,63.19
2013-09-14,41.18
2013-09-15,56.8
2013-09-16,51.83
2013-09-17,41.18
2013-09-18,43.309999999999995
2013-09-19,44.019999999999996
2013-09-20,57.51
2013-09-21,29.11
2013-09-22,53.25
2013-09-23,67.45
2013-09-24,54.669999999999995
2013-09-25,66.03
2013-09-26,54.669999999999995
2013-09-27,71.0
2013-09-28,65.32
2013-09-29,57.51
2013-09-30,62.48
2013-10-01,45.75
2013-10-02,67.5
2013-10-03,51.0
2013-10-04,75.0
2013-10-05,42.0
2013-10-06,44.25
2013-10-07,33.0
2013-10-08,50.25
2013-10-09,46.5
2013-10-10,57.75
2013-10-11,54.0
2013-10-12,45.75
2013-10-13,31.5
2013-10-14,33.0
2013-10-15,44.25
2013-10-16,31.5
2013-10-17,48.75
2013-10-18,31.5
2013-10-19,36.75
2013-10-20,24.0
2013-10-21,42.75
2013-10-22,46.5
2013-10-23,55.5
2013-10-24,44.25
2013-10-25,39.0
2013-10-26,24.75
2013-10-27,30.75
2013-10-28,47.25
2013-10-29,33.75
2013-10-30,45.75
2013-10-31,38.25
2013-11-01,74.0
2013-11-02,51.8
2013-11-03,48.839999999999996
2013-11-04,48.1
2013-11-05,59.2
2013-11-06,70.3
2013-11-07,48.1
2013-11-08,65.12
2013-11-09,48.1
2013-11-10,44.4
2013-11-11,64.38
2013-11-12,62.16
2013-11-13,67.34
2013-11-14,62.9
2013-11-15,52.54
2013-11-16,62.9
2013-11-17,37.0
2013-11-18,58.46
2013-11-19,56.98
2013-11-20,58.46
2013-11-21,49.58
2013-11-22,50.32
2013-11-23,51.8
2013-11-24,66.6
2013-11-25,51.06
2013-11-26,50.32
2013-11-27,43.66
2013-11-28,39.96
2013-11-29,32.56
2013-11-30,67.34
2013-12-01,55.61000000000001
2013-12-02,67.0
2013-12-03,47.57
2013-12-04,42.88
2013-12-05,44.89
2013-12-06,44.220000000000006
2013-12-07,38.86
2013-12-08,48.24
2013-12-09,36.18
2013-12-10,42.88
2013-12-11,46.230000000000004
2013-12-12,45.56
2013-12-13,45.56
2013-12-14,31.490000000000002
2013-12-15,34.84
2013-12-16,25.46
2013-12-17,44.89
2013-12-18,38.190000000000005
2013-12-19,44.220000000000006
2013-12-20,31.490000000000002
2013-12-21,27.470000000000002
2013-12-22,27.470000000000002
2013-12-23,36.85
2013-12-24,24.790000000000003
2013-12-25,25.46
2013-12-26,38.86
2013-12-27,24.12
2013-12-28,16.080000000000002
2013-12-29,40.2
2013-12-30,50.25
2013-12-31,50.25
2014-01-01,73.0
2014-01-02,33.58
2014-01-03,35.04
2014-01-04,59.86
2014-01-05,45.99
2014-01-06,62.78
2014-01-07,61.32
2014-01-08,58.4
2014-01-09,51.83
2014-01-10,48.18
2014-01-11,60.589999999999996
2014-01-12,56.21
2014-01-13,54.75
2014-01-14,57.67
2014-01-15,56.21
2014-01-16,47.449999999999996
2014-01-17,62.05
2014-01-18,35.769999999999996
2014-01-19,53.29
2014-01-20,59.129999999999995
2014-01-21,37.96
2014-01-22,52.56
2014-01-23,46.72
2014-01-24,51.83
2014-01-25,42.339999999999996
2014-01-26,56.94
2014-01-27,56.21
2014-01-28,51.83
2014-01-29,62.05
2014-01-30,59.86
2014-01-31,73.0
2014-02-01,46.17
2014-02-02,81.0
2014-02-03,40.5
2014-02-04,49.410000000000004
2014-02-05,51.84
2014-02-06,55.080000000000005
2014-02-07,60.75000000000001
2014-02-08,48.6
2014-02-09,48.6
2014-02-10,55.89
2014-02-11,59.13
2014-02-12,68.85000000000001
2014-02-13,42.120000000000005
2014-02-14,40.5
2014-02-15,42.120000000000005
2014-02-16,27.540000000000003
2014-02-17,43.74
2014-02-18,51.03
2014-02-19,51.03
2014-02-20,47.790000000000006
2014-02-21,53.46
2014-02-22,31.590000000000003
2014-02-23,32.400000000000006
2014-02-24,51.03
2014-02-25,40.5
2014-02-26,38.07
2014-02-27,53.46
2014-02-28,54.27
2014-03-01,31.16
2014-03-02,47.12
2014-03-03,50.92
2014-03-04,73.72
2014-03-05,45.6
2014-03-06,47.88
2014-03-07,38.76
2014-03-08,51.68
2014-03-09,45.6
2014-03-10,76.0
2014-03-11,62.32
2014-03-12,53.96
2014-03-13,69.92
2014-03-14,57.0
2014-03-15,27.36
2014-03-16,56.24
2014-03-17,36.480000000000004
2014-03-18,37.24
2014-03-19,45.6
2014-03-20,62.32
2014-03-21,63.08
2014-03-22,50.160000000000004
2014-03-23,34.2
2014-03-24,44.84
2014-03-25,57.0
2014-03-26,44.84
2014-03-27,47.88
2014-03-28,49.4
2014-03-29,41.04
2014-03-30,22.04
2014-03-31,40.28
2014-04-01,38.080000000000005
2014-04-02,48.28
2014-04-03,38.760000000000005
2014-04-04,32.64
2014-04-05,31.28
2014-04-06,42.84
2014-04-07,45.56
2014-04-08,55.760000000000005
2014-04-09,27.880000000000003
2014-04-10,34.0
2014-04-11,53.040000000000006
2014-04-12,29.240000000000002
2014-04-13,34.68
2014-04-14,35.36
2014-04-15,35.36
2014-04-16,50.32
2014-04-17,29.92
2014-04-18,40.120000000000005
2014-04-19,29.92
2014-04-20,20.400000000000002
2014-04-21,46.24
2014-04-22,44.88
2014-04-23,45.56
2014-04-24,48.96
2014-04-25,29.240000000000002
2014-04-26,26.520000000000003
2014-04-27,44.88
2014-04-28,48.28
2014-04-29,68.0
2014-04-30,44.2
2014-05-01,46.2
2014-05-02,42.24
2014-05-03,47.52
2014-05-04,44.22
2014-05-05,30.360000000000003
2014-05-06,46.2
2014-05-07,51.480000000000004
2014-05-08,54.120000000000005
2014-05-09,41.580000000000005
2014-05-10,38.940000000000005
2014-05-11,42.24
2014-05-12,58.080000000000005
2014-05-13,50.82
2014-05-14,65.34
2014-05-15,44.22
2014-05-16,40.260000000000005
2014-05-17,27.060000000000002
2014-05-18,33.660000000000004
2014-05-19,45.54
2014-05-20,39.6
2014-05-21,50.82
2014-05-22,40.92
2014-05-23,40.92
2014-05-24,24.42
2014-05-25,20.46
2014-05-26,34.980000000000004
2014-05-27,54.78
2014-05-28,53.46
2014-05-29,66.0
2014-05-30,58.080000000000005
2014-05-31,44.88
2014-06-01,52.44
2014-06-02,50.37
2014-06-03,55.88999999999999
2014-06-04,30.36
2014-06-05,39.33
2014-06-06,38.64
2014-06-07,37.26
2014-06-08,37.26
2014-06-09,44.16
2014-06-10,53.81999999999999
2014-06-11,42.779999999999994
2014-06-12,69.0
2014-06-13,48.989999999999995
2014-06-14,37.949999999999996
2014-06-15,45.54
2014-06-16,35.879999999999995
2014-06-17,35.879999999999995
2014-06-18,37.949999999999996
2014-06-19,29.669999999999998
2014-06-20,51.74999999999999
2014-06-21,31.74
2014-06-22,34.5
2014-06-23,29.669999999999998
2014-06-24,35.879999999999995
2014-06-25,40.709999999999994
2014-06-26,59.339999999999996
2014-06-27,43.47
2014-06-28,42.089999999999996
2014-06-29,29.669999999999998
2014-06-30,36.57
2014-07-01,68.30999999999999
2014-07-02,40.019999999999996
2014-07-03,41.4
2014-07-04,35.879999999999995
2014-07-05,52.44
2014-07-06,33.809999999999995
2014-07-07,42.779999999999994
2014-07-08,40.019999999999996
2014-07-09,69.0
2014-07-10,27.599999999999998
2014-07-11,48.3
2014-07-12,41.4
2014-07-13,55.199999999999996
2014-07-14,51.74999999999999
2014-07-15,57.269999999999996
2014-07-16,39.33
2014-07-17,40.709999999999994
2014-07-18,21.389999999999997
2014-07-19,26.22
2014-07-20,30.36
2014-07-21,36.57
2014-07-22,52.44
2014-07-23,53.129999999999995
2014-07-24,61.41
2014-07-25,47.61
2014-07-26,35.19
2014-07-27,33.12
2014-07-28,49.67999999999999
2014-07-29,38.64
2014-07-30,46.23
2014-07-31,37.26
2014-08-01,40.26
2014-08-02,32.33
2014-08-03,25.009999999999998
2014-08-04,30.5
2014-08-05,34.769999999999996
2014-08-06,40.87
2014-08-07,48.19
2014-08-08,45.14
2014-08-09,54.29
2014-08-10,13.42
2014-08-11,32.94
2014-08-12,31.72
2014-08-13,22.57
2014-08-14,40.26
2014-08-15,39.65
2014-08-16,18.91
2014-08-17,15.25
2014-08-18,44.53
2014-08-19,32.94
2014-08-20,55.51
2014-08-21,35.99
2014-08-22,45.14
2014-08-23,18.3
2014-08-24,35.38
2014-08-25,32.94
2014-08-26,61.0
2014-08-27,28.669999999999998
2014-08-28,37.82
2014-08-29,37.21
2014-08-30,40.87
2014-08-31,26.84
2014-09-01,40.120000000000005
2014-09-02,31.96
2014-09-03,59.84
2014-09-04,68.0
2014-09-05,48.28
2014-09-06,42.160000000000004
2014-09-07,63.24
2014-09-08,44.2
2014-09-09,46.92
2014-09-10,46.92
2014-09-11,61.2
2014-09-12,59.84
2014-09-13,59.160000000000004
2014-09-14,49.64
2014-09-15,50.32
2014-09-16,51.68000000000001
2014-09-17,61.88
2014-09-18,41.480000000000004
2014-09-19,44.2
2014-09-20,48.96
2014-09-21,56.440000000000005
2014-09-22,35.36
2014-09-23,59.160000000000004
2014-09-24,62.56
2014-09-25,45.56
2014-09-26,53.040000000000006
2014-09-27,39.440000000000005
2014-09-28,55.760000000000005
2014-09-29,44.88
2014-09-30,65.28
2014-10-01,40.8
2014-10-02,45.9
2014-10-03,36.55
2014-10-04,41.65
2014-10-05,24.65
2014-10-06,85.0
2014-10-07,49.3
2014-10-08,60.35
2014-10-09,39.949999999999996
2014-10-10,45.05
2014-10-11,55.25
2014-10-12,32.3
2014-10-13,62.05
2014-10-14,42.5
2014-10-15,41.65
2014-10-16,44.199999999999996
2014-10-17,38.25
2014-10-18,34.85
2014-10-19,29.75
2014-10-20,56.949999999999996
2014-10-21,55.25
2014-10-22,68.0
2014-10-23,67.14999999999999
2014-10-24,37.4
2014-10-25,48.449999999999996
2014-10-26,43.35
2014-10-27,58.65
2014-10-28,60.35
2014-10-29,59.5
2014-10-30,44.199999999999996
2014-10-31,41.65
2014-11-01,49.589999999999996
2014-11-02,52.2
2014-11-03,62.64
2014-11-04,73.95
2014-11-05,87.0
2014-11-06,50.46
2014-11-07,51.33
2014-11-08,81.78
2014-11-09,66.99
2014-11-10,76.56
2014-11-11,63.51
2014-11-12,58.29
2014-11-13,58.29
2014-11-14,53.94
2014-11-15,66.12
2014-11-16,52.2
2014-11-17,45.24
2014-11-18,41.76
2014-11-19,53.07
2014-11-20,64.38
2014-11-21,72.21
2014-11-22,62.64
2014-11-23,60.03
2014-11-24,26.1
2014-11-25,39.15
2014-11-26,33.93
2014-11-27,40.02
2014-11-28,30.45
2014-11-29,60.03
2014-11-30,40.02
2014-12-01,60.199999999999996
2014-12-02,82.56
2014-12-03,76.53999999999999
2014-12-04,85.14
2014-12-05,66.22
2014-12-06,60.199999999999996
2014-12-07,51.6
2014-12-08,48.16
2014-12-09,70.52
2014-12-10,58.48
2014-12-11,47.3
2014-12-12,67.08
2014-12-13,55.9
2014-12-14,68.8
2014-12-15,81.7
2014-12-16,61.06
2014-12-17,67.08
2014-12-18,45.58
2014-12-19,43.0
2014-12-20,56.76
2014-12-21,67.94
2014-12-22,67.08
2014-12-23,48.16
2014-12-24,35.26
2014-12-25,44.72
2014-12-26,54.18
2014-12-27,33.54
2014-12-28,69.66
2014-12-29,61.06
2014-12-30,86.0
2014-12-31,73.1
2015-01-01,100.0
2015-01-02,65.0
2015-01-03,61.0
2015-01-04,70.0
2015-01-05,67.0
2015-01-06,64.0
2015-01-07,62.0
2015-01-08,61.0
2015-01-09,68.0
2015-01-10,55.0
2015-01-11,63.0
2015-01-12,49.0
2015-01-13,76.0
2015-01-14,54.0
2015-01-15,63.0
2015-01-16,48.0
2015-01-17,40.0
2015-01-18,65.0
2015-01-19,52.0
2015-01-20,62.0
2015-01-21,57.0
2015-01-22,66.0
2015-01-23,46.0
2015-01-24,49.0
2015-01-25,51.0
2015-01-26,63.0
2015-01-27,63.0
2015-01-28,55.0
2015-01-29,56.0
2015-01-30,48.0
2015-01-31,49.0
2015-02-01,95.0
2015-02-02,64.6
2015-02-03,80.75
2015-02-04,83.6
2015-02-05,54.15
2015-02-06,51.3
2015-02-07,49.4
2015-02-08,56.05
2015-02-09,71.25
2015-02-10,45.599999999999994
2015-02-11,64.6
2015-02-12,45.599999999999994
2015-02-13,56.05
2015-02-14,34.199999999999996
2015-02-15,61.75
2015-02-16,59.849999999999994
2015-02-17,51.3
2015-02-18,60.8
2015-02-19,62.699999999999996
2015-02-20,53.199999999999996
2015-02-21,50.349999999999994
2015-02-22,38.949999999999996
2015-02-23,45.599999999999994
2015-02-24,67.45
2015-02-25,65.55
2015-02-26,54.15
2015-02-27,49.4
2015-02-28,39.9
2015-03-01,61.419999999999995
2015-03-02,66.39999999999999
2015-03-03,54.779999999999994
2015-03-04,49.8
2015-03-05,73.86999999999999
2015-03-06,70.55
2015-03-07,50.629999999999995
2015-03-08,37.35
2015-03-09,42.33
2015-03-10,69.72
2015-03-11,66.39999999999999
2015-03-12,83.0
2015-03-13,58.099999999999994
2015-03-14,61.419999999999995
2015-03-15,58.93
2015-03-16,63.91
2015-03-17,51.46
2015-03-18,70.55
2015-03-19,78.85
2015-03-20,59.76
2015-03-21,37.35
2015-03-22,34.86
2015-03-23,61.419999999999995
2015-03-24,62.25
2015-03-25,55.61
2015-03-26,60.589999999999996
2015-03-27,51.46
2015-03-28,53.949999999999996
2015-03-29,45.65
2015-03-30,62.25
2015-03-31,60.589999999999996
2015-04-01,59.29
2015-04-02,53.9
2015-04-03,41.58
2015-04-04,69.3
2015-04-05,57.75
2015-04-06,64.68
2015-04-07,66.22
2015-04-08,68.53
2015-04-09,47.74
2015-04-10,56.980000000000004
2015-04-11,48.51
2015-04-12,39.27
2015-04-13,35.42
2015-04-14,66.99
2015-04-15,52.36
2015-04-16,62.370000000000005
2015-04-17,51.59
2015-04-18,23.1
2015-04-19,53.13
2015-04-20,77.0
2015-04-21,58.52
2015-04-22,56.980000000000004
2015-04-23,51.59
2015-04-24,25.41
2015-04-25,50.050000000000004
2015-04-26,41.58
2015-04-27,43.89
2015-04-28,47.74
2015-04-29,72.38
2015-04-30,46.2
2015-05-01,39.76
2015-05-02,41.89
2015-05-03,71.0
2015-05-04,53.25
2015-05-05,62.48
2015-05-06,49.699999999999996
2015-05-07,56.8
2015-05-08,52.54
2015-05-09,39.05
2015-05-10,27.689999999999998
2015-05-11,42.599999999999994
2015-05-12,53.959999999999994
2015-05-13,39.05
2015-05-14,31.24
2015-05-15,32.66
2015-05-16,38.339999999999996
2015-05-17,36.21
2015-05-18,41.89
2015-05-19,39.76
2015-05-20,53.959999999999994
2015-05-21,33.37
2015-05-22,40.47
2015-05-23,42.599999999999994
2015-05-24,48.28
2015-05-25,24.849999999999998
2015-05-26,51.12
2015-05-27,63.19
2015-05-28,29.82
2015-05-29,29.11
2015-05-30,24.14
2015-05-31,21.299999999999997
2015-06-01,58.4
2015-06-02,53.29
2015-06-03,37.23
2015-06-04,48.18
2015-06-05,46.72
2015-06-06,54.75
2015-06-07,38.69
2015-06-08,38.69
2015-06-09,48.91
2015-06-10,59.129999999999995
2015-06-11,50.37
2015-06-12,40.15
2015-06-13,48.18
2015-06-14,40.879999999999995
2015-06-15,32.85
2015-06-16,47.449999999999996
2015-06-17,45.99
2015-06-18,73.0
2015-06-19,48.91
2015-06-20,29.93
2015-06-21,56.21
2015-06-22,51.83
2015-06-23,53.29
2015-06-24,40.879999999999995
2015-06-25,38.69
2015-06-26,40.15
2015-06-27,49.64
2015-06-28,44.53
2015-06-29,45.99
2015-06-30,54.75
2015-07-01,54.0
2015-07-02,66.75
2015-07-03,54.75
2015-07-04,39.0
2015-07-05,63.0
2015-07-06,61.5
2015-07-07,63.75
2015-07-08,52.5
2015-07-09,75.0
2015-07-10,51.0
2015-07-11,33.75
2015-07-12,64.5
2015-07-13,54.75
2015-07-14,59.25
2015-07-15,58.5
2015-07-16,61.5
2015-07-17,40.5
2015-07-18,38.25
2015-07-19,34.5
2015-07-20,61.5
2015-07-21,46.5
2015-07-22,51.75
2015-07-23,45.75
2015-07-24,43.5
2015-07-25,30.75
2015-07-26,46.5
2015-07-27,61.5
2015-07-28,60.0
2015-07-29,54.75
2015-07-30,56.25
2015-07-31,51.75
2015-08-01,43.89
2015-08-02,46.97
2015-08-03,62.370000000000005
2015-08-04,50.82
2015-08-05,66.99
2015-08-06,72.38
2015-08-07,60.06
2015-08-08,46.97
2015-08-09,47.74
2015-08-10,58.52
2015-08-11,77.0
2015-08-12,60.83
2015-08-13,54.67
2015-08-14,58.52
2015-08-15,66.99
2015-08-16,76.23
2015-08-17,47.74
2015-08-18,55.44
2015-08-19,54.67
2015-08-20,62.370000000000005
2015-08-21,53.9
2015-08-22,39.27
2015-08-23,40.04
2015-08-24,60.83
2015-08-25,47.74
2015-08-26,68.53
2015-08-27,63.910000000000004
2015-08-28,42.35
2015-08-29,66.99
2015-08-30,68.53
2015-08-31,67.76
2015-09-01,47.559999999999995
2015-09-02,60.68
2015-09-03,67.24
2015-09-04,54.12
2015-09-05,42.64
2015-09-06,47.559999999999995
2015-09-07,41.0
2015-09-08,45.099999999999994
2015-09-09,51.66
2015-09-10,55.76
2015-09-11,48.379999999999995
2015-09-12,50.839999999999996
2015-09-13,82.0
2015-09-14,57.4
2015-09-15,53.3
2015-09-16,68.06
2015-09-17,44.279999999999994
2015-09-18,67.24
2015-09-19,73.8
2015-09-20,46.739999999999995
2015-09-21,52.48
2015-09-22,53.3
2015-09-23,41.0
2015-09-24,51.66
2015-09-25,42.64
2015-09-26,47.559999999999995
2015-09-27,64.78
2015-09-28,51.66
2015-09-29,36.08
2015-09-30,45.099999999999994
2015-10-01,48.879999999999995
2015-10-02,48.879999999999995
2015-10-03,69.56
2015-10-04,91.17999999999999
2015-10-05,67.67999999999999
2015-10-06,57.339999999999996
2015-10-07,83.66
2015-10-08,78.02
2015-10-09,72.38
2015-10-10,76.14
2015-10-11,45.12
2015-10-12,62.04
2015-10-13,71.44
2015-10-14,70.5
2015-10-15,73.32
2015-10-16,73.32
2015-10-17,77.08
2015-10-18,67.67999999999999
2015-10-19,47.94
2015-10-20,94.0
2015-10-21,84.6
2015-10-22,72.38
2015-10-23,60.16
2015-10-24,53.58
2015-10-25,65.8
2015-10-26,47.94
2015-10-27,75.19999999999999
2015-10-28,82.72
2015-10-29,76.14
2015-10-30,42.3
2015-10-31,68.61999999999999
2015-11-01,65.86
2015-11-02,72.09
2015-11-03,55.18
2015-11-04,78.32000000000001
2015-11-05,66.75
2015-11-06,48.95
2015-11-07,48.95
2015-11-08,53.4
2015-11-09,53.4
2015-11-10,75.65
2015-11-11,87.22
2015-11-12,62.300000000000004
2015-11-13,72.98
2015-11-14,64.97
2015-11-15,59.63
2015-11-16,72.98
2015-11-17,89.0
2015-11-18,56.07
2015-11-19,56.07
2015-11-20,67.64
2015-11-21,59.63
2015-11-22,50.730000000000004
2015-11-23,47.17
2015-11-24,58.74
2015-11-25,48.06
2015-11-26,48.06
2015-11-27,52.51
2015-11-28,43.61
2015-11-29,56.07
2015-11-30,58.74
2015-12-01,37.41
2015-12-02,62.64
2015-12-03,54.81
2015-12-04,67.86
2015-12-05,58.29
2015-12-06,70.47
2015-12-07,87.0
2015-12-08,73.95
2015-12-09,70.47
2015-12-10,38.28
2015-12-11,80.91
2015-12-12,69.6
2015-12-13,58.29
2015-12-14,57.42
2015-12-15,70.47
2015-12-16,52.2
2015-12-17,53.94
2015-12-18,28.71
2015-12-19,37.41
2015-12-20,55.68
2015-12-21,54.81
2015-12-22,40.02
2015-12-23,64.38
2015-12-24,45.24
2015-12-25,54.81
2015-12-26,40.89
2015-12-27,52.2
2015-12-28,59.16
2015-12-29,58.29
2015-12-30,66.99
2015-12-31,80.91
2016-01-01,65.12
2016-01-02,44.0
2016-01-03,62.48
2016-01-04,66.88
2016-01-05,88.0
2016-01-06,58.96
2016-01-07,69.52
2016-01-08,46.64
2016-01-09,49.28
2016-01-10,54.56
2016-01-11,55.44
2016-01-12,74.8
2016-01-13,70.4
2016-01-14,51.04
2016-01-15,60.72
2016-01-16,62.48
2016-01-17,49.28
2016-01-18,57.2
2016-01-19,53.68
2016-01-20,73.04
2016-01-21,42.24
2016-01-22,51.04
2016-01-23,37.84
2016-01-24,83.6
2016-01-25,47.52
2016-01-26,76.56
2016-01-27,74.8
2016-01-28,79.2
2016-01-29,49.28
2016-01-30,52.8
2016-01-31,46.64
2016-02-01,64.80000000000001
2016-02-02,72.9
2016-02-03,69.66000000000001
2016-02-04,61.56
2016-02-05,56.7
2016-02-06,40.5
2016-02-07,81.0
2016-02-08,72.09
2016-02-09,59.940000000000005
2016-02-10,69.66000000000001
2016-02-11,41.31
2016-02-12,55.080000000000005
2016-02-13,54.27
2016-02-14,34.830000000000005
2016-02-15,63.18000000000001
2016-02-16,49.410000000000004
2016-02-17,75.33
2016-02-18,59.13
2016-02-19,57.510000000000005
2016-02-20,34.02
2016-02-21,42.93
2016-02-22,44.550000000000004
2016-02-23,55.89
2016-02-24,68.04
2016-02-25,74.52000000000001
2016-02-26,51.03
2016-02-27,62.370000000000005
2016-02-28,41.31
2016-02-29,47.790000000000006
2016-03-01,48.64
2016-03-02,50.92
2016-03-03,59.28
2016-03-04,42.56
2016-03-05,56.24
2016-03-06,50.160000000000004
2016-03-07,69.16
2016-03-08,67.64
2016-03-09,70.68
2016-03-10,56.24
2016-03-11,56.24
2016-03-12,47.88
2016-03-13,44.08
2016-03-14,76.0
2016-03-15,53.2
2016-03-16,50.160000000000004
2016-03-17,68.4
2016-03-18,56.24
2016-03-19,44.84
2016-03-20,41.04
2016-03-21,60.04
2016-03-22,51.68
2016-03-23,58.52
2016-03-24,44.84
2016-03-25,49.4
2016-03-26,49.4
2016-03-27,34.2
2016-03-28,34.96
2016-03-29,53.96
2016-03-30,38.0
2016-03-31,66.12
2016-04-01,49.92
2016-04-02,46.800000000000004
2016-04-03,64.74000000000001
2016-04-04,64.74000000000001
2016-04-05,78.0
2016-04-06,71.76
2016-04-07,62.400000000000006
2016-04-08,50.7
2016-04-09,62.400000000000006
2016-04-10,44.46
2016-04-11,74.88
2016-04-12,61.620000000000005
2016-04-13,70.98
2016-04-14,53.04
2016-04-15,56.940000000000005
2016-04-16,37.44
2016-04-17,34.32
2016-04-18,66.3
2016-04-19,63.18
2016-04-20,65.52
2016-04-21,59.28
2016-04-22,63.18
2016-04-23,44.46
2016-04-24,48.36
2016-04-25,68.64
2016-04-26,66.3
2016-04-27,67.08
2016-04-28,70.98
2016-04-29,46.800000000000004
2016-04-30,47.58
2016-05-01,43.89
2016-05-02,47.74
2016-05-03,60.83
2016-05-04,68.53
2016-05-05,51.59
2016-05-06,65.45
2016-05-07,57.75
2016-05-08,44.660000000000004
2016-05-09,73.15
2016-05-10,77.0
2016-05-11,51.59
2016-05-12,62.370000000000005
2016-05-13,51.59
2016-05-14,36.96
2016-05-15,43.120000000000005
2016-05-16,54.67
2016-05-17,73.92
2016-05-18,53.13
2016-05-19,40.04
2016-05-20,59.29
2016-05-21,44.660000000000004
2016-05-22,37.730000000000004
2016-05-23,50.050000000000004
2016-05-24,40.04
2016-05-25,55.44
2016-05-26,66.22
2016-05-27,56.21
2016-05-28,31.57
2016-05-29,50.82
2016-05-30,32.34
2016-05-31,56.21
2016-06-01,71.0
2016-06-02,56.8
2016-06-03,42.599999999999994
2016-06-04,59.64
2016-06-05,38.339999999999996
2016-06-06,54.669999999999995
2016-06-07,48.989999999999995
2016-06-08,52.54
2016-06-09,53.959999999999994
2016-06-10,56.8
2016-06-11,50.41
2016-06-12,33.37
2016-06-13,69.58
2016-06-14,50.41
2016-06-15,46.86
2016-06-16,38.339999999999996
2016-06-17,35.5
2016-06-18,41.89
2016-06-19,35.5
2016-06-20,40.47
2016-06-21,45.44
2016-06-22,49.699999999999996
2016-06-23,27.689999999999998
2016-06-24,41.18
2016-06-25,45.44
2016-06-26,43.309999999999995
2016-06-27,51.83
2016-06-28,32.66
2016-06-29,42.599999999999994
2016-06-30,47.57
2016-07-01,33.800000000000004
2016-07-02,21.45
2016-07-03,32.5
2016-07-04,34.45
2016-07-05,50.050000000000004
2016-07-06,46.800000000000004
2016-07-07,40.95
2016-07-08,40.300000000000004
2016-07-09,36.4
2016-07-10,34.45
2016-07-11,42.25
2016-07-12,65.0
2016-07-13,50.050000000000004
2016-07-14,33.800000000000004
2016-07-15,31.85
2016-07-16,40.300000000000004
2016-07-17,28.6
2016-07-18,48.1
2016-07-19,46.15
2016-07-20,53.95
2016-07-21,35.75
2016-07-22,37.050000000000004
2016-07-23,24.7
2016-07-24,29.900000000000002
2016-07-25,42.9
2016-07-26,51.35
2016-07-27,63.7
2016-07-28,40.95
2016-07-29,49.4
2016-07-30,35.75
2016-07-31,29.25
2016-08-01,52.5
2016-08-02,62.99999999999999
2016-08-03,56.699999999999996
2016-08-04,54.599999999999994
2016-08-05,66.5
2016-08-06,70.0
2016-08-07,59.49999999999999
2016-08-08,61.599999999999994
2016-08-09,60.199999999999996
2016-08-10,63.699999999999996
2016-08-11,51.8
2016-08-12,68.6
2016-08-13,42.0
2016-08-14,57.4
2016-08-15,50.4
2016-08-16,58.099999999999994
2016-08-17,55.3
2016-08-18,58.099999999999994
2016-08-19,42.0
2016-08-20,51.8
2016-08-21,53.199999999999996
2016-08-22,59.49999999999999
2016-08-23,56.699999999999996
2016-08-24,50.4
2016-08-25,35.699999999999996
2016-08-26,55.3
2016-08-27,51.8
2016-08-28,51.8
2016-08-29,56.0
2016-08-30,67.89999999999999
2016-08-31,53.199999999999996
2016-09-01,45.14
2016-09-02,44.4
2016-09-03,41.44
2016-09-04,49.58
2016-09-05,34.04
2016-09-06,45.88
2016-09-07,57.72
2016-09-08,60.68
2016-09-09,74.0
2016-09-10,62.9
2016-09-11,55.5
2016-09-12,53.28
2016-09-13,53.28
2016-09-14,53.28
2016-09-15,53.28
2016-09-16,52.54
2016-09-17,59.2
2016-09-18,72.52
2016-09-19,52.54
2016-09-20,47.36
2016-09-21,48.839999999999996
2016-09-22,62.9
2016-09-23,57.72
2016-09-24,42.92
2016-09-25,48.839999999999996
2016-09-26,64.38
2016-09-27,68.82
2016-09-28,48.1
2016-09-29,62.16
2016-09-30,48.1
2016-10-01,73.86999999999999
2016-10-02,63.08
2016-10-03,62.25
2016-10-04,65.57
2016-10-05,82.17
2016-10-06,63.08
2016-10-07,52.29
2016-10-08,48.14
2016-10-09,46.48
2016-10-10,63.91
2016-10-11,69.72
2016-10-12,74.7
2016-10-13,55.61
2016-10-14,63.08
2016-10-15,78.85
2016-10-16,72.21
2016-10-17,60.589999999999996
2016-10-18,81.33999999999999
2016-10-19,56.44
2016-10-20,57.269999999999996
2016-10-21,61.419999999999995
2016-10-22,55.61
2016-10-23,70.55
2016-10-24,53.12
2016-10-25,58.93
2016-10-26,68.06
2016-10-27,58.93
2016-10-28,83.0
2016-10-29,65.57
2016-10-30,61.419999999999995
2016-10-31,45.65
2016-11-01,41.76
2016-11-02,48.239999999999995
2016-11-03,54.0
2016-11-04,54.72
2016-11-05,41.76
2016-11-06,43.92
2016-11-07,66.24
2016-11-08,56.879999999999995
2016-11-09,38.16
2016-11-10,43.199999999999996
2016-11-11,36.72
2016-11-12,30.959999999999997
2016-11-13,26.64
2016-11-14,28.799999999999997
2016-11-15,32.4
2016-11-16,46.08
2016-11-17,46.08
2016-11-18,37.44
2016-11-19,42.48
2016-11-20,48.96
2016-11-21,36.0
2016-11-22,30.24
2016-11-23,26.64
2016-11-24,64.8
2016-11-25,30.24
2016-11-26,72.0
2016-11-27,33.839999999999996
2016-11-28,34.56
2016-11-29,36.0
2016-11-30,34.56
2016-12-01,46.15
2016-12-02,44.85
2016-12-03,50.050000000000004
2016-12-04,54.6
2016-12-05,39.0
2016-12-06,38.35
2016-12-07,40.95
2016-12-08,65.0
2016-12-09,35.75
2016-12-10,49.4
2016-12-11,57.85
2016-12-12,50.050000000000004
2016-12-13,52.65
2016-12-14,44.2
2016-12-15,37.7
2016-12-16,35.75
2016-12-17,40.95
2016-12-18,51.35
2016-12-19,35.1
2016-12-20,30.55
2016-12-21,31.200000000000003
2016-12-22,26.650000000000002
2016-12-23,24.7
2016-12-24,40.95
2016-12-25,40.300000000000004
2016-12-26,39.65
2016-12-27,35.1
2016-12-28,37.050000000000004
2016-12-29,37.050000000000004
2016-12-30,26.650000000000002
2016-12-31,53.300000000000004
2017-01-01,42.35
2017-01-02,35.42
2017-01-03,33.88
2017-01-04,46.2
2017-01-05,57.75
2017-01-06,46.2
2017-01-07,32.34
2017-01-08,46.2
2017-01-09,53.9
2017-01-10,56.980000000000004
2017-01-11,47.74
2017-01-12,52.36
2017-01-13,49.28
2017-01-14,40.04
2017-01-15,41.58
2017-01-16,53.13
2017-01-17,53.9
2017-01-18,44.660000000000004
2017-01-19,73.15
2017-01-20,77.0
2017-01-21,41.58
2017-01-22,53.9
2017-01-23,53.13
2017-01-24,50.050000000000004
2017-01-25,56.980000000000004
2017-01-26,39.27
2017-01-27,50.82
2017-01-28,36.96
2017-01-29,48.51
2017-01-30,44.660000000000004
2017-01-31,46.97
2017-02-01,46.199999999999996
2017-02-02,44.099999999999994
2017-02-03,51.8
2017-02-04,58.8
2017-02-05,51.099999999999994
2017-02-06,62.3
2017-02-07,53.9
2017-02-08,36.4
2017-02-09,42.0
2017-02-10,43.4
2017-02-11,45.5
2017-02-12,28.0
2017-02-13,56.0
2017-02-14,55.3
2017-02-15,39.9
2017-02-16,46.9
2017-02-17,45.5
2017-02-18,56.0
2017-02-19,39.199999999999996
2017-02-20,57.4
2017-02-21,53.9
2017-02-22,70.0
2017-02-23,37.8
2017-02-24,53.199999999999996
2017-02-25,30.099999999999998
2017-02-26,46.9
2017-02-27,62.99999999999999
2017-02-28,33.599999999999994
2017-03-01,51.75
2017-03-02,37.5
2017-03-03,21.75
2017-03-04,34.5
2017-03-05,34.5
2017-03-06,39.75
2017-03-07,54.75
2017-03-08,42.0
2017-03-09,43.5
2017-03-10,48.0
2017-03-11,48.75
2017-03-12,42.75
2017-03-13,37.5
2017-03-14,45.75
2017-03-15,27.0
2017-03-16,75.0
2017-03-17,63.75
2017-03-18,39.0
2017-03-19,42.75
2017-03-20,54.0
2017-03-21,41.25
2017-03-22,45.75
2017-03-23,44.25
2017-03-24,48.75
2017-03-25,34.5
2017-03-26,35.25
2017-03-27,48.0
2017-03-28,52.5
2017-03-29,39.75
2017-03-30,39.75
2017-03-31,43.5
2017-04-01,36.480000000000004
2017-04-02,33.28
2017-04-03,50.56
2017-04-04,64.0
2017-04-05,45.44
2017-04-06,54.4
2017-04-07,33.28
2017-04-08,35.84
2017-04-09,40.32
2017-04-10,32.64
2017-04-11,44.800000000000004
2017-04-12,40.96
2017-04-13,49.28
2017-04-14,30.72
2017-04-15,26.88
2017-04-16,35.84
2017-04-17,58.88
2017-04-18,48.64
2017-04-19,45.44
2017-04-20,33.92
2017-04-21,39.68
2017-04-22,39.04
2017-04-23,29.44
2017-04-24,45.44
2017-04-25,44.160000000000004
2017-04-26,59.52
2017-04-27,49.28
2017-04-28,49.92
2017-04-29,37.76
2017-04-30,32.0
2017-05-01,63.0
2017-05-02,54.18
2017-05-03,39.06
2017-05-04,50.4
2017-05-05,54.81
2017-05-06,53.55
2017-05-07,25.2
2017-05-08,43.47
2017-05-09,35.28
2017-05-10,47.25
2017-05-11,38.43
2017-05-12,28.35
2017-05-13,25.830000000000002
2017-05-14,30.87
2017-05-15,39.69
2017-05-16,31.5
2017-05-17,37.8
2017-05-18,41.58
2017-05-19,34.02
2017-05-20,23.94
2017-05-21,25.2
2017-05-22,35.910000000000004
2017-05-23,38.43
2017-05-24,40.32
2017-05-25,34.02
2017-05-26,26.46
2017-05-27,37.8
2017-05-28,38.43
2017-05-29,38.43
2017-05-30,48.51
2017-05-31,41.58
2017-06-01,42.18
2017-06-02,45.029999999999994
2017-06-03,36.48
2017-06-04,37.62
2017-06-05,41.04
2017-06-06,44.459999999999994
2017-06-07,39.33
2017-06-08,56.99999999999999
2017-06-09,31.349999999999998
2017-06-10,43.88999999999999
2017-06-11,22.799999999999997
2017-06-12,27.36
2017-06-13,33.059999999999995
2017-06-14,42.74999999999999
2017-06-15,43.88999999999999
2017-06-16,44.459999999999994
2017-06-17,40.47
2017-06-18,42.74999999999999
2017-06-19,37.05
2017-06-20,42.74999999999999
2017-06-21,44.459999999999994
2017-06-22,46.739999999999995
2017-06-23,35.339999999999996
2017-06-24,39.9
2017-06-25,29.639999999999997
2017-06-26,33.629999999999995
2017-06-27,31.349999999999998
2017-06-28,47.309999999999995
2017-06-29,35.339999999999996
2017-06-30,31.349999999999998
2017-07-01,18.46
2017-07-02,23.43
2017-07-03,71.0
2017-07-04,62.48
2017-07-05,59.64
2017-07-06,41.18
2017-07-07,44.73
2017-07-08,28.4
2017-07-09,34.08
2017-07-10,37.629999999999995
2017-07-11,37.629999999999995
2017-07-12,41.18
2017-07-13,28.4
2017-07-14,27.689999999999998
2017-07-15,45.44
2017-07-16,35.5
2017-07-17,32.66
2017-07-18,26.979999999999997
2017-07-19,30.529999999999998
2017-07-20,31.95
2017-07-21,31.95
2017-07-22,24.14
2017-07-23,39.05
2017-07-24,44.019999999999996
2017-07-25,39.05
2017-07-26,29.82
2017-07-27,20.59
2017-07-28,25.56
2017-07-29,29.82
2017-07-30,28.4
2017-07-31,31.95
2017-08-01,36.18
2017-08-02,44.89
2017-08-03,40.870000000000005
2017-08-04,36.18
2017-08-05,32.160000000000004
2017-08-06,42.21
2017-08-07,45.56
2017-08-08,67.0
2017-08-09,62.31
2017-08-10,59.63
2017-08-11,48.910000000000004
2017-08-12,36.18
2017-08-13,41.54
2017-08-14,34.17
2017-08-15,42.88
2017-08-16,38.190000000000005
2017-08-17,55.61000000000001
2017-08-18,48.24
2017-08-19,28.810000000000002
2017-08-20,36.18
2017-08-21,56.28
2017-08-22,48.910000000000004
2017-08-23,58.96
2017-08-24,28.810000000000002
2017-08-25,38.86
2017-08-26,48.24
2017-08-27,44.89
2017-08-28,38.86
2017-08-29,53.6
2017-08-30,31.490000000000002
2017-08-31,48.24
2017-09-01,46.9
2017-09-02,53.9
2017-09-03,39.9
2017-09-04,41.3
2017-09-05,57.4
2017-09-06,47.599999999999994
2017-09-07,39.9
2017-09-08,53.9
2017-09-09,70.0
2017-09-10,69.3
2017-09-11,44.8
2017-09-12,48.3
2017-09-13,48.3
2017-09-14,45.5
2017-09-15,42.0
2017-09-16,44.099999999999994
2017-09-17,58.8
2017-09-18,60.9
2017-09-19,44.8
2017-09-20,51.8
2017-09-21,56.699999999999996
2017-09-22,41.3
2017-09-23,37.099999999999994
2017-09-24,67.89999999999999
2017-09-25,54.599999999999994
2017-09-26,53.9
2017-09-27,33.599999999999994
2017-09-28,37.8
2017-09-29,58.8
2017-09-30,60.199999999999996
2017-10-01,46.230000000000004
2017-10-02,64.99000000000001
2017-10-03,50.25
2017-10-04,49.580000000000005
2017-10-05,52.260000000000005
2017-10-06,50.92
2017-10-07,42.88
2017-10-08,54.27
2017-10-09,40.870000000000005
2017-10-10,41.54
2017-10-11,55.61000000000001
2017-10-12,47.57
2017-10-13,56.28
2017-10-14,44.89
2017-10-15,43.550000000000004
2017-10-16,51.59
2017-10-17,49.580000000000005
2017-10-18,49.580000000000005
2017-10-19,40.2
2017-10-20,40.2
2017-10-21,36.18
2017-10-22,40.2
2017-10-23,45.56
2017-10-24,55.61000000000001
2017-10-25,67.0
2017-10-26,56.28
2017-10-27,47.57
2017-10-28,59.63
2017-10-29,50.92
2017-10-30,40.870000000000005
2017-10-31,50.25
2017-11-01,52.65
2017-11-02,42.25
2017-11-03,50.050000000000004
2017-11-04,48.1
2017-11-05,50.050000000000004
2017-11-06,45.5
2017-11-07,46.15
2017-11-08,46.800000000000004
2017-11-09,50.7
2017-11-10,41.6
2017-11-11,55.9
2017-11-12,33.15
2017-11-13,48.75
2017-11-14,46.800000000000004
2017-11-15,40.300000000000004
2017-11-16,53.300000000000004
2017-11-17,65.0
2017-11-18,43.550000000000004
2017-11-19,50.050000000000004
2017-11-20,48.1
2017-11-21,41.6
2017-11-22,36.4
2017-11-23,41.6
2017-11-24,33.800000000000004
2017-11-25,33.800000000000004
2017-11-26,33.15
2017-11-27,29.900000000000002
2017-11-28,42.9
2017-11-29,36.4
2017-11-30,53.300000000000004
2017-12-01,38.94
2017-12-02,43.07
2017-12-03,38.35
2017-12-04,50.739999999999995
2017-12-05,37.76
2017-12-06,36.58
2017-12-07,53.099999999999994
2017-12-08,30.68
2017-12-09,57.23
2017-12-10,59.0
2017-12-11,35.4
2017-12-12,41.3
2017-12-13,33.629999999999995
2017-12-14,40.71
2017-12-15,38.35
2017-12-16,43.07
2017-12-17,25.369999999999997
2017-12-18,40.71
2017-12-19,48.97
2017-12-20,45.43
2017-12-21,33.629999999999995
2017-12-22,37.76
2017-12-23,34.22
2017-12-24,38.94
2017-12-25,39.53
2017-12-26,37.76
2017-12-27,35.4
2017-12-28,38.35
2017-12-29,34.809999999999995
2017-12-30,35.4
2017-12-31,43.66
2018-01-01,28.999999999999996
2018-01-02,38.279999999999994
2018-01-03,30.74
2018-01-04,43.5
2018-01-05,31.319999999999997
2018-01-06,48.72
2018-01-07,37.699999999999996
2018-01-08,40.019999999999996
2018-01-09,55.67999999999999
2018-01-10,47.559999999999995
2018-01-11,49.3
2018-01-12,31.9
2018-01-13,38.86
2018-01-14,49.879999999999995
2018-01-15,35.96
2018-01-16,32.48
2018-01-17,38.279999999999994
2018-01-18,35.379999999999995
2018-01-19,42.339999999999996
2018-01-20,22.04
2018-01-21,47.559999999999995
2018-01-22,44.08
2018-01-23,46.4
2018-01-24,33.64
2018-01-25,40.019999999999996
2018-01-26,42.339999999999996
2018-01-27,31.319999999999997
2018-01-28,35.379999999999995
2018-01-29,45.239999999999995
2018-01-30,57.99999999999999
2018-01-31,57.99999999999999
2018-02-01,41.580000000000005
2018-02-02,42.9
2018-02-03,40.260000000000005
2018-02-04,66.0
2018-02-05,46.2
2018-02-06,59.400000000000006
2018-02-07,51.480000000000004
2018-02-08,38.28
2018-02-09,42.9
2018-02-10,33.660000000000004
2018-02-11,38.940000000000005
2018-02-12,44.22
2018-02-13,41.580000000000005
2018-02-14,52.800000000000004
2018-02-15,54.120000000000005
2018-02-16,46.86
2018-02-17,36.96
2018-02-18,35.64
2018-02-19,44.22
2018-02-20,36.300000000000004
2018-02-21,44.22
2018-02-22,40.92
2018-02-23,51.480000000000004
2018-02-24,39.6
2018-02-25,30.360000000000003
2018-02-26,36.96
2018-02-27,50.160000000000004
2018-02-28,36.96
2018-03-01,62.0
2018-03-02,53.94
2018-03-03,26.66
2018-03-04,29.759999999999998
2018-03-05,60.14
2018-03-06,41.54
2018-03-07,38.44
2018-03-08,58.28
2018-03-09,54.56
2018-03-10,45.26
2018-03-11,30.38
2018-03-12,38.44
2018-03-13,31.62
2018-03-14,34.72
2018-03-15,58.28
2018-03-16,46.5
2018-03-17,36.58
2018-03-18,42.78
2018-03-19,36.58
2018-03-20,44.02
2018-03-21,37.82
2018-03-22,34.72
2018-03-23,35.96
2018-03-24,27.28
2018-03-25,37.2
2018-03-26,47.12
2018-03-27,44.02
2018-03-28,41.54
2018-03-29,29.759999999999998
2018-03-30,35.339999999999996
2018-03-31,48.98
2018-04-01,33.88
2018-04-02,77.0
2018-04-03,57.75
2018-04-04,33.11
2018-04-05,30.03
2018-04-06,29.26
2018-04-07,19.25
2018-04-08,20.79
2018-04-09,20.79
2018-04-10,24.64
2018-04-11,23.87
2018-04-12,21.560000000000002
2018-04-13,21.560000000000002
2018-04-14,20.02
2018-04-15,22.330000000000002
2018-04-16,22.330000000000002
2018-04-17,21.560000000000002
2018-04-18,23.1
2018-04-19,30.8
2018-04-20,16.94
2018-04-21,15.4
2018-04-22,18.48
2018-04-23,13.86
2018-04-24,24.64
2018-04-25,19.25
2018-04-26,16.94
2018-04-27,20.79
2018-04-28,16.94
2018-04-29,20.79
2018-04-30,23.1
2018-05-01,44.25
2018-05-02,51.33
2018-05-03,51.919999999999995
2018-05-04,37.169999999999995
2018-05-05,51.919999999999995
2018-05-06,41.3
2018-05-07,35.989999999999995
2018-05-08,59.0
2018-05-09,46.019999999999996
2018-05-10,40.12
2018-05-11,47.79
2018-05-12,37.76
2018-05-13,37.169999999999995
2018-05-14,44.25
2018-05-15,44.25
2018-05-16,38.94
2018-05-17,46.61
2018-05-18,37.76
2018-05-19,33.629999999999995
2018-05-20,46.61
2018-05-21,35.989999999999995
2018-05-22,38.94
2018-05-23,47.199999999999996
2018-05-24,34.809999999999995
2018-05-25,41.3
2018-05-26,28.91
2018-05-27,34.809999999999995
2018-05-28,35.989999999999995
2018-05-29,39.53
2018-05-30,41.89
2018-05-31,48.379999999999995
2018-06-01,28.32
2018-06-02,43.66
2018-06-03,43.66
2018-06-04,38.94
2018-06-05,35.989999999999995
2018-06-06,48.97
2018-06-07,35.4
2018-06-08,35.989999999999995
2018-06-09,27.729999999999997
2018-06-10,38.94
2018-06-11,35.989999999999995
2018-06-12,56.05
2018-06-13,47.79
2018-06-14,59.0
2018-06-15,51.33
2018-06-16,40.71
2018-06-17,50.15
2018-06-18,43.07
2018-06-19,41.3
2018-06-20,54.87
2018-06-21,44.25
2018-06-22,40.12
2018-06-23,39.53
2018-06-24,25.369999999999997
2018-06-25,43.07
2018-06-26,34.22
2018-06-27,43.07
2018-06-28,41.3
2018-06-29,33.04
2018-06-30,29.5
2018-07-01,41.580000000000005
2018-07-02,32.940000000000005
2018-07-03,34.02
2018-07-04,28.080000000000002
2018-07-05,35.1
2018-07-06,34.56
2018-07-07,17.28
2018-07-08,18.36
2018-07-09,31.860000000000003
2018-07-10,38.34
2018-07-11,54.0
2018-07-12,24.840000000000003
2018-07-13,43.74
2018-07-14,38.88
2018-07-15,25.380000000000003
2018-07-16,26.46
2018-07-17,27.540000000000003
2018-07-18,23.220000000000002
2018-07-19,33.480000000000004
2018-07-20,24.840000000000003
2018-07-21,14.580000000000002
2018-07-22,21.060000000000002
2018-07-23,34.02
2018-07-24,27.0
2018-07-25,31.860000000000003
2018-07-26,37.260000000000005
2018-07-27,24.840000000000003
2018-07-28,26.46
2018-07-29,31.32
2018-07-30,29.700000000000003
2018-07-31,29.700000000000003
2018-08-01,23.520000000000003
2018-08-02,33.040000000000006
2018-08-03,38.64
2018-08-04,30.240000000000002
2018-08-05,30.800000000000004
2018-08-06,53.2
2018-08-07,33.6
2018-08-08,33.6
2018-08-09,30.240000000000002
2018-08-10,34.720000000000006
2018-08-11,33.040000000000006
2018-08-12,29.120000000000005
2018-08-13,33.6
2018-08-14,56.00000000000001
2018-08-15,44.24
2018-08-16,34.720000000000006
2018-08-17,36.96
2018-08-18,21.28
2018-08-19,33.040000000000006
2018-08-20,33.040000000000006
2018-08-21,43.120000000000005
2018-08-22,32.480000000000004
2018-08-23,38.080000000000005
2018-08-24,45.36000000000001
2018-08-25,30.800000000000004
2018-08-26,21.28
2018-08-27,33.6
2018-08-28,47.6
2018-08-29,29.120000000000005
2018-08-30,45.36000000000001
2018-08-31,40.88
2018-09-01,54.81
2018-09-02,43.47
2018-09-03,39.06
2018-09-04,37.8
2018-09-05,51.660000000000004
2018-09-06,41.58
2018-09-07,59.85
2018-09-08,42.84
2018-09-09,56.7
2018-09-10,49.77
2018-09-11,57.96
2018-09-12,41.58
2018-09-13,51.660000000000004
2018-09-14,47.25
2018-09-15,28.98
2018-09-16,45.99
2018-09-17,45.99
2018-09-18,49.14
2018-09-19,47.88
2018-09-20,63.0
2018-09-21,59.85
2018-09-22,63.0
2018-09-23,47.88
2018-09-24,47.88
2018-09-25,43.47
2018-09-26,57.33
2018-09-27,48.51
2018-09-28,45.99
2018-09-29,28.98
2018-09-30,39.06
2018-10-01,44.220000000000006
2018-10-02,63.650000000000006
2018-10-03,39.53
2018-10-04,54.940000000000005
2018-10-05,45.56
2018-10-06,34.84
2018-10-07,47.57
2018-10-08,67.0
2018-10-09,60.300000000000004
2018-10-10,55.61000000000001
2018-10-11,54.940000000000005
2018-10-12,60.970000000000006
2018-10-13,50.25
2018-10-14,41.54
2018-10-15,44.220000000000006
2018-10-16,58.290000000000006
2018-10-17,46.230000000000004
2018-10-18,56.28
2018-10-19,52.93
2018-10-20,66.33
2018-10-21,32.830000000000005
2018-10-22,51.59
2018-10-23,60.300000000000004
2018-10-24,56.28
2018-10-25,48.24
2018-10-26,45.56
2018-10-27,54.27
2018-10-28,47.57
2018-10-29,39.53
2018-10-30,34.17
2018-10-31,49.580000000000005
2018-11-01,56.550000000000004
2018-11-02,58.5
2018-11-03,48.1
2018-11-04,46.15
2018-11-05,59.15
2018-11-06,65.0
2018-11-07,63.7
2018-11-08,65.0
2018-11-09,47.45
2018-11-10,46.15
2018-11-11,36.4
2018-11-12,43.550000000000004
2018-11-13,40.300000000000004
2018-11-14,43.550000000000004
2018-11-15,48.75
2018-11-16,42.9
2018-11-17,46.15
2018-11-18,31.85
2018-11-19,31.200000000000003
2018-11-20,40.300000000000004
2018-11-21,35.1
2018-11-22,39.65
2018-11-23,28.6
2018-11-24,40.95
2018-11-25,30.55
2018-11-26,42.25
2018-11-27,51.35
2018-11-28,49.4
2018-11-29,39.65
2018-11-30,39.0
2018-12-01,43.68
2018-12-02,27.560000000000002
2018-12-03,52.0
2018-12-04,45.24
2018-12-05,37.44
2018-12-06,45.760000000000005
2018-12-07,37.44
2018-12-08,32.24
2018-12-09,39.0
2018-12-10,49.4
2018-12-11,46.28
2018-12-12,45.24
2018-12-13,48.88
2018-12-14,38.480000000000004
2018-12-15,44.72
2018-12-16,29.64
2018-12-17,33.800000000000004
2018-12-18,29.12
2018-12-19,32.24
2018-12-20,24.44
2018-12-21,40.04
2018-12-22,20.28
2018-12-23,31.200000000000003
2018-12-24,28.6
2018-12-25,24.44
2018-12-26,23.92
2018-12-27,33.28
2018-12-28,28.080000000000002
2018-12-29,31.200000000000003
2018-12-30,52.0
2018-12-31,33.800000000000004
2019-01-01,39.0
2019-01-02,32.5
2019-01-03,65.0
2019-01-04,46.15
2019-01-05,37.050000000000004
2019-01-06,45.5
2019-01-07,40.300000000000004
2019-01-08,39.65
2019-01-09,41.6
2019-01-10,24.7
2019-01-11,28.6
2019-01-12,27.3
2019-01-13,33.800000000000004
2019-01-14,29.25
2019-01-15,30.55
2019-01-16,30.55
2019-01-17,18.85
2019-01-18,19.5
2019-01-19,31.85
2019-01-20,29.900000000000002
2019-01-21,26.0
2019-01-22,24.05
2019-01-23,33.800000000000004
2019-01-24,31.200000000000003
2019-01-25,24.7
2019-01-26,23.400000000000002
2019-01-27,21.45
2019-01-28,39.0
2019-01-29,35.1
2019-01-30,23.400000000000002
2019-01-31,28.6
2019-02-01,35.2
2019-02-02,42.35
2019-02-03,55.00000000000001
2019-02-04,48.95
2019-02-05,44.550000000000004
2019-02-06,39.050000000000004
2019-02-07,40.150000000000006
2019-02-08,36.300000000000004
2019-02-09,38.5
2019-02-10,34.650000000000006
2019-02-11,45.1
2019-02-12,44.550000000000004
2019-02-13,42.35
2019-02-14,43.45
2019-02-15,40.7
2019-02-16,27.500000000000004
2019-02-17,34.1
2019-02-18,31.900000000000002
2019-02-19,42.35
2019-02-20,45.650000000000006
2019-02-21,45.650000000000006
2019-02-22,36.300000000000004
2019-02-23,40.7
2019-02-24,41.25
2019-02-25,40.7
2019-02-26,40.150000000000006
2019-02-27,36.300000000000004
2019-02-28,39.050000000000004
2019-03-01,42.120000000000005
2019-03-02,42.120000000000005
2019-03-03,31.32
2019-03-04,49.14
2019-03-05,44.28
2019-03-06,51.300000000000004
2019-03-07,53.46
2019-03-08,45.900000000000006
2019-03-09,46.980000000000004
2019-03-10,31.860000000000003
2019-03-11,38.88
2019-03-12,46.980000000000004
2019-03-13,54.0
2019-03-14,48.6
2019-03-15,46.980000000000004
2019-03-16,41.040000000000006
2019-03-17,40.5
2019-03-18,44.82
2019-03-19,42.120000000000005
2019-03-20,46.980000000000004
2019-03-21,40.5
2019-03-22,38.88
2019-03-23,42.120000000000005
2019-03-24,51.300000000000004
2019-03-25,39.42
2019-03-26,45.900000000000006
2019-03-27,39.42
2019-03-28,48.6
2019-03-29,53.46
2019-03-30,47.52
2019-03-31,37.260000000000005
2019-04-01,34.8
2019-04-02,45.82
2019-04-03,40.599999999999994
2019-04-04,42.339999999999996
2019-04-05,37.12
2019-04-06,38.86
2019-04-07,38.279999999999994
2019-04-08,40.019999999999996
2019-04-09,41.18
2019-04-10,43.5
2019-04-11,41.76
2019-04-12,44.66
2019-04-13,35.96
2019-04-14,37.699999999999996
2019-04-15,36.54
2019-04-16,42.919999999999995
2019-04-17,48.72
2019-04-18,39.44
2019-04-19,57.99999999999999
2019-04-20,23.2
2019-04-21,28.999999999999996
2019-04-22,37.12
2019-04-23,35.379999999999995
2019-04-24,44.66
2019-04-25,38.86
2019-04-26,40.019999999999996
2019-04-27,32.48
2019-04-28,36.54
2019-04-29,29.58
2019-04-30,37.699999999999996
2019-05-01,38.76
2019-05-02,32.64
2019-05-03,31.11
2019-05-04,35.19
2019-05-05,32.13
2019-05-06,33.15
2019-05-07,36.21
2019-05-08,51.0
2019-05-09,38.76
2019-05-10,31.11
2019-05-11,27.54
2019-05-12,27.03
2019-05-13,36.72
2019-05-14,41.31
2019-05-15,30.6
2019-05-16,36.72
2019-05-17,27.54
2019-05-18,23.97
2019-05-19,26.01
2019-05-20,35.19
2019-05-21,35.19
2019-05-22,31.11
2019-05-23,28.05
2019-05-24,24.990000000000002
2019-05-25,24.990000000000002
2019-05-26,31.62
2019-05-27,33.660000000000004
2019-05-28,30.09
2019-05-29,34.17
2019-05-30,29.580000000000002
2019-05-31,33.15
2019-06-01,26.0
2019-06-02,23.5
2019-06-03,29.5
2019-06-04,39.5
2019-06-05,36.0
2019-06-06,38.0
2019-06-07,38.0
2019-06-08,24.5
2019-06-09,35.5
2019-06-10,35.5
2019-06-11,50.0
2019-06-12,35.0
2019-06-13,32.5
2019-06-14,22.0
2019-06-15,20.5
2019-06-16,33.0
2019-06-17,28.0
2019-06-18,39.5
2019-06-19,40.5
2019-06-20,45.5
2019-06-21,27.5
2019-06-22,18.5
2019-06-23,27.0
2019-06-24,39.5
2019-06-25,31.0
2019-06-26,32.5
2019-06-27,38.0
2019-06-28,37.0
2019-06-29,20.0
2019-06-30,27.5
2019-07-01,20.4
2019-07-02,30.09
2019-07-03,28.05
2019-07-04,51.0
2019-07-05,34.17
2019-07-06,21.42
2019-07-07,33.660000000000004
2019-07-08,34.17
2019-07-09,31.11
2019-07-10,24.48
2019-07-11,34.17
2019-07-12,29.07
2019-07-13,16.32
2019-07-14,21.42
2019-07-15,23.46
2019-07-16,30.09
2019-07-17,26.01
2019-07-18,27.54
2019-07-19,24.990000000000002
2019-07-20,20.4
2019-07-21,24.48
2019-07-22,27.54
2019-07-23,32.64
2019-07-24,30.09
2019-07-25,33.660000000000004
2019-07-26,20.4
2019-07-27,22.44
2019-07-28,23.97
2019-07-29,31.11
2019-07-30,32.13
2019-07-31,24.48
2019-08-01,38.71
2019-08-02,45.57
2019-08-03,28.419999999999998
2019-08-04,23.52
2019-08-05,39.69
2019-08-06,42.63
2019-08-07,46.06
2019-08-08,38.71
2019-08-09,37.73
2019-08-10,33.32
2019-08-11,27.439999999999998
2019-08-12,43.12
2019-08-13,42.14
2019-08-14,31.36
2019-08-15,49.0
2019-08-16,45.57
2019-08-17,24.5
2019-08-18,35.28
2019-08-19,41.65
2019-08-20,42.63
2019-08-21,35.769999999999996
2019-08-22,39.69
2019-08-23,47.04
2019-08-24,36.75
2019-08-25,28.91
2019-08-26,39.69
2019-08-27,44.589999999999996
2019-08-28,40.67
2019-08-29,33.32
2019-08-30,40.67
2019-08-31,45.08
2019-09-01,34.72
2019-09-02,29.759999999999998
2019-09-03,32.24
2019-09-04,45.26
2019-09-05,48.36
2019-09-06,32.24
2019-09-07,32.24
2019-09-08,42.16
2019-09-09,38.44
2019-09-10,39.68
2019-09-11,29.759999999999998
2019-09-12,46.5
2019-09-13,57.04
2019-09-14,44.02
2019-09-15,58.28
2019-09-16,42.16
2019-09-17,48.98
2019-09-18,38.44
2019-09-19,41.54
2019-09-20,45.88
2019-09-21,52.08
2019-09-22,45.26
2019-09-23,45.88
2019-09-24,51.46
2019-09-25,42.78
2019-09-26,62.0
2019-09-27,42.78
2019-09-28,41.54
2019-09-29,49.6
2019-09-30,48.36
2019-10-01,39.33
2019-10-02,35.91
2019-10-03,36.48
2019-10-04,46.169999999999995
2019-10-05,35.91
2019-10-06,31.349999999999998
2019-10-07,41.04
2019-10-08,43.88999999999999
2019-10-09,56.99999999999999
2019-10-10,47.879999999999995
2019-10-11,54.72
2019-10-12,44.459999999999994
2019-10-13,41.04
2019-10-14,34.199999999999996
2019-10-15,47.879999999999995
2019-10-16,33.059999999999995
2019-10-17,43.31999999999999
2019-10-18,38.76
2019-10-19,29.069999999999997
2019-10-20,43.88999999999999
2019-10-21,33.629999999999995
2019-10-22,43.88999999999999
2019-10-23,34.199999999999996
2019-10-24,38.76
2019-10-25,33.629999999999995
2019-10-26,33.059999999999995
2019-10-27,34.769999999999996
2019-10-28,40.47
2019-10-29,37.62
2019-10-30,38.76
2019-10-31,31.919999999999998
2019-11-01,41.31
2019-11-02,39.27
2019-11-03,25.5
2019-11-04,42.84
2019-11-05,38.76
2019-11-06,41.82
2019-11-07,33.660000000000004
2019-11-08,39.27
2019-11-09,43.86
2019-11-10,36.21
2019-11-11,38.25
2019-11-12,38.25
2019-11-13,32.64
2019-11-14,51.0
2019-11-15,47.43
2019-11-16,38.25
2019-11-17,28.560000000000002
2019-11-18,33.15
2019-11-19,36.72
2019-11-20,44.37
2019-11-21,41.82
2019-11-22,37.74
2019-11-23,34.68
2019-11-24,25.5
2019-11-25,33.660000000000004
2019-11-26,31.11
2019-11-27,38.25
2019-11-28,31.11
2019-11-29,23.97
2019-11-30,24.990000000000002
2019-12-01,36.19
2019-12-02,38.07
2019-12-03,40.89
2019-12-04,39.01
2019-12-05,39.949999999999996
2019-12-06,35.72
2019-12-07,43.71
2019-12-08,31.49
2019-12-09,27.259999999999998
2019-12-10,37.129999999999995
2019-12-11,37.599999999999994
2019-12-12,32.43
2019-12-13,47.0
2019-12-14,33.37
2019-12-15,33.839999999999996
2019-12-16,27.729999999999997
2019-12-17,29.139999999999997
2019-12-18,29.61
2019-12-19,33.37
2019-12-20,36.66
2019-12-21,31.49
2019-12-22,33.839999999999996
2019-12-23,26.32
2019-12-24,29.139999999999997
2019-12-25,30.549999999999997
2019-12-26,23.97
2019-12-27,36.19
2019-12-28,35.25
2019-12-29,44.18
2019-12-30,38.07
2019-12-31,35.72
2020-01-01,31.720000000000002
2020-01-02,32.76
2020-01-03,36.92
2020-01-04,34.84
2020-01-05,34.32
2020-01-06,33.800000000000004
2020-01-07,47.84
2020-01-08,38.480000000000004
2020-01-09,38.480000000000004
2020-01-10,40.04
2020-01-11,32.24
2020-01-12,47.32
2020-01-13,36.4
2020-01-14,47.84
2020-01-15,38.480000000000004
2020-01-16,32.24
2020-01-17,42.120000000000005
2020-01-18,36.92
2020-01-19,46.28
2020-01-20,52.0
2020-01-21,34.84
2020-01-22,47.32
2020-01-23,35.36
2020-01-24,33.28
2020-01-25,32.76
2020-01-26,23.400000000000002
2020-01-27,37.44
2020-01-28,39.0
2020-01-29,50.440000000000005
2020-01-30,35.36
2020-01-31,47.84
2020-02-01,23.650000000000002
2020-02-02,55.00000000000001
2020-02-03,28.05
2020-02-04,24.200000000000003
2020-02-05,28.6
2020-02-06,25.3
2020-02-07,18.700000000000003
2020-02-08,22.0
2020-02-09,28.6
2020-02-10,27.500000000000004
2020-02-11,28.05
2020-02-12,22.55
2020-02-13,26.400000000000002
2020-02-14,15.400000000000002
2020-02-15,22.0
2020-02-16,28.05
2020-02-17,27.500000000000004
2020-02-18,24.750000000000004
2020-02-19,25.3
2020-02-20,31.900000000000002
2020-02-21,26.400000000000002
2020-02-22,20.35
2020-02-23,23.650000000000002
2020-02-24,27.500000000000004
2020-02-25,23.650000000000002
2020-02-26,22.55
2020-02-27,27.500000000000004
2020-02-28,24.200000000000003
2020-02-29,23.650000000000002
2020-03-01,34.02
2020-03-02,29.160000000000004
2020-03-03,50.760000000000005
2020-03-04,42.660000000000004
2020-03-05,19.44
2020-03-06,35.1
2020-03-07,34.02
2020-03-08,33.480000000000004
2020-03-09,32.940000000000005
2020-03-10,29.700000000000003
2020-03-11,35.1
2020-03-12,42.660000000000004
2020-03-13,33.480000000000004
2020-03-14,32.400000000000006
2020-03-15,34.02
2020-03-16,38.34
2020-03-17,38.34
2020-03-18,41.580000000000005
2020-03-19,41.040000000000006
2020-03-20,39.42
2020-03-21,39.42
2020-03-22,38.34
2020-03-23,50.760000000000005
2020-03-24,45.36
2020-03-25,48.6
2020-03-26,43.74
2020-03-27,46.980000000000004
2020-03-28,32.400000000000006
2020-03-29,38.34
2020-03-30,54.0
2020-03-31,36.72
2020-04-01,44.800000000000004
2020-04-02,45.92
2020-04-03,45.36000000000001
2020-04-04,42.00000000000001
2020-04-05,46.480000000000004
2020-04-06,49.84
2020-04-07,51.52
2020-04-08,56.00000000000001
2020-04-09,43.120000000000005
