Date,Accumulation
2013-04-01,7.35
2013-04-02,8.61
2013-04-03,6.72
2013-04-04,6.3
2013-04-05,11.129999999999999
2013-04-06,6.3
2013-04-07,4.62
2013-04-08,10.5
2013-04-09,17.22
2013-04-10,13.44
2013-04-11,19.32
2013-04-12,8.82
2013-04-13,6.09
2013-04-14,9.24
2013-04-15,16.59
2013-04-16,21.0
2013-04-17,14.07
2013-04-18,11.549999999999999
2013-04-19,12.6
2013-04-20,4.62
2013-04-21,6.3
2013-04-22,11.76
2013-04-23,13.02
2013-04-24,9.24
2013-04-25,11.34
2013-04-26,7.77
2013-04-27,9.45
2013-04-28,4.62
2013-04-29,12.809999999999999
2013-04-30,9.24
2013-05-01,6.6
2013-05-02,12.0
2013-05-03,7.319999999999999
2013-05-04,3.0
2013-05-05,0.96
2013-05-06,5.04
2013-05-07,3.84
2013-05-08,4.56
2013-05-09,3.12
2013-05-10,2.88
2013-05-11,1.92
2013-05-12,3.5999999999999996
2013-05-13,4.68
2013-05-14,5.04
2013-05-15,6.24
2013-05-16,3.5999999999999996
2013-05-17,4.08
2013-05-18,6.12
2013-05-19,1.92
2013-05-20,3.84
2013-05-21,3.0
2013-05-22,4.2
2013-05-23,3.96
2013-05-24,2.88
2013-05-25,3.12
2013-05-26,4.2
2013-05-27,5.279999999999999
2013-05-28,2.6399999999999997
2013-05-29,7.319999999999999
2013-05-30,3.5999999999999996
2013-05-31,1.2
2013-06-01,2.52
2013-06-02,2.52
2013-06-03,0.99
2013-06-04,9.0
2013-06-05,5.13
2013-06-06,5.13
2013-06-07,4.2299999999999995
2013-06-08,2.52
2013-06-09,7.6499999999999995
2013-06-10,4.05
2013-06-11,3.96
2013-06-12,8.1
2013-06-13,4.05
2013-06-14,8.549999999999999
2013-06-15,1.3499999999999999
2013-06-16,2.61
2013-06-17,7.199999999999999
2013-06-18,7.109999999999999
2013-06-19,5.04
2013-06-20,3.06
2013-06-21,4.32
2013-06-22,5.22
2013-06-23,3.8699999999999997
2013-06-24,5.22
2013-06-25,3.06
2013-06-26,3.06
2013-06-27,4.14
2013-06-28,3.15
2013-06-29,2.61
2013-06-30,0.0
2013-07-01,2.48
2013-07-02,8.0
2013-07-03,4.48
2013-07-04,3.12
2013-07-05,2.24
2013-07-06,3.12
2013-07-07,3.84
2013-07-08,3.04
2013-07-09,3.04
2013-07-10,4.88
2013-07-11,0.64
2013-07-12,1.92
2013-07-13,1.52
2013-07-14,0.72
2013-07-15,2.48
2013-07-16,1.84
2013-07-17,1.2
2013-07-18,0.64
2013-07-19,2.56
2013-07-20,1.52
2013-07-21,2.32
2013-07-22,1.2
2013-07-23,4.24
2013-07-24,3.68
2013-07-25,5.04
2013-07-26,5.2
2013-07-27,3.12
2013-07-28,1.52
2013-07-29,2.4
2013-07-30,4.24
2013-07-31,3.04
2013-08-01,4.16
2013-08-02,4.32
2013-08-03,2.56
2013-08-04,2.56
2013-08-05,1.04
2013-08-06,4.08
2013-08-07,3.04
2013-08-08,2.08
2013-08-09,3.2
2013-08-10,3.84
2013-08-11,2.64
2013-08-12,7.28
2013-08-13,6.08
2013-08-14,2.08
2013-08-15,6.24
2013-08-16,3.2800000000000002
2013-08-17,0.0
2013-08-18,2.56
2013-08-19,4.16
2013-08-20,7.04
2013-08-21,6.16
2013-08-22,5.12
2013-08-23,6.4
2013-08-24,2.56
2013-08-25,3.7600000000000002
2013-08-26,4.0
2013-08-27,8.0
2013-08-28,4.96
2013-08-29,4.08
2013-08-30,5.28
2013-08-31,3.7600000000000002
2013-09-01,1.4300000000000002
2013-09-02,6.5
2013-09-03,3.38
2013-09-04,4.42
2013-09-05,4.55
2013-09-06,5.8500000000000005
2013-09-07,4.16
2013-09-08,4.03
2013-09-09,11.18
2013-09-10,13.0
2013-09-11,5.59
2013-09-12,6.76
2013-09-13,6.76
2013-09-14,2.73
2013-09-15,5.33
2013-09-16,7.67
2013-09-17,8.84
2013-09-18,11.18
2013-09-19,5.59
2013-09-20,8.19
2013-09-21,4.16
2013-09-22,2.73
2013-09-23,10.14
2013-09-24,7.930000000000001
2013-09-25,10.14
2013-09-26,10.530000000000001
2013-09-27,8.450000000000001
2013-09-28,2.8600000000000003
2013-09-29,5.59
2013-09-30,7.930000000000001
2013-10-01,7.3100000000000005
2013-10-02,14.96
2013-10-03,9.180000000000001
2013-10-04,12.58
2013-10-05,11.39
2013-10-06,12.920000000000002
2013-10-07,12.07
2013-10-08,7.48
2013-10-09,16.830000000000002
2013-10-10,13.940000000000001
2013-10-11,11.05
2013-10-12,7.65
2013-10-13,7.65
2013-10-14,12.24
2013-10-15,14.96
2013-10-16,15.13
2013-10-17,9.01
2013-10-18,7.99
2013-10-19,7.65
2013-10-20,3.74
2013-10-21,16.490000000000002
2013-10-22,8.84
2013-10-23,9.01
2013-10-24,12.24
2013-10-25,12.58
2013-10-26,13.600000000000001
2013-10-27,9.350000000000001
2013-10-28,4.42
2013-10-29,4.42
2013-10-30,11.9
2013-10-31,17.0
2013-11-01,2.7600000000000002
2013-11-02,4.6000000000000005
2013-11-03,13.34
2013-11-04,8.51
2013-11-05,16.560000000000002
2013-11-06,5.98
2013-11-07,9.66
2013-11-08,2.5300000000000002
2013-11-09,12.190000000000001
2013-11-10,4.37
2013-11-11,9.89
2013-11-12,17.71
2013-11-13,14.26
2013-11-14,12.190000000000001
2013-11-15,12.42
2013-11-16,8.97
2013-11-17,11.73
2013-11-18,14.030000000000001
2013-11-19,9.43
2013-11-20,5.98
2013-11-21,16.79
2013-11-22,8.74
2013-11-23,8.74
2013-11-24,16.1
2013-11-25,23.0
2013-11-26,17.02
2013-11-27,16.79
2013-11-28,1.61
2013-11-29,5.75
2013-11-30,8.97
2013-12-01,5.17
2013-12-02,4.2299999999999995
2013-12-03,11.28
2013-12-04,14.1
2013-12-05,13.16
2013-12-06,16.45
2013-12-07,12.219999999999999
2013-12-08,21.15
2013-12-09,18.799999999999997
2013-12-10,20.68
2013-12-11,10.34
2013-12-12,9.399999999999999
2013-12-13,11.28
2013-12-14,35.72
2013-12-15,47.0
2013-12-16,15.51
2013-12-17,20.209999999999997
2013-12-18,11.75
2013-12-19,7.05
2013-12-20,6.58
2013-12-21,8.459999999999999
2013-12-22,17.86
2013-12-23,5.64
2013-12-24,5.17
2013-12-25,5.17
2013-12-26,8.93
2013-12-27,3.29
2013-12-28,3.29
2013-12-29,6.109999999999999
2013-12-30,9.399999999999999
2013-12-31,12.69
2014-01-01,18.72
2014-01-02,43.68
2014-01-03,78.0
2014-01-04,15.600000000000001
2014-01-05,24.18
2014-01-06,30.42
2014-01-07,7.0200000000000005
2014-01-08,4.68
2014-01-09,4.68
2014-01-10,6.24
2014-01-11,2.34
2014-01-12,2.34
2014-01-13,3.9000000000000004
2014-01-14,5.46
2014-01-15,6.24
2014-01-16,3.9000000000000004
2014-01-17,10.14
2014-01-18,13.26
2014-01-19,5.46
2014-01-20,9.36
2014-01-21,50.7
2014-01-22,77.22
2014-01-23,10.92
2014-01-24,8.58
2014-01-25,14.82
2014-01-26,11.700000000000001
2014-01-27,14.82
2014-01-28,16.38
2014-01-29,27.3
2014-01-30,8.58
2014-01-31,16.38
2014-02-01,14.24
2014-02-02,16.02
2014-02-03,54.29
2014-02-04,33.82
2014-02-05,56.96
2014-02-06,21.36
2014-02-07,12.46
2014-02-08,15.13
2014-02-09,22.25
2014-02-10,19.580000000000002
2014-02-11,32.04
2014-02-12,36.49
2014-02-13,89.0
2014-02-14,43.61
2014-02-15,14.24
2014-02-16,12.46
2014-02-17,17.8
2014-02-18,21.36
2014-02-19,17.8
2014-02-20,10.68
2014-02-21,14.24
2014-02-22,4.45
2014-02-23,8.01
2014-02-24,6.23
2014-02-25,10.68
2014-02-26,11.57
2014-02-27,10.68
2014-02-28,16.02
2014-03-01,11.56
2014-03-02,32.300000000000004
2014-03-03,34.0
2014-03-04,7.48
2014-03-05,5.1000000000000005
2014-03-06,6.460000000000001
2014-03-07,6.800000000000001
2014-03-08,2.04
2014-03-09,2.3800000000000003
2014-03-10,5.1000000000000005
2014-03-11,5.1000000000000005
2014-03-12,12.58
2014-03-13,11.22
2014-03-14,5.78
2014-03-15,1.36
2014-03-16,10.88
2014-03-17,19.040000000000003
2014-03-18,9.180000000000001
2014-03-19,6.12
2014-03-20,4.08
2014-03-21,3.06
2014-03-22,2.3800000000000003
2014-03-23,4.42
2014-03-24,7.140000000000001
2014-03-25,8.84
2014-03-26,6.12
2014-03-27,6.12
2014-03-28,2.72
2014-03-29,0.68
2014-03-30,4.42
2014-03-31,8.84
2014-04-01,12.540000000000001
2014-04-02,9.120000000000001
2014-04-03,10.26
2014-04-04,18.81
2014-04-05,5.7
2014-04-06,2.85
2014-04-07,7.79
2014-04-08,10.07
2014-04-09,10.26
2014-04-10,10.45
2014-04-11,12.16
2014-04-12,1.52
2014-04-13,8.74
2014-04-14,12.35
2014-04-15,11.97
2014-04-16,11.4
2014-04-17,5.89
2014-04-18,5.13
2014-04-19,2.85
2014-04-20,1.52
2014-04-21,4.75
2014-04-22,4.5600000000000005
2014-04-23,10.26
2014-04-24,7.03
2014-04-25,11.78
2014-04-26,2.85
2014-04-27,8.55
2014-04-28,7.79
2014-04-29,12.16
2014-04-30,19.0
2014-05-01,6.86
2014-05-02,6.580000000000001
2014-05-03,4.0600000000000005
2014-05-04,1.9600000000000002
2014-05-05,6.86
2014-05-06,3.08
2014-05-07,3.9200000000000004
2014-05-08,3.22
2014-05-09,4.0600000000000005
2014-05-10,4.0600000000000005
2014-05-11,2.1
2014-05-12,14.000000000000002
2014-05-13,4.62
2014-05-14,0.8400000000000001
2014-05-15,7.140000000000001
2014-05-16,7.280000000000001
2014-05-17,5.040000000000001
2014-05-18,0.9800000000000001
2014-05-19,4.62
2014-05-20,2.3800000000000003
2014-05-21,7.140000000000001
2014-05-22,2.66
2014-05-23,0.0
2014-05-24,1.12
2014-05-25,3.6400000000000006
2014-05-26,4.48
2014-05-27,6.16
2014-05-28,6.0200000000000005
2014-05-29,4.48
2014-05-30,3.6400000000000006
2014-05-31,3.5000000000000004
2014-06-01,7.04
2014-06-02,9.57
2014-06-03,1.1
2014-06-04,8.58
2014-06-05,3.3
2014-06-06,3.41
2014-06-07,4.18
2014-06-08,1.43
2014-06-09,7.59
2014-06-10,6.49
2014-06-11,5.39
2014-06-12,8.58
2014-06-13,3.41
2014-06-14,0.0
2014-06-15,0.0
2014-06-16,3.3
2014-06-17,9.790000000000001
2014-06-18,7.7
2014-06-19,11.0
2014-06-20,5.72
2014-06-21,7.04
2014-06-22,4.29
2014-06-23,4.4
2014-06-24,7.59
2014-06-25,6.6
2014-06-26,6.6
2014-06-27,2.31
2014-06-28,5.5
2014-06-29,5.72
2014-06-30,11.0
2014-07-01,5.5
2014-07-02,1.1
2014-07-03,2.4000000000000004
2014-07-04,1.4000000000000001
2014-07-05,9.4
2014-07-06,4.3
2014-07-07,6.7
2014-07-08,5.4
2014-07-09,3.3000000000000003
2014-07-10,3.3000000000000003
2014-07-11,5.7
2014-07-12,6.9
2014-07-13,2.8000000000000003
2014-07-14,6.6000000000000005
2014-07-15,7.5
2014-07-16,5.6000000000000005
2014-07-17,4.5
2014-07-18,4.6000000000000005
2014-07-19,4.2
2014-07-20,10.0
2014-07-21,2.2
2014-07-22,2.2
2014-07-23,3.3000000000000003
2014-07-24,5.6000000000000005
2014-07-25,2.3000000000000003
2014-07-26,1.4000000000000001
2014-07-27,2.8000000000000003
2014-07-28,5.4
2014-07-29,3.3000000000000003
2014-07-30,4.4
2014-07-31,2.2
2014-08-01,2.34
2014-08-02,1.44
2014-08-03,5.67
2014-08-04,9.0
2014-08-05,1.08
2014-08-06,5.58
2014-08-07,5.13
2014-08-08,4.859999999999999
2014-08-09,1.44
2014-08-10,1.44
2014-08-11,4.41
2014-08-12,5.31
2014-08-13,7.739999999999999
2014-08-14,4.59
2014-08-15,5.9399999999999995
2014-08-16,2.79
2014-08-17,4.2299999999999995
2014-08-18,1.08
2014-08-19,6.66
2014-08-20,0.0
2014-08-21,7.83
2014-08-22,4.59
2014-08-23,4.14
2014-08-24,1.3499999999999999
2014-08-25,4.41
2014-08-26,5.49
2014-08-27,8.64
2014-08-28,6.569999999999999
2014-08-29,5.67
2014-08-30,6.93
2014-08-31,1.3499999999999999
2014-09-01,1.54
2014-09-02,2.5200000000000005
2014-09-03,3.7800000000000002
2014-09-04,11.620000000000001
2014-09-05,10.64
2014-09-06,6.44
2014-09-07,6.44
2014-09-08,11.48
2014-09-09,8.540000000000001
2014-09-10,11.340000000000002
2014-09-11,12.88
2014-09-12,9.24
2014-09-13,3.22
2014-09-14,4.9
2014-09-15,8.96
2014-09-16,12.600000000000001
2014-09-17,6.44
2014-09-18,6.44
2014-09-19,2.66
2014-09-20,3.3600000000000003
2014-09-21,0.0
2014-09-22,10.22
2014-09-23,8.82
2014-09-24,8.96
2014-09-25,3.9200000000000004
2014-09-26,13.72
2014-09-27,10.22
2014-09-28,11.48
2014-09-29,14.000000000000002
2014-09-30,3.7800000000000002
2014-10-01,10.88
2014-10-02,9.92
2014-10-03,11.36
2014-10-04,6.24
2014-10-05,4.8
2014-10-06,6.08
2014-10-07,4.8
2014-10-08,9.6
2014-10-09,16.0
2014-10-10,10.24
2014-10-11,4.64
2014-10-12,9.28
2014-10-13,4.96
2014-10-14,12.0
2014-10-15,12.0
2014-10-16,14.56
2014-10-17,8.96
2014-10-18,4.8
2014-10-19,6.08
2014-10-20,1.28
2014-10-21,4.8
2014-10-22,8.32
2014-10-23,10.88
2014-10-24,5.12
2014-10-25,4.64
2014-10-26,4.64
2014-10-27,9.6
2014-10-28,9.44
2014-10-29,8.48
2014-10-30,4.8
2014-10-31,7.84
2014-11-01,11.4
2014-11-02,9.5
2014-11-03,6.46
2014-11-04,10.64
2014-11-05,4.94
2014-11-06,11.4
2014-11-07,9.88
2014-11-08,2.66
2014-11-09,9.120000000000001
2014-11-10,20.9
2014-11-11,17.86
2014-11-12,16.72
2014-11-13,18.62
2014-11-14,21.28
2014-11-15,22.42
2014-11-16,15.58
2014-11-17,15.2
2014-11-18,22.42
2014-11-19,25.080000000000002
2014-11-20,28.5
2014-11-21,11.78
2014-11-22,11.78
2014-11-23,6.46
2014-11-24,14.44
2014-11-25,19.0
2014-11-26,37.62
2014-11-27,38.0
2014-11-28,12.540000000000001
2014-11-29,6.46
2014-11-30,11.4
2014-12-01,11.02
2014-12-02,14.06
2014-12-03,19.0
2014-12-04,11.21
2014-12-05,13.870000000000001
2014-12-06,4.18
2014-12-07,11.4
2014-12-08,10.07
2014-12-09,15.58
2014-12-10,17.1
2014-12-11,18.81
2014-12-12,15.58
2014-12-13,3.04
2014-12-14,6.08
2014-12-15,8.17
2014-12-16,10.64
2014-12-17,7.22
2014-12-18,13.49
2014-12-19,3.99
2014-12-20,0.0
2014-12-21,6.2700000000000005
2014-12-22,5.32
2014-12-23,5.32
2014-12-24,5.89
2014-12-25,5.32
2014-12-26,16.72
2014-12-27,9.120000000000001
2014-12-28,7.6
2014-12-29,7.79
2014-12-30,10.45
2014-12-31,6.84
2015-01-01,1.16
2015-01-02,2.32
2015-01-03,2.9
2015-01-04,2.9
2015-01-05,5.22
2015-01-06,9.86
2015-01-07,2.32
2015-01-08,2.32
2015-01-09,4.64
2015-01-10,1.7399999999999998
2015-01-11,2.9
2015-01-12,3.4799999999999995
2015-01-13,3.4799999999999995
2015-01-14,1.7399999999999998
2015-01-15,1.7399999999999998
2015-01-16,1.16
2015-01-17,1.7399999999999998
2015-01-18,0.58
2015-01-19,2.9
2015-01-20,3.4799999999999995
2015-01-21,4.64
2015-01-22,4.06
2015-01-23,3.4799999999999995
2015-01-24,8.7
2015-01-25,8.12
2015-01-26,21.459999999999997
2015-01-27,57.99999999999999
2015-01-28,17.98
2015-01-29,4.64
2015-01-30,6.38
2015-01-31,4.06
2015-02-01,42.64
2015-02-02,82.0
2015-02-03,16.4
2015-02-04,14.76
2015-02-05,13.12
2015-02-06,13.94
2015-02-07,2.46
2015-02-08,9.02
2015-02-09,26.24
2015-02-10,22.959999999999997
2015-02-11,13.12
2015-02-12,13.12
2015-02-13,9.02
2015-02-14,16.4
2015-02-15,29.52
2015-02-16,50.839999999999996
2015-02-17,62.31999999999999
2015-02-18,17.22
2015-02-19,9.84
2015-02-20,11.479999999999999
2015-02-21,28.7
2015-02-22,30.34
2015-02-23,14.76
2015-02-24,13.12
2015-02-25,13.12
2015-02-26,39.36
2015-02-27,8.2
2015-02-28,12.299999999999999
2015-03-01,18.400000000000002
2015-03-02,5.6000000000000005
2015-03-03,10.4
2015-03-04,10.4
2015-03-05,40.0
2015-03-06,10.0
2015-03-07,1.6
2015-03-08,2.8000000000000003
2015-03-09,2.4000000000000004
2015-03-10,3.6
2015-03-11,4.0
2015-03-12,4.0
2015-03-13,3.2
2015-03-14,2.0
2015-03-15,3.6
2015-03-16,4.4
2015-03-17,1.6
2015-03-18,3.2
2015-03-19,4.4
2015-03-20,4.0
2015-03-21,3.6
2015-03-22,1.2000000000000002
2015-03-23,4.0
2015-03-24,2.4000000000000004
2015-03-25,3.6
2015-03-26,3.2
2015-03-27,4.0
2015-03-28,2.0
2015-03-29,1.6
2015-03-30,3.6
2015-03-31,2.8000000000000003
2015-04-01,8.33
2015-04-02,17.0
2015-04-03,5.2700000000000005
2015-04-04,7.65
2015-04-05,4.760000000000001
2015-04-06,7.3100000000000005
2015-04-07,11.56
2015-04-08,9.180000000000001
2015-04-09,9.520000000000001
2015-04-10,6.12
2015-04-11,3.06
2015-04-12,3.06
2015-04-13,15.13
2015-04-14,4.590000000000001
2015-04-15,14.96
2015-04-16,6.970000000000001
2015-04-17,8.5
2015-04-18,4.590000000000001
2015-04-19,5.95
2015-04-20,5.78
2015-04-21,10.370000000000001
2015-04-22,11.56
2015-04-23,13.940000000000001
2015-04-24,9.690000000000001
2015-04-25,1.53
2015-04-26,4.590000000000001
2015-04-27,9.350000000000001
2015-04-28,16.150000000000002
2015-04-29,5.78
2015-04-30,8.16
2015-05-01,2.6999999999999997
2015-05-02,15.0
2015-05-03,0.0
2015-05-04,8.85
2015-05-05,7.5
2015-05-06,14.1
2015-05-07,9.0
2015-05-08,8.1
2015-05-09,5.1
2015-05-10,5.1
2015-05-11,11.7
2015-05-12,7.6499999999999995
2015-05-13,8.85
2015-05-14,7.949999999999999
2015-05-15,1.3499999999999999
2015-05-16,1.65
2015-05-17,8.7
2015-05-18,7.8
2015-05-19,9.15
2015-05-20,1.3499999999999999
2015-05-21,9.45
2015-05-22,5.7
2015-05-23,1.7999999999999998
2015-05-24,7.35
2015-05-25,11.7
2015-05-26,6.45
2015-05-27,3.9
2015-05-28,3.9
2015-05-29,4.2
2015-05-30,5.1
2015-05-31,6.8999999999999995
2015-06-01,13.0
2015-06-02,2.6
2015-06-03,6.76
2015-06-04,9.36
2015-06-05,11.31
2015-06-06,8.58
2015-06-07,5.33
2015-06-08,4.03
2015-06-09,9.36
2015-06-10,5.46
2015-06-11,4.03
2015-06-12,4.29
2015-06-13,8.84
2015-06-14,1.82
2015-06-15,6.76
2015-06-16,11.96
2015-06-17,3.9000000000000004
2015-06-18,8.19
2015-06-19,4.16
2015-06-20,6.76
2015-06-21,5.2
2015-06-22,5.46
2015-06-23,2.6
2015-06-24,1.3
2015-06-25,2.73
2015-06-26,8.32
2015-06-27,5.07
2015-06-28,5.2
2015-06-29,2.73
2015-06-30,5.33
2015-07-01,7.02
2015-07-02,3.06
2015-07-03,4.77
2015-07-04,4.14
2015-07-05,0.0
2015-07-06,2.9699999999999998
2015-07-07,2.88
2015-07-08,3.8699999999999997
2015-07-09,2.9699999999999998
2015-07-10,4.14
2015-07-11,2.52
2015-07-12,2.52
2015-07-13,0.99
2015-07-14,4.77
2015-07-15,8.82
2015-07-16,9.0
2015-07-17,3.15
2015-07-18,2.61
2015-07-19,1.3499999999999999
2015-07-20,3.15
2015-07-21,6.93
2015-07-22,4.95
2015-07-23,4.05
2015-07-24,4.14
2015-07-25,2.52
2015-07-26,6.39
2015-07-27,4.859999999999999
2015-07-28,2.9699999999999998
2015-07-29,2.9699999999999998
2015-07-30,3.96
2015-07-31,0.99
2015-08-01,0.0
2015-08-02,9.1
2015-08-03,0.0
2015-08-04,5.33
2015-08-05,9.1
2015-08-06,5.46
2015-08-07,5.59
2015-08-08,0.0
2015-08-09,11.57
2015-08-10,8.97
2015-08-11,12.35
2015-08-12,7.28
2015-08-13,7.28
2015-08-14,13.0
2015-08-15,0.0
2015-08-16,4.68
2015-08-17,12.48
2015-08-18,10.530000000000001
2015-08-19,8.71
2015-08-20,12.35
2015-08-21,9.1
2015-08-22,6.76
2015-08-23,11.18
2015-08-24,8.71
2015-08-25,6.890000000000001
2015-08-26,10.27
2015-08-27,1.69
2015-08-28,8.97
2015-08-29,4.42
2015-08-30,10.92
2015-08-31,5.07
2015-09-01,7.6499999999999995
2015-09-02,5.7
2015-09-03,7.6499999999999995
2015-09-04,1.95
2015-09-05,2.55
2015-09-06,3.9
2015-09-07,7.05
2015-09-08,6.6
2015-09-09,4.6499999999999995
2015-09-10,2.85
2015-09-11,2.85
2015-09-12,0.0
2015-09-13,3.5999999999999996
2015-09-14,5.7
2015-09-15,2.6999999999999997
2015-09-16,6.45
2015-09-17,6.6
2015-09-18,2.85
2015-09-19,6.1499999999999995
2015-09-20,2.4
2015-09-21,7.35
2015-09-22,7.5
2015-09-23,15.0
2015-09-24,7.5
2015-09-25,6.75
2015-09-26,1.2
2015-09-27,7.35
2015-09-28,6.3
2015-09-29,5.3999999999999995
2015-09-30,10.049999999999999
2015-10-01,10.08
2015-10-02,11.879999999999999
2015-10-03,5.04
2015-10-04,9.9
2015-10-05,11.52
2015-10-06,12.78
2015-10-07,18.0
2015-10-08,6.4799999999999995
2015-10-09,9.36
2015-10-10,3.42
2015-10-11,5.04
2015-10-12,10.62
2015-10-13,14.04
2015-10-14,7.56
2015-10-15,7.56
2015-10-16,7.92
2015-10-17,13.5
2015-10-18,14.94
2015-10-19,15.12
2015-10-20,4.859999999999999
2015-10-21,15.12
2015-10-22,10.08
2015-10-23,11.7
2015-10-24,8.28
2015-10-25,14.58
2015-10-26,11.16
2015-10-27,12.24
2015-10-28,8.459999999999999
2015-10-29,11.34
2015-10-30,15.66
2015-10-31,6.66
2015-11-01,2.8600000000000003
2015-11-02,7.54
2015-11-03,4.42
2015-11-04,5.46
2015-11-05,9.36
2015-11-06,6.24
2015-11-07,2.08
2015-11-08,2.6
2015-11-09,7.28
2015-11-10,3.64
2015-11-11,2.6
2015-11-12,3.12
2015-11-13,2.6
2015-11-14,4.68
2015-11-15,4.68
2015-11-16,4.68
2015-11-17,11.700000000000001
2015-11-18,8.58
2015-11-19,8.58
2015-11-20,4.16
2015-11-21,26.0
2015-11-22,11.18
2015-11-23,8.32
2015-11-24,3.64
2015-11-25,3.38
2015-11-26,5.46
2015-11-27,3.12
2015-11-28,1.82
2015-11-29,4.42
2015-11-30,7.28
2015-12-01,7.0200000000000005
2015-12-02,6.76
2015-12-03,6.76
2015-12-04,6.5
2015-12-05,2.08
2015-12-06,3.38
2015-12-07,4.68
2015-12-08,6.5
2015-12-09,4.16
2015-12-10,7.28
2015-12-11,5.98
2015-12-12,8.06
2015-12-13,3.9000000000000004
2015-12-14,8.84
2015-12-15,12.74
2015-12-16,4.94
2015-12-17,4.94
2015-12-18,4.68
2015-12-19,4.94
2015-12-20,4.42
2015-12-21,7.0200000000000005
2015-12-22,6.5
2015-12-23,3.12
2015-12-24,4.94
2015-12-25,4.94
2015-12-26,9.620000000000001
2015-12-27,7.0200000000000005
2015-12-28,11.18
2015-12-29,26.0
2015-12-30,7.800000000000001
2015-12-31,4.94
2016-01-01,2.0
2016-01-02,2.0
2016-01-03,1.0
2016-01-04,2.0
2016-01-05,2.0
2016-01-06,4.0
2016-01-07,4.0
2016-01-08,3.0
2016-01-09,4.0
2016-01-10,3.0
2016-01-11,2.0
2016-01-12,6.0
2016-01-13,6.0
2016-01-14,3.0
2016-01-15,2.0
2016-01-16,3.0
2016-01-17,5.0
2016-01-18,6.0
2016-01-19,9.0
2016-01-20,13.0
2016-01-21,12.0
2016-01-22,27.0
2016-01-23,100.0
2016-01-24,77.0
2016-01-25,16.0
2016-01-26,5.0
2016-01-27,5.0
2016-01-28,3.0
2016-01-29,3.0
2016-01-30,2.0
2016-01-31,3.0
2016-02-01,19.240000000000002
2016-02-02,40.04
2016-02-03,32.76
2016-02-04,13.52
2016-02-05,34.32
2016-02-06,14.56
2016-02-07,14.040000000000001
2016-02-08,52.0
2016-02-09,45.24
2016-02-10,26.0
2016-02-11,16.12
2016-02-12,15.08
2016-02-13,9.88
2016-02-14,32.24
2016-02-15,48.88
2016-02-16,15.08
2016-02-17,11.440000000000001
2016-02-18,7.800000000000001
2016-02-19,10.4
2016-02-20,3.64
2016-02-21,4.16
2016-02-22,14.040000000000001
2016-02-23,10.4
2016-02-24,22.36
2016-02-25,30.68
2016-02-26,12.48
2016-02-27,2.08
2016-02-28,6.76
2016-02-29,8.32
2016-03-01,24.64
2016-03-02,10.920000000000002
2016-03-03,18.200000000000003
2016-03-04,18.76
2016-03-05,6.16
2016-03-06,7.280000000000001
2016-03-07,10.360000000000001
2016-03-08,12.040000000000001
2016-03-09,7.840000000000001
2016-03-10,6.16
2016-03-11,4.48
2016-03-12,4.2
2016-03-13,11.48
2016-03-14,6.16
2016-03-15,7.840000000000001
2016-03-16,7.840000000000001
2016-03-17,13.440000000000001
2016-03-18,12.040000000000001
2016-03-19,7.5600000000000005
2016-03-20,15.96
2016-03-21,19.32
2016-03-22,8.120000000000001
2016-03-23,16.8
2016-03-24,28.000000000000004
2016-03-25,8.680000000000001
2016-03-26,6.44
2016-03-27,2.24
2016-03-28,14.280000000000001
2016-03-29,7.840000000000001
2016-03-30,12.32
2016-03-31,14.280000000000001
2016-04-01,7.13
2016-04-02,8.280000000000001
2016-04-03,16.560000000000002
2016-04-04,15.870000000000001
2016-04-05,11.270000000000001
2016-04-06,18.400000000000002
2016-04-07,20.93
2016-04-08,8.280000000000001
2016-04-09,13.8
2016-04-10,11.040000000000001
2016-04-11,6.9
2016-04-12,16.1
2016-04-13,11.5
2016-04-14,14.030000000000001
2016-04-15,15.870000000000001
2016-04-16,10.120000000000001
2016-04-17,23.0
2016-04-18,10.35
2016-04-19,14.950000000000001
2016-04-20,13.8
2016-04-21,10.120000000000001
2016-04-22,12.88
2016-04-23,5.75
2016-04-24,6.9
2016-04-25,8.05
2016-04-26,10.120000000000001
2016-04-27,8.05
2016-04-28,14.950000000000001
2016-04-29,9.43
2016-04-30,9.66
2016-05-01,3.12
2016-05-02,12.09
2016-05-03,4.29
2016-05-04,13.0
2016-05-05,7.0200000000000005
2016-05-06,6.5
2016-05-07,5.46
2016-05-08,1.04
2016-05-09,7.15
2016-05-10,7.800000000000001
2016-05-11,8.97
2016-05-12,4.55
2016-05-13,5.46
2016-05-14,6.63
2016-05-15,3.25
2016-05-16,8.97
2016-05-17,7.0200000000000005
2016-05-18,10.66
2016-05-19,5.46
2016-05-20,1.82
2016-05-21,3.25
2016-05-22,4.42
2016-05-23,8.06
2016-05-24,9.88
2016-05-25,5.46
2016-05-26,6.5
2016-05-27,6.76
2016-05-28,4.55
2016-05-29,4.55
2016-05-30,5.33
2016-05-31,8.19
2016-06-01,6.300000000000001
2016-06-02,7.2
2016-06-03,4.6000000000000005
2016-06-04,3.2
2016-06-05,4.2
2016-06-06,8.700000000000001
2016-06-07,4.5
2016-06-08,3.6
2016-06-09,4.6000000000000005
2016-06-10,2.8000000000000003
2016-06-11,3.2
2016-06-12,3.2
2016-06-13,8.200000000000001
2016-06-14,2.7
2016-06-15,3.6
2016-06-16,10.0
2016-06-17,2.8000000000000003
2016-06-18,3.3000000000000003
2016-06-19,4.5
2016-06-20,0.9
2016-06-21,5.5
2016-06-22,6.5
2016-06-23,1.8
2016-06-24,0.9
2016-06-25,5.5
2016-06-26,4.4
2016-06-27,4.5
2016-06-28,4.5
2016-06-29,8.3
2016-06-30,1.9000000000000001
2016-07-01,3.42
2016-07-02,2.61
2016-07-03,2.61
2016-07-04,1.26
2016-07-05,6.75
2016-07-06,8.64
2016-07-07,7.56
2016-07-08,7.6499999999999995
2016-07-09,1.26
2016-07-10,3.78
2016-07-11,5.3999999999999995
2016-07-12,7.6499999999999995
2016-07-13,7.739999999999999
2016-07-14,1.08
2016-07-15,4.5
2016-07-16,0.0
2016-07-17,9.0
2016-07-18,3.2399999999999998
2016-07-19,6.4799999999999995
2016-07-20,3.2399999999999998
2016-07-21,5.49
2016-07-22,1.08
2016-07-23,1.26
2016-07-24,6.39
2016-07-25,6.39
2016-07-26,5.31
2016-07-27,4.32
2016-07-28,8.549999999999999
2016-07-29,5.49
2016-07-30,6.3
2016-07-31,6.21
2016-08-01,7.04
2016-08-02,6.16
2016-08-03,8.36
2016-08-04,2.09
2016-08-05,4.4
2016-08-06,7.59
2016-08-07,6.38
2016-08-08,8.58
2016-08-09,8.47
2016-08-10,2.2
2016-08-11,3.3
2016-08-12,3.3
2016-08-13,6.2700000000000005
2016-08-14,3.85
2016-08-15,6.49
2016-08-16,5.39
2016-08-17,5.5
2016-08-18,3.3
2016-08-19,5.61
2016-08-20,2.53
2016-08-21,2.53
2016-08-22,6.49
2016-08-23,1.1
2016-08-24,7.37
2016-08-25,1.98
2016-08-26,6.16
2016-08-27,2.42
2016-08-28,3.63
2016-08-29,11.0
2016-08-30,7.92
2016-08-31,7.04
2016-09-01,14.4
2016-09-02,3.68
2016-09-03,4.16
2016-09-04,4.32
2016-09-05,10.56
2016-09-06,1.12
2016-09-07,11.36
2016-09-08,9.28
2016-09-09,5.76
2016-09-10,4.16
2016-09-11,9.120000000000001
2016-09-12,14.88
2016-09-13,5.6000000000000005
2016-09-14,10.4
2016-09-15,4.64
2016-09-16,7.2
2016-09-17,5.44
2016-09-18,2.56
2016-09-19,6.88
2016-09-20,10.08
2016-09-21,12.64
2016-09-22,3.52
2016-09-23,12.0
2016-09-24,11.36
2016-09-25,8.16
2016-09-26,11.36
2016-09-27,13.44
2016-09-28,16.0
2016-09-29,11.52
2016-09-30,9.6
2016-10-01,6.4
2016-10-02,4.96
2016-10-03,6.4
2016-10-04,6.24
2016-10-05,11.68
2016-10-06,7.36
2016-10-07,6.5600000000000005
2016-10-08,3.84
2016-10-09,9.92
2016-10-10,6.5600000000000005
2016-10-11,12.8
2016-10-12,10.56
2016-10-13,11.68
2016-10-14,14.4
2016-10-15,4.0
2016-10-16,1.28
2016-10-17,16.0
2016-10-18,12.64
2016-10-19,13.92
2016-10-20,15.84
2016-10-21,8.8
2016-10-22,9.28
2016-10-23,12.8
2016-10-24,14.56
2016-10-25,14.72
2016-10-26,11.52
2016-10-27,6.24
2016-10-28,11.040000000000001
2016-10-29,3.84
2016-10-30,11.200000000000001
2016-10-31,11.52
2016-11-01,9.66
2016-11-02,16.330000000000002
2016-11-03,8.74
2016-11-04,9.43
2016-11-05,11.270000000000001
2016-11-06,2.3000000000000003
2016-11-07,8.05
2016-11-08,12.65
2016-11-09,8.05
2016-11-10,8.280000000000001
2016-11-11,4.140000000000001
2016-11-12,6.21
2016-11-13,9.66
2016-11-14,8.97
2016-11-15,20.240000000000002
2016-11-16,11.270000000000001
2016-11-17,6.21
2016-11-18,19.09
2016-11-19,20.7
2016-11-20,23.0
2016-11-21,19.55
2016-11-22,16.560000000000002
2016-11-23,7.82
2016-11-24,8.51
2016-11-25,2.3000000000000003
2016-11-26,6.9
2016-11-27,6.9
2016-11-28,14.950000000000001
2016-11-29,13.110000000000001
2016-11-30,9.66
2016-12-01,9.02
2016-12-02,6.56
2016-12-03,2.8699999999999997
2016-12-04,16.81
2016-12-05,16.81
2016-12-06,9.43
2016-12-07,8.61
2016-12-08,9.84
2016-12-09,11.889999999999999
2016-12-10,10.25
2016-12-11,41.0
2016-12-12,26.65
2016-12-13,9.43
2016-12-14,13.94
2016-12-15,13.12
2016-12-16,17.63
2016-12-17,32.8
2016-12-18,14.76
2016-12-19,5.739999999999999
2016-12-20,4.92
2016-12-21,3.28
2016-12-22,3.69
2016-12-23,3.69
2016-12-24,5.33
2016-12-25,4.51
2016-12-26,9.84
2016-12-27,0.82
2016-12-28,5.739999999999999
2016-12-29,8.2
2016-12-30,12.709999999999999
2016-12-31,3.69
2017-01-01,0.55
2017-01-02,3.8500000000000005
2017-01-03,4.4
2017-01-04,9.9
2017-01-05,19.25
2017-01-06,19.25
2017-01-07,55.00000000000001
2017-01-08,30.250000000000004
2017-01-09,9.350000000000001
2017-01-10,8.25
2017-01-11,9.9
2017-01-12,6.6000000000000005
2017-01-13,6.050000000000001
2017-01-14,7.15
2017-01-15,4.4
2017-01-16,3.8500000000000005
2017-01-17,2.2
2017-01-18,2.2
2017-01-19,3.3000000000000003
2017-01-20,3.3000000000000003
2017-01-21,2.2
2017-01-22,4.4
2017-01-23,7.700000000000001
2017-01-24,6.050000000000001
2017-01-25,7.15
2017-01-26,6.6000000000000005
2017-01-27,5.5
2017-01-28,4.4
2017-01-29,7.15
2017-01-30,6.6000000000000005
2017-01-31,11.0
2017-02-01,6.58
2017-02-02,4.2299999999999995
2017-02-03,2.3499999999999996
2017-02-04,5.64
2017-02-05,3.29
2017-02-06,7.52
2017-02-07,9.399999999999999
2017-02-08,14.1
2017-02-09,47.0
2017-02-10,19.27
2017-02-11,7.52
2017-02-12,9.87
2017-02-13,13.16
2017-02-14,6.109999999999999
2017-02-15,5.64
2017-02-16,7.05
2017-02-17,2.82
2017-02-18,3.76
2017-02-19,2.3499999999999996
2017-02-20,4.2299999999999995
2017-02-21,4.2299999999999995
2017-02-22,6.109999999999999
2017-02-23,4.2299999999999995
2017-02-24,8.459999999999999
2017-02-25,3.76
2017-02-26,4.699999999999999
2017-02-27,2.82
2017-02-28,1.88
2017-03-01,3.71
2017-03-02,4.7700000000000005
2017-03-03,3.18
2017-03-04,1.59
2017-03-05,2.12
2017-03-06,1.59
2017-03-07,4.24
2017-03-08,2.6500000000000004
2017-03-09,5.83
2017-03-10,8.48
2017-03-11,6.36
2017-03-12,9.540000000000001
2017-03-13,23.32
2017-03-14,53.0
2017-03-15,23.85
2017-03-16,4.7700000000000005
2017-03-17,4.24
2017-03-18,2.12
2017-03-19,2.6500000000000004
2017-03-20,3.71
2017-03-21,3.71
2017-03-22,1.59
2017-03-23,3.71
2017-03-24,3.18
2017-03-25,2.6500000000000004
2017-03-26,0.53
2017-03-27,2.12
2017-03-28,3.71
2017-03-29,3.71
2017-03-30,4.24
2017-03-31,3.71
2017-04-01,13.68
2017-04-02,6.84
2017-04-03,7.02
2017-04-04,14.94
2017-04-05,11.16
2017-04-06,7.199999999999999
2017-04-07,6.66
2017-04-08,7.92
2017-04-09,6.84
2017-04-10,15.479999999999999
2017-04-11,12.42
2017-04-12,18.0
2017-04-13,10.799999999999999
2017-04-14,5.3999999999999995
2017-04-15,3.96
2017-04-16,7.199999999999999
2017-04-17,9.0
2017-04-18,8.82
2017-04-19,11.16
2017-04-20,9.0
2017-04-21,7.56
2017-04-22,5.9399999999999995
2017-04-23,6.84
2017-04-24,12.959999999999999
2017-04-25,12.6
2017-04-26,13.5
2017-04-27,6.3
2017-04-28,5.76
2017-04-29,10.799999999999999
2017-04-30,12.42
2017-05-01,5.880000000000001
2017-05-02,13.440000000000001
2017-05-03,5.880000000000001
2017-05-04,11.06
2017-05-05,7.000000000000001
2017-05-06,3.08
2017-05-07,4.2
2017-05-08,6.86
2017-05-09,11.9
2017-05-10,3.5000000000000004
2017-05-11,12.32
2017-05-12,3.6400000000000006
2017-05-13,8.540000000000001
2017-05-14,3.3600000000000003
2017-05-15,7.420000000000001
2017-05-16,4.62
2017-05-17,14.000000000000002
2017-05-18,7.420000000000001
2017-05-19,9.520000000000001
2017-05-20,7.840000000000001
2017-05-21,3.3600000000000003
2017-05-22,8.260000000000002
2017-05-23,8.82
2017-05-24,5.6000000000000005
2017-05-25,12.040000000000001
2017-05-26,5.040000000000001
2017-05-27,8.260000000000002
2017-05-28,2.3800000000000003
2017-05-29,3.22
2017-05-30,8.260000000000002
2017-05-31,6.16
2017-06-01,6.4
2017-06-02,1.6
2017-06-03,1.9000000000000001
2017-06-04,6.5
2017-06-05,5.4
2017-06-06,3.8000000000000003
2017-06-07,10.0
2017-06-08,5.5
2017-06-09,8.0
2017-06-10,2.8000000000000003
2017-06-11,7.6000000000000005
2017-06-12,6.9
2017-06-13,2.3000000000000003
2017-06-14,6.1000000000000005
2017-06-15,4.800000000000001
2017-06-16,4.0
2017-06-17,6.6000000000000005
2017-06-18,6.6000000000000005
2017-06-19,3.1
2017-06-20,5.2
2017-06-21,4.5
2017-06-22,4.6000000000000005
2017-06-23,9.8
2017-06-24,0.9
2017-06-25,4.7
2017-06-26,1.6
2017-06-27,3.2
2017-06-28,4.1000000000000005
2017-06-29,8.200000000000001
2017-06-30,5.9
2017-07-01,2.3000000000000003
2017-07-02,3.7
2017-07-03,7.6000000000000005
2017-07-04,5.9
2017-07-05,5.300000000000001
2017-07-06,7.0
2017-07-07,4.1000000000000005
2017-07-08,1.2000000000000002
2017-07-09,5.9
2017-07-10,8.9
2017-07-11,10.0
2017-07-12,6.0
2017-07-13,6.1000000000000005
2017-07-14,4.1000000000000005
2017-07-15,1.2000000000000002
2017-07-16,3.6
2017-07-17,8.0
2017-07-18,7.0
2017-07-19,8.0
2017-07-20,6.9
2017-07-21,8.200000000000001
2017-07-22,4.7
2017-07-23,3.5
2017-07-24,4.9
2017-07-25,7.9
2017-07-26,8.0
2017-07-27,4.0
2017-07-28,9.200000000000001
2017-07-29,5.7
2017-07-30,2.3000000000000003
2017-07-31,8.0
2017-08-01,3.7199999999999998
2017-08-02,6.359999999999999
2017-08-03,6.6
2017-08-04,6.84
2017-08-05,3.36
2017-08-06,3.36
2017-08-07,3.5999999999999996
2017-08-08,5.3999999999999995
2017-08-09,3.84
2017-08-10,8.76
2017-08-11,3.0
2017-08-12,5.52
2017-08-13,4.56
2017-08-14,1.92
2017-08-15,4.68
2017-08-16,3.84
2017-08-17,4.8
2017-08-18,4.8
2017-08-19,5.64
2017-08-20,2.16
2017-08-21,8.879999999999999
2017-08-22,1.92
2017-08-23,8.52
2017-08-24,4.68
2017-08-25,7.8
2017-08-26,8.76
2017-08-27,10.559999999999999
2017-08-28,8.4
2017-08-29,12.0
2017-08-30,8.4
2017-08-31,6.6
2017-09-01,6.8999999999999995
2017-09-02,3.3
2017-09-03,0.0
2017-09-04,4.2
2017-09-05,4.6499999999999995
2017-09-06,10.799999999999999
2017-09-07,6.45
2017-09-08,10.2
2017-09-09,5.3999999999999995
2017-09-10,4.2
2017-09-11,7.35
2017-09-12,12.0
2017-09-13,6.45
2017-09-14,6.45
2017-09-15,13.5
2017-09-16,5.7
2017-09-17,4.35
2017-09-18,9.299999999999999
2017-09-19,10.049999999999999
2017-09-20,5.55
2017-09-21,15.0
2017-09-22,7.6499999999999995
2017-09-23,7.949999999999999
2017-09-24,7.8
2017-09-25,6.45
2017-09-26,9.299999999999999
2017-09-27,6.6
2017-09-28,14.1
2017-09-29,9.6
2017-09-30,3.4499999999999997
2017-10-01,8.36
2017-10-02,5.89
2017-10-03,19.0
2017-10-04,12.16
2017-10-05,18.240000000000002
2017-10-06,7.22
2017-10-07,3.04
2017-10-08,8.93
2017-10-09,11.78
2017-10-10,12.540000000000001
2017-10-11,10.26
2017-10-12,8.55
2017-10-13,7.98
2017-10-14,8.36
2017-10-15,3.04
2017-10-16,12.16
2017-10-17,13.870000000000001
2017-10-18,12.16
2017-10-19,10.64
2017-10-20,7.22
2017-10-21,2.09
2017-10-22,10.26
2017-10-23,11.21
2017-10-24,9.31
2017-10-25,11.97
2017-10-26,7.79
2017-10-27,10.83
2017-10-28,7.41
2017-10-29,3.04
2017-10-30,12.540000000000001
2017-10-31,9.88
2017-11-01,11.600000000000001
2017-11-02,17.6
2017-11-03,16.6
2017-11-04,10.200000000000001
2017-11-05,16.400000000000002
2017-11-06,5.6000000000000005
2017-11-07,14.0
2017-11-08,15.8
2017-11-09,11.200000000000001
2017-11-10,10.8
2017-11-11,11.4
2017-11-12,5.6000000000000005
2017-11-13,16.6
2017-11-14,9.200000000000001
2017-11-15,11.200000000000001
2017-11-16,10.4
2017-11-17,12.600000000000001
2017-11-18,11.4
2017-11-19,11.200000000000001
2017-11-20,20.0
2017-11-21,12.8
2017-11-22,12.4
2017-11-23,3.4000000000000004
2017-11-24,5.4
2017-11-25,5.4
2017-11-26,5.6000000000000005
2017-11-27,6.2
2017-11-28,16.2
2017-11-29,15.600000000000001
2017-11-30,13.200000000000001
2017-12-01,2.16
2017-12-02,2.16
2017-12-03,3.24
2017-12-04,5.94
2017-12-05,4.32
2017-12-06,4.32
2017-12-07,4.86
2017-12-08,19.44
2017-12-09,54.0
2017-12-10,20.520000000000003
2017-12-11,9.72
2017-12-12,9.18
2017-12-13,14.040000000000001
2017-12-14,18.900000000000002
2017-12-15,10.260000000000002
2017-12-16,7.0200000000000005
2017-12-17,3.24
2017-12-18,4.32
2017-12-19,3.24
2017-12-20,4.32
2017-12-21,5.94
2017-12-22,7.0200000000000005
2017-12-23,5.4
2017-12-24,8.64
2017-12-25,22.14
2017-12-26,8.100000000000001
2017-12-27,8.100000000000001
2017-12-28,10.8
2017-12-29,11.34
2017-12-30,21.060000000000002
2017-12-31,3.24
2018-01-01,2.0999999999999996
2018-01-02,4.199999999999999
2018-01-03,19.599999999999998
2018-01-04,70.0
2018-01-05,32.199999999999996
2018-01-06,6.3
2018-01-07,3.5
2018-01-08,7.0
2018-01-09,4.199999999999999
2018-01-10,4.8999999999999995
2018-01-11,7.0
2018-01-12,9.799999999999999
2018-01-13,11.2
2018-01-14,5.6
2018-01-15,16.799999999999997
2018-01-16,27.299999999999997
2018-01-17,32.9
2018-01-18,10.5
2018-01-19,4.199999999999999
2018-01-20,2.0999999999999996
2018-01-21,3.5
2018-01-22,10.5
2018-01-23,16.099999999999998
2018-01-24,4.8999999999999995
2018-01-25,4.199999999999999
2018-01-26,3.5
2018-01-27,2.0999999999999996
2018-01-28,2.0999999999999996
2018-01-29,7.699999999999999
2018-01-30,9.1
2018-01-31,4.8999999999999995
2018-02-01,6.859999999999999
2018-02-02,9.8
2018-02-03,12.25
2018-02-04,23.52
2018-02-05,15.68
2018-02-06,22.05
2018-02-07,33.81
2018-02-08,20.58
2018-02-09,49.0
2018-02-10,26.46
2018-02-11,15.68
2018-02-12,8.33
2018-02-13,7.35
2018-02-14,6.37
2018-02-15,5.88
2018-02-16,7.35
2018-02-17,17.15
2018-02-18,27.439999999999998
2018-02-19,13.719999999999999
2018-02-20,16.66
2018-02-21,9.8
2018-02-22,13.23
2018-02-23,9.8
2018-02-24,7.35
2018-02-25,9.8
2018-02-26,9.8
2018-02-27,9.31
2018-02-28,13.23
2018-03-01,9.48
2018-03-02,15.8
2018-03-03,10.27
2018-03-04,3.16
2018-03-05,10.27
2018-03-06,29.23
2018-03-07,47.400000000000006
2018-03-08,57.67
2018-03-09,11.06
2018-03-10,3.95
2018-03-11,3.95
2018-03-12,19.75
2018-03-13,43.45
2018-03-14,22.91
2018-03-15,5.53
2018-03-16,6.32
2018-03-17,3.95
2018-03-18,7.11
2018-03-19,13.43
2018-03-20,38.71
2018-03-21,79.0
2018-03-22,52.93
2018-03-23,7.11
2018-03-24,13.43
2018-03-25,10.27
2018-03-26,8.690000000000001
2018-03-27,7.11
2018-03-28,5.53
2018-03-29,3.16
2018-03-30,3.95
2018-03-31,3.16
2018-04-01,8.06
2018-04-02,11.78
2018-04-03,8.68
2018-04-04,8.06
2018-04-05,10.54
2018-04-06,4.65
2018-04-07,7.13
2018-04-08,1.55
2018-04-09,9.3
2018-04-10,4.65
2018-04-11,6.51
2018-04-12,5.89
2018-04-13,6.2
2018-04-14,17.669999999999998
2018-04-15,31.0
2018-04-16,18.29
2018-04-17,12.09
2018-04-18,6.82
2018-04-19,7.75
2018-04-20,3.1
2018-04-21,1.55
2018-04-22,4.96
2018-04-23,5.27
2018-04-24,4.96
2018-04-25,6.2
2018-04-26,4.65
2018-04-27,6.82
2018-04-28,2.17
2018-04-29,3.7199999999999998
2018-04-30,8.68
2018-05-01,4.95
2018-05-02,12.15
2018-05-03,15.0
2018-05-04,2.85
2018-05-05,2.55
2018-05-06,6.1499999999999995
2018-05-07,7.8
2018-05-08,11.25
2018-05-09,4.95
2018-05-10,10.049999999999999
2018-05-11,11.7
2018-05-12,6.1499999999999995
2018-05-13,5.3999999999999995
2018-05-14,3.5999999999999996
2018-05-15,4.95
2018-05-16,6.45
2018-05-17,9.45
2018-05-18,8.25
2018-05-19,4.35
2018-05-20,6.1499999999999995
2018-05-21,5.85
2018-05-22,4.95
2018-05-23,5.85
2018-05-24,8.4
2018-05-25,4.8
2018-05-26,0.0
2018-05-27,3.5999999999999996
2018-05-28,2.55
2018-05-29,2.25
2018-05-30,4.35
2018-05-31,5.85
2018-06-01,7.840000000000001
2018-06-02,2.24
2018-06-03,4.62
2018-06-04,6.580000000000001
2018-06-05,14.000000000000002
2018-06-06,7.700000000000001
2018-06-07,7.700000000000001
2018-06-08,4.9
2018-06-09,5.6000000000000005
2018-06-10,3.3600000000000003
2018-06-11,8.260000000000002
2018-06-12,7.98
2018-06-13,5.460000000000001
2018-06-14,5.74
2018-06-15,4.0600000000000005
2018-06-16,5.74
2018-06-17,11.48
2018-06-18,8.680000000000001
2018-06-19,8.4
2018-06-20,8.82
2018-06-21,0.9800000000000001
2018-06-22,4.9
2018-06-23,3.3600000000000003
2018-06-24,6.86
2018-06-25,5.74
2018-06-26,7.840000000000001
2018-06-27,9.66
2018-06-28,11.9
2018-06-29,3.9200000000000004
2018-06-30,7.98
2018-07-01,4.73
2018-07-02,4.73
2018-07-03,6.49
2018-07-04,4.73
2018-07-05,4.29
2018-07-06,4.84
2018-07-07,2.75
2018-07-08,5.61
2018-07-09,11.0
2018-07-10,7.7
2018-07-11,9.790000000000001
2018-07-12,3.3
2018-07-13,8.36
2018-07-14,1.87
2018-07-15,2.75
2018-07-16,4.84
2018-07-17,6.49
2018-07-18,4.95
2018-07-19,8.25
2018-07-20,7.48
2018-07-21,1.87
2018-07-22,3.74
2018-07-23,7.26
2018-07-24,4.73
2018-07-25,3.19
2018-07-26,5.83
2018-07-27,0.88
2018-07-28,0.88
2018-07-29,1.98
2018-07-30,3.19
2018-07-31,7.04
2018-08-01,8.879999999999999
2018-08-02,7.8
2018-08-03,6.0
2018-08-04,2.4
2018-08-05,4.68
2018-08-06,9.0
2018-08-07,8.76
2018-08-08,5.88
2018-08-09,3.96
2018-08-10,3.0
2018-08-11,5.64
2018-08-12,6.96
2018-08-13,6.96
2018-08-14,4.92
2018-08-15,11.04
2018-08-16,9.0
2018-08-17,8.04
2018-08-18,2.4
2018-08-19,4.8
2018-08-20,9.0
2018-08-21,4.92
2018-08-22,4.92
2018-08-23,7.08
2018-08-24,8.04
2018-08-25,3.48
2018-08-26,8.16
2018-08-27,4.92
2018-08-28,6.84
2018-08-29,5.88
2018-08-30,4.92
2018-08-31,12.0
2018-09-01,5.51
2018-09-02,1.33
2018-09-03,7.79
2018-09-04,12.35
2018-09-05,13.68
2018-09-06,10.26
2018-09-07,14.82
2018-09-08,6.65
2018-09-09,11.59
2018-09-10,11.21
2018-09-11,19.0
2018-09-12,10.07
2018-09-13,10.07
2018-09-14,7.03
2018-09-15,15.01
2018-09-16,13.11
2018-09-17,16.91
2018-09-18,14.63
2018-09-19,17.1
2018-09-20,10.26
2018-09-21,14.06
2018-09-22,9.69
2018-09-23,11.97
2018-09-24,10.26
2018-09-25,12.35
2018-09-26,13.68
2018-09-27,15.01
2018-09-28,8.17
2018-09-29,9.69
2018-09-30,8.17
2018-10-01,9.02
2018-10-02,19.14
2018-10-03,20.24
2018-10-04,8.14
2018-10-05,12.76
2018-10-06,8.36
2018-10-07,7.92
2018-10-08,16.28
2018-10-09,9.24
2018-10-10,17.16
2018-10-11,13.86
2018-10-12,12.1
2018-10-13,7.04
2018-10-14,16.72
2018-10-15,17.38
2018-10-16,22.0
2018-10-17,12.98
2018-10-18,14.08
2018-10-19,13.42
2018-10-20,5.5
2018-10-21,12.32
2018-10-22,10.56
2018-10-23,14.96
2018-10-24,12.32
2018-10-25,12.76
2018-10-26,9.68
2018-10-27,9.68
2018-10-28,15.18
2018-10-29,12.540000000000001
2018-10-30,11.66
2018-10-31,15.62
2018-11-01,3.6
2018-11-02,5.4
2018-11-03,4.5
2018-11-04,6.75
2018-11-05,4.05
2018-11-06,5.4
2018-11-07,4.05
2018-11-08,5.8500000000000005
2018-11-09,7.65
2018-11-10,3.6
2018-11-11,6.3
2018-11-12,9.450000000000001
2018-11-13,8.55
2018-11-14,12.6
2018-11-15,35.550000000000004
2018-11-16,39.6
2018-11-17,5.4
2018-11-18,3.6
2018-11-19,9.0
2018-11-20,7.2
2018-11-21,2.25
2018-11-22,3.6
2018-11-23,3.6
2018-11-24,8.1
2018-11-25,13.05
2018-11-26,45.0
2018-11-27,14.85
2018-11-28,12.15
2018-11-29,7.2
2018-11-30,6.75
2018-12-01,10.56
2018-12-02,13.530000000000001
2018-12-03,8.58
2018-12-04,8.91
2018-12-05,3.96
2018-12-06,13.530000000000001
2018-12-07,8.25
2018-12-08,8.91
2018-12-09,33.0
2018-12-10,26.07
2018-12-11,12.870000000000001
2018-12-12,8.58
2018-12-13,8.58
2018-12-14,6.6000000000000005
2018-12-15,5.61
2018-12-16,3.96
2018-12-17,4.95
2018-12-18,3.6300000000000003
2018-12-19,3.6300000000000003
2018-12-20,5.94
2018-12-21,3.3000000000000003
2018-12-22,2.64
2018-12-23,2.64
2018-12-24,2.97
2018-12-25,1.6500000000000001
2018-12-26,1.6500000000000001
2018-12-27,6.930000000000001
2018-12-28,9.24
2018-12-29,6.2700000000000005
2018-12-30,5.61
2018-12-31,4.29
2019-01-01,8.36
2019-01-02,4.5600000000000005
2019-01-03,6.08
2019-01-04,4.5600000000000005
2019-01-05,3.8
2019-01-06,5.32
2019-01-07,8.36
2019-01-08,10.64
2019-01-09,9.88
2019-01-10,12.92
2019-01-11,14.44
2019-01-12,53.96
2019-01-13,76.0
2019-01-14,28.12
2019-01-15,12.92
2019-01-16,16.72
2019-01-17,28.12
2019-01-18,31.92
2019-01-19,50.92
2019-01-20,65.36
2019-01-21,15.96
2019-01-22,10.64
2019-01-23,19.76
2019-01-24,12.92
2019-01-25,9.120000000000001
2019-01-26,8.36
2019-01-27,12.92
2019-01-28,38.0
2019-01-29,25.080000000000002
2019-01-30,24.32
2019-01-31,6.08
2019-02-01,20.150000000000002
2019-02-02,7.800000000000001
2019-02-03,11.700000000000001
2019-02-04,15.600000000000001
2019-02-05,20.150000000000002
2019-02-06,20.8
2019-02-07,26.650000000000002
2019-02-08,18.85
2019-02-09,22.75
2019-02-10,29.25
2019-02-11,52.0
2019-02-12,65.0
2019-02-13,30.55
2019-02-14,14.950000000000001
2019-02-15,17.55
2019-02-16,11.700000000000001
2019-02-17,29.900000000000002
2019-02-18,33.15
2019-02-19,33.800000000000004
2019-02-20,61.1
2019-02-21,20.150000000000002
2019-02-22,16.25
2019-02-23,13.65
2019-02-24,15.600000000000001
2019-02-25,14.950000000000001
2019-02-26,15.600000000000001
2019-02-27,33.800000000000004
2019-02-28,20.150000000000002
2019-03-01,14.8
2019-03-02,18.0
2019-03-03,25.6
2019-03-04,40.0
2019-03-05,4.800000000000001
2019-03-06,6.0
2019-03-07,5.2
2019-03-08,5.6000000000000005
2019-03-09,5.2
2019-03-10,9.600000000000001
2019-03-11,4.800000000000001
2019-03-12,6.4
2019-03-13,6.800000000000001
2019-03-14,9.200000000000001
2019-03-15,3.6
2019-03-16,2.4000000000000004
2019-03-17,4.0
2019-03-18,4.800000000000001
2019-03-19,4.800000000000001
2019-03-20,3.6
2019-03-21,3.6
2019-03-22,2.8000000000000003
2019-03-23,4.800000000000001
2019-03-24,2.8000000000000003
2019-03-25,2.4000000000000004
2019-03-26,3.2
2019-03-27,6.4
2019-03-28,3.6
2019-03-29,4.4
2019-03-30,0.8
2019-03-31,2.0
2019-04-01,16.330000000000002
2019-04-02,8.280000000000001
2019-04-03,11.270000000000001
2019-04-04,20.470000000000002
2019-04-05,15.41
2019-04-06,2.3000000000000003
2019-04-07,13.57
2019-04-08,12.88
2019-04-09,17.48
2019-04-10,13.8
2019-04-11,23.0
2019-04-12,18.17
2019-04-13,5.75
2019-04-14,19.09
2019-04-15,10.120000000000001
2019-04-16,16.1
2019-04-17,12.42
2019-04-18,7.82
2019-04-19,8.05
2019-04-20,5.75
2019-04-21,5.98
2019-04-22,10.81
2019-04-23,5.75
2019-04-24,13.110000000000001
2019-04-25,16.1
2019-04-26,13.110000000000001
2019-04-27,19.32
2019-04-28,13.57
2019-04-29,9.200000000000001
2019-04-30,11.73
2019-05-01,6.72
2019-05-02,12.32
2019-05-03,12.16
2019-05-04,8.0
2019-05-05,7.04
2019-05-06,16.0
2019-05-07,5.76
2019-05-08,12.64
2019-05-09,9.92
2019-05-10,3.52
2019-05-11,5.28
2019-05-12,9.44
2019-05-13,13.92
2019-05-14,8.48
2019-05-15,2.56
2019-05-16,9.28
2019-05-17,9.6
2019-05-18,4.16
2019-05-19,5.28
2019-05-20,10.24
2019-05-21,15.36
2019-05-22,8.64
2019-05-23,11.36
2019-05-24,3.68
2019-05-25,9.76
2019-05-26,3.2
2019-05-27,3.04
2019-05-28,5.12
2019-05-29,8.48
2019-05-30,5.92
2019-05-31,8.96
2019-06-01,7.15
2019-06-02,0.99
2019-06-03,9.13
2019-06-04,7.7
2019-06-05,6.71
2019-06-06,4.29
2019-06-07,5.28
2019-06-08,1.98
2019-06-09,1.98
2019-06-10,5.94
2019-06-11,7.81
2019-06-12,7.81
2019-06-13,7.7
2019-06-14,4.29
2019-06-15,5.94
2019-06-16,5.06
2019-06-17,5.17
2019-06-18,8.47
2019-06-19,11.0
2019-06-20,3.41
2019-06-21,7.15
2019-06-22,9.35
2019-06-23,4.18
2019-06-24,8.69
2019-06-25,7.92
2019-06-26,5.17
2019-06-27,6.82
2019-06-28,9.24
2019-06-29,2.09
2019-06-30,4.07
2019-07-01,9.3
2019-07-02,5.6000000000000005
2019-07-03,6.6000000000000005
2019-07-04,4.2
2019-07-05,4.2
2019-07-06,4.1000000000000005
2019-07-07,8.200000000000001
2019-07-08,9.0
2019-07-09,7.4
2019-07-10,7.4
2019-07-11,7.300000000000001
2019-07-12,8.5
2019-07-13,3.2
2019-07-14,2.2
2019-07-15,3.7
2019-07-16,4.5
2019-07-17,10.0
2019-07-18,4.7
2019-07-19,2.9000000000000004
2019-07-20,2.1
2019-07-21,8.700000000000001
2019-07-22,5.6000000000000005
2019-07-23,7.4
2019-07-24,7.7
2019-07-25,4.800000000000001
2019-07-26,4.9
2019-07-27,1.1
2019-07-28,3.3000000000000003
2019-07-29,6.7
2019-07-30,9.4
2019-07-31,6.6000000000000005
2019-08-01,3.85
2019-08-02,1.98
2019-08-03,3.41
2019-08-04,2.2
2019-08-05,6.82
2019-08-06,4.73
2019-08-07,4.84
2019-08-08,5.94
2019-08-09,3.85
2019-08-10,3.3
2019-08-11,1.1
2019-08-12,7.7
2019-08-13,4.73
2019-08-14,4.62
2019-08-15,1.87
2019-08-16,2.86
2019-08-17,5.5
2019-08-18,4.4
2019-08-19,2.75
2019-08-20,5.5
2019-08-21,5.61
2019-08-22,4.73
2019-08-23,5.61
2019-08-24,4.4
2019-08-25,3.3
2019-08-26,6.38
2019-08-27,8.25
2019-08-28,5.5
2019-08-29,11.0
2019-08-30,6.2700000000000005
2019-08-31,9.35
2019-09-01,3.74
2019-09-02,4.42
2019-09-03,5.44
2019-09-04,8.67
2019-09-05,10.200000000000001
2019-09-06,8.67
2019-09-07,1.87
2019-09-08,6.460000000000001
2019-09-09,12.41
2019-09-10,6.29
2019-09-11,9.350000000000001
2019-09-12,13.430000000000001
2019-09-13,3.91
2019-09-14,4.760000000000001
2019-09-15,8.16
2019-09-16,12.41
2019-09-17,6.12
2019-09-18,10.030000000000001
2019-09-19,12.58
2019-09-20,6.29
2019-09-21,3.74
2019-09-22,3.74
2019-09-23,7.65
2019-09-24,8.5
2019-09-25,5.61
2019-09-26,12.920000000000002
2019-09-27,9.690000000000001
2019-09-28,2.89
2019-09-29,17.0
2019-09-30,14.280000000000001
2019-10-01,9.9
2019-10-02,7.7
2019-10-03,5.5
2019-10-04,3.74
2019-10-05,2.42
2019-10-06,6.16
2019-10-07,5.06
2019-10-08,8.14
2019-10-09,7.92
2019-10-10,7.7
2019-10-11,13.64
2019-10-12,7.48
2019-10-13,2.42
2019-10-14,10.56
2019-10-15,3.08
2019-10-16,7.7
2019-10-17,5.72
2019-10-18,4.18
2019-10-19,3.74
2019-10-20,3.08
2019-10-21,7.48
2019-10-22,5.94
2019-10-23,15.84
2019-10-24,10.12
2019-10-25,10.12
2019-10-26,1.98
2019-10-27,10.78
2019-10-28,22.0
2019-10-29,14.3
2019-10-30,13.86
2019-10-31,16.06
2019-11-01,8.68
2019-11-02,4.96
2019-11-03,5.27
2019-11-04,10.23
2019-11-05,8.68
2019-11-06,11.47
2019-11-07,9.3
2019-11-08,9.61
2019-11-09,8.06
2019-11-10,9.3
2019-11-11,30.07
2019-11-12,28.52
2019-11-13,8.37
2019-11-14,8.99
2019-11-15,4.96
2019-11-16,1.8599999999999999
2019-11-17,1.8599999999999999
2019-11-18,8.99
2019-11-19,9.61
2019-11-20,12.09
2019-11-21,9.92
2019-11-22,6.51
2019-11-23,6.51
2019-11-24,5.89
2019-11-25,8.06
2019-11-26,28.52
2019-11-27,25.73
2019-11-28,11.47
2019-11-29,8.68
2019-11-30,31.0
2019-12-01,28.98
2019-12-02,46.0
2019-12-03,36.34
2019-12-04,9.66
2019-12-05,7.36
2019-12-06,5.0600000000000005
2019-12-07,3.22
2019-12-08,2.7600000000000002
2019-12-09,8.280000000000001
2019-12-10,7.36
2019-12-11,12.88
2019-12-12,5.5200000000000005
2019-12-13,4.6000000000000005
2019-12-14,3.22
2019-12-15,14.72
2019-12-16,17.48
2019-12-17,17.48
2019-12-18,5.0600000000000005
2019-12-19,2.3000000000000003
2019-12-20,2.3000000000000003
2019-12-21,1.3800000000000001
2019-12-22,3.68
2019-12-23,3.22
2019-12-24,1.84
2019-12-25,0.92
2019-12-26,2.7600000000000002
2019-12-27,3.22
2019-12-28,8.74
2019-12-29,9.66
2019-12-30,8.280000000000001
2019-12-31,10.58
2020-01-01,4.07
2020-01-02,2.59
2020-01-03,2.2199999999999998
2020-01-04,4.81
2020-01-05,3.33
2020-01-06,6.66
2020-01-07,8.14
2020-01-08,5.92
2020-01-09,5.92
2020-01-10,6.66
2020-01-11,11.1
2020-01-12,8.51
2020-01-13,11.47
2020-01-14,7.4
2020-01-15,8.51
2020-01-16,12.95
2020-01-17,17.759999999999998
2020-01-18,37.0
2020-01-19,13.32
2020-01-20,6.29
2020-01-21,6.66
2020-01-22,6.29
2020-01-23,8.51
2020-01-24,4.4399999999999995
2020-01-25,7.03
2020-01-26,1.85
2020-01-27,2.59
2020-01-28,6.66
2020-01-29,5.55
2020-01-30,5.92
2020-01-31,5.55
2020-02-01,2.96
2020-02-02,7.03
2020-02-03,14.43
2020-02-04,25.9
2020-02-05,16.28
2020-02-06,37.0
2020-02-07,25.9
2020-02-08,19.61
2020-02-09,19.61
2020-02-10,15.91
2020-02-11,14.06
2020-02-12,22.2
2020-02-13,31.08
2020-02-14,9.25
2020-02-15,4.07
2020-02-16,7.03
2020-02-17,9.25
2020-02-18,12.58
2020-02-19,12.95
2020-02-20,18.13
2020-02-21,14.8
2020-02-22,5.55
2020-02-23,3.33
2020-02-24,8.51
2020-02-25,17.759999999999998
2020-02-26,23.68
2020-02-27,15.54
2020-02-28,14.8
2020-02-29,8.879999999999999
2020-03-01,5.3999999999999995
2020-03-02,16.74
2020-03-03,14.94
2020-03-04,18.0
2020-03-05,9.9
2020-03-06,11.7
2020-03-07,10.08
2020-03-08,7.199999999999999
2020-03-09,9.9
2020-03-10,9.18
2020-03-11,11.34
2020-03-12,6.66
2020-03-13,5.3999999999999995
2020-03-14,8.28
2020-03-15,6.3
2020-03-16,10.44
2020-03-17,9.18
2020-03-18,9.0
2020-03-19,7.739999999999999
2020-03-20,6.66
2020-03-21,0.8999999999999999
2020-03-22,8.459999999999999
2020-03-23,14.04
2020-03-24,11.34
2020-03-25,13.5
2020-03-26,9.9
2020-03-27,10.08
2020-03-28,6.84
2020-03-29,9.9
2020-03-30,10.08
2020-03-31,7.199999999999999
2020-04-01,23.0
2020-04-02,12.190000000000001
2020-04-03,18.86
2020-04-04,12.190000000000001
2020-04-05,18.630000000000003
2020-04-06,22.540000000000003
2020-04-07,18.86
2020-04-08,18.86
2020-04-09,23.0
