Date,Advertising
2013-04-01,77.42
2013-04-02,78.4
2013-04-03,78.4
2013-04-04,82.32
2013-04-05,58.8
2013-04-06,39.2
2013-04-07,37.24
2013-04-08,76.44
2013-04-09,81.34
2013-04-10,83.3
2013-04-11,75.46
2013-04-12,62.72
2013-04-13,37.24
2013-04-14,49.0
2013-04-15,78.4
2013-04-16,98.0
2013-04-17,87.22
2013-04-18,73.5
2013-04-19,64.67999999999999
2013-04-20,34.3
2013-04-21,38.22
2013-04-22,86.24
2013-04-23,83.3
2013-04-24,94.08
2013-04-25,76.44
2013-04-26,68.6
2013-04-27,31.36
2013-04-28,47.04
2013-04-29,81.34
2013-04-30,77.42
2013-05-01,91.0
2013-05-02,83.72
2013-05-03,69.16
2013-05-04,33.67
2013-05-05,33.67
2013-05-06,73.71000000000001
2013-05-07,79.17
2013-05-08,82.81
2013-05-09,70.98
2013-05-10,53.690000000000005
2013-05-11,36.4
2013-05-12,34.58
2013-05-13,71.89
2013-05-14,69.16
2013-05-15,85.54
2013-05-16,72.8
2013-05-17,60.97
2013-05-18,34.58
2013-05-19,34.58
2013-05-20,69.16
2013-05-21,71.89
2013-05-22,72.8
2013-05-23,72.8
2013-05-24,52.78
2013-05-25,36.4
2013-05-26,28.21
2013-05-27,32.76
2013-05-28,69.16
2013-05-29,71.89
2013-05-30,70.98
2013-05-31,55.510000000000005
2013-06-01,45.82
2013-06-02,36.34
2013-06-03,56.88
2013-06-04,74.26
2013-06-05,67.15
2013-06-06,68.73
2013-06-07,73.47
2013-06-08,40.29
2013-06-09,51.35
2013-06-10,73.47
2013-06-11,62.410000000000004
2013-06-12,67.15
2013-06-13,67.15
2013-06-14,61.620000000000005
2013-06-15,36.34
2013-06-16,33.97
2013-06-17,71.89
2013-06-18,79.0
2013-06-19,73.47
2013-06-20,66.36
2013-06-21,58.46
2013-06-22,28.44
2013-06-23,32.39
2013-06-24,71.10000000000001
2013-06-25,56.09
2013-06-26,63.99
2013-06-27,60.830000000000005
2013-06-28,60.830000000000005
2013-06-29,35.550000000000004
2013-06-30,33.18
2013-07-01,65.36
2013-07-02,60.04
2013-07-03,57.0
2013-07-04,32.68
2013-07-05,29.64
2013-07-06,30.4
2013-07-07,34.2
2013-07-08,57.76
2013-07-09,60.8
2013-07-10,68.4
2013-07-11,58.52
2013-07-12,55.480000000000004
2013-07-13,26.6
2013-07-14,42.56
2013-07-15,60.04
2013-07-16,68.4
2013-07-17,56.24
2013-07-18,63.08
2013-07-19,63.08
2013-07-20,39.52
2013-07-21,29.64
2013-07-22,61.56
2013-07-23,76.0
2013-07-24,66.12
2013-07-25,71.44
2013-07-26,57.76
2013-07-27,38.0
2013-07-28,41.04
2013-07-29,67.64
2013-07-30,67.64
2013-07-31,58.52
2013-08-01,79.0
2013-08-02,54.510000000000005
2013-08-03,33.97
2013-08-04,40.29
2013-08-05,59.25
2013-08-06,60.830000000000005
2013-08-07,69.52000000000001
2013-08-08,68.73
2013-08-09,62.410000000000004
2013-08-10,29.23
2013-08-11,41.08
2013-08-12,67.15
2013-08-13,71.89
2013-08-14,65.57000000000001
2013-08-15,53.72
2013-08-16,56.88
2013-08-17,54.510000000000005
2013-08-18,33.97
2013-08-19,63.99
2013-08-20,63.2
2013-08-21,71.89
2013-08-22,67.15
2013-08-23,63.2
2013-08-24,36.34
2013-08-25,41.870000000000005
2013-08-26,57.67
2013-08-27,79.0
2013-08-28,72.68
2013-08-29,63.2
2013-08-30,64.78
2013-08-31,30.810000000000002
2013-09-01,26.39
2013-09-02,34.58
2013-09-03,77.35000000000001
2013-09-04,80.99000000000001
2013-09-05,79.17
2013-09-06,72.8
2013-09-07,30.94
2013-09-08,39.13
2013-09-09,90.09
2013-09-10,75.53
2013-09-11,80.08
2013-09-12,79.17
2013-09-13,64.61
2013-09-14,22.75
2013-09-15,43.68
2013-09-16,83.72
2013-09-17,86.45
2013-09-18,75.53
2013-09-19,85.54
2013-09-20,78.26
2013-09-21,34.58
2013-09-22,40.04
2013-09-23,91.0
2013-09-24,85.54
2013-09-25,75.53
2013-09-26,87.36
2013-09-27,87.36
2013-09-28,46.410000000000004
2013-09-29,40.04
2013-09-30,72.8
2013-10-01,78.0
2013-10-02,81.0
2013-10-03,77.0
2013-10-04,69.0
2013-10-05,43.0
2013-10-06,44.0
2013-10-07,78.0
2013-10-08,91.0
2013-10-09,100.0
2013-10-10,88.0
2013-10-11,72.0
2013-10-12,37.0
2013-10-13,47.0
2013-10-14,76.0
2013-10-15,71.0
2013-10-16,85.0
2013-10-17,87.0
2013-10-18,73.0
2013-10-19,42.0
2013-10-20,47.0
2013-10-21,84.0
2013-10-22,98.0
2013-10-23,94.0
2013-10-24,72.0
2013-10-25,77.0
2013-10-26,39.0
2013-10-27,40.0
2013-10-28,89.0
2013-10-29,94.0
2013-10-30,78.0
2013-10-31,78.0
2013-11-01,69.56
2013-11-02,44.18
2013-11-03,46.059999999999995
2013-11-04,92.11999999999999
2013-11-05,93.05999999999999
2013-11-06,93.05999999999999
2013-11-07,88.36
2013-11-08,75.19999999999999
2013-11-09,44.18
2013-11-10,37.599999999999994
2013-11-11,77.08
2013-11-12,84.6
2013-11-13,89.3
2013-11-14,94.0
2013-11-15,79.89999999999999
2013-11-16,33.839999999999996
2013-11-17,47.0
2013-11-18,94.0
2013-11-19,90.24
2013-11-20,89.3
2013-11-21,89.3
2013-11-22,77.08
2013-11-23,44.18
2013-11-24,44.18
2013-11-25,80.83999999999999
2013-11-26,90.24
2013-11-27,54.519999999999996
2013-11-28,22.56
2013-11-29,42.3
2013-11-30,45.12
2013-12-01,28.47
2013-12-02,53.29
2013-12-03,70.81
2013-12-04,73.0
2013-12-05,66.42999999999999
2013-12-06,47.449999999999996
2013-12-07,37.96
2013-12-08,37.96
2013-12-09,56.21
2013-12-10,69.35
2013-12-11,57.67
2013-12-12,56.94
2013-12-13,54.75
2013-12-14,25.55
2013-12-15,29.93
2013-12-16,54.75
2013-12-17,54.019999999999996
2013-12-18,47.449999999999996
2013-12-19,55.48
2013-12-20,43.07
2013-12-21,23.36
2013-12-22,21.169999999999998
2013-12-23,33.58
2013-12-24,18.25
2013-12-25,18.25
2013-12-26,27.74
2013-12-27,27.74
2013-12-28,21.9
2013-12-29,23.36
2013-12-30,32.12
2013-12-31,27.009999999999998
2014-01-01,29.24
2014-01-02,43.0
2014-01-03,51.6
2014-01-04,36.12
2014-01-05,32.68
2014-01-06,59.339999999999996
2014-01-07,71.38
2014-01-08,84.28
2014-01-09,76.53999999999999
2014-01-10,73.96
2014-01-11,36.98
2014-01-12,41.28
2014-01-13,81.7
2014-01-14,78.26
2014-01-15,78.26
2014-01-16,79.98
2014-01-17,66.22
2014-01-18,32.68
2014-01-19,43.0
2014-01-20,69.66
2014-01-21,74.82
2014-01-22,84.28
2014-01-23,77.4
2014-01-24,66.22
2014-01-25,34.4
2014-01-26,37.839999999999996
2014-01-27,76.53999999999999
2014-01-28,86.0
2014-01-29,75.67999999999999
2014-01-30,84.28
2014-01-31,67.94
2014-02-01,44.65
2014-02-02,49.4
2014-02-03,88.35
2014-02-04,86.45
2014-02-05,93.1
2014-02-06,94.05
2014-02-07,76.95
2014-02-08,43.699999999999996
2014-02-09,49.4
2014-02-10,87.39999999999999
2014-02-11,78.85
2014-02-12,84.55
2014-02-13,86.45
2014-02-14,76.0
2014-02-15,36.1
2014-02-16,44.65
2014-02-17,71.25
2014-02-18,92.14999999999999
2014-02-19,95.0
2014-02-20,90.25
2014-02-21,75.05
2014-02-22,48.449999999999996
2014-02-23,53.199999999999996
2014-02-24,93.1
2014-02-25,86.45
2014-02-26,90.25
2014-02-27,87.39999999999999
2014-02-28,73.14999999999999
2014-03-01,39.160000000000004
2014-03-02,42.72
2014-03-03,63.19
2014-03-04,72.09
2014-03-05,84.55
2014-03-06,76.54
2014-03-07,80.1
2014-03-08,43.61
2014-03-09,42.72
2014-03-10,74.76
2014-03-11,78.32000000000001
2014-03-12,80.99
2014-03-13,75.65
2014-03-14,68.53
2014-03-15,32.93
2014-03-16,36.49
2014-03-17,59.63
2014-03-18,77.43
2014-03-19,77.43
2014-03-20,76.54
2014-03-21,64.08
2014-03-22,37.38
2014-03-23,33.82
2014-03-24,74.76
2014-03-25,88.11
2014-03-26,63.19
2014-03-27,89.0
2014-03-28,63.19
2014-03-29,39.160000000000004
2014-03-30,39.160000000000004
2014-03-31,77.43
2014-04-01,84.39
2014-04-02,81.48
2014-04-03,82.45
2014-04-04,82.45
2014-04-05,38.8
2014-04-06,40.74
2014-04-07,82.45
2014-04-08,85.36
2014-04-09,95.06
2014-04-10,80.50999999999999
2014-04-11,70.81
2014-04-12,34.92
2014-04-13,47.53
2014-04-14,82.45
2014-04-15,84.39
2014-04-16,97.0
2014-04-17,87.3
2014-04-18,69.84
2014-04-19,35.89
2014-04-20,43.65
2014-04-21,88.27
2014-04-22,94.09
2014-04-23,81.48
2014-04-24,88.27
2014-04-25,74.69
2014-04-26,39.769999999999996
2014-04-27,47.53
2014-04-28,87.3
2014-04-29,92.14999999999999
2014-04-30,92.14999999999999
2014-05-01,69.72
2014-05-02,68.03999999999999
2014-05-03,44.519999999999996
2014-05-04,40.32
2014-05-05,80.64
2014-05-06,76.44
2014-05-07,75.6
2014-05-08,71.39999999999999
2014-05-09,68.88
2014-05-10,34.44
2014-05-11,36.12
2014-05-12,63.0
2014-05-13,80.64
2014-05-14,73.08
2014-05-15,63.839999999999996
2014-05-16,63.0
2014-05-17,32.76
2014-05-18,36.96
2014-05-19,53.76
2014-05-20,84.0
2014-05-21,70.56
2014-05-22,71.39999999999999
2014-05-23,55.44
2014-05-24,25.2
2014-05-25,29.4
2014-05-26,29.4
2014-05-27,68.03999999999999
2014-05-28,64.67999999999999
2014-05-29,52.919999999999995
2014-05-30,47.879999999999995
2014-05-31,26.88
2014-06-01,37.6
2014-06-02,78.4
2014-06-03,65.60000000000001
2014-06-04,68.8
2014-06-05,72.0
2014-06-06,64.0
2014-06-07,26.400000000000002
2014-06-08,26.400000000000002
2014-06-09,62.400000000000006
2014-06-10,58.400000000000006
2014-06-11,66.4
2014-06-12,72.8
2014-06-13,71.2
2014-06-14,28.0
2014-06-15,31.200000000000003
2014-06-16,55.2
2014-06-17,80.0
2014-06-18,76.80000000000001
2014-06-19,72.0
2014-06-20,53.6
2014-06-21,32.0
2014-06-22,32.800000000000004
2014-06-23,63.2
2014-06-24,73.60000000000001
2014-06-25,56.800000000000004
2014-06-26,56.800000000000004
2014-06-27,51.2
2014-06-28,37.6
2014-06-29,35.2
2014-06-30,64.8
2014-07-01,48.839999999999996
2014-07-02,57.72
2014-07-03,51.8
2014-07-04,26.64
2014-07-05,19.98
2014-07-06,30.34
2014-07-07,54.019999999999996
2014-07-08,65.86
2014-07-09,73.26
2014-07-10,64.38
2014-07-11,51.06
2014-07-12,22.2
2014-07-13,34.78
2014-07-14,62.16
2014-07-15,52.54
2014-07-16,64.38
2014-07-17,53.28
2014-07-18,51.8
2014-07-19,30.34
2014-07-20,36.26
2014-07-21,63.64
2014-07-22,65.86
2014-07-23,71.78
2014-07-24,58.46
2014-07-25,45.14
2014-07-26,36.26
2014-07-27,29.6
2014-07-28,55.5
2014-07-29,74.0
2014-07-30,53.28
2014-07-31,64.38
2014-08-01,51.1
2014-08-02,36.5
2014-08-03,35.769999999999996
2014-08-04,64.97
2014-08-05,69.35
2014-08-06,67.16
2014-08-07,62.05
2014-08-08,59.129999999999995
2014-08-09,41.61
2014-08-10,33.58
2014-08-11,59.86
2014-08-12,67.16
2014-08-13,67.16
2014-08-14,62.05
2014-08-15,58.4
2014-08-16,22.63
2014-08-17,32.12
2014-08-18,61.32
2014-08-19,64.97
2014-08-20,61.32
2014-08-21,67.16
2014-08-22,42.339999999999996
2014-08-23,32.85
2014-08-24,40.879999999999995
2014-08-25,64.24
2014-08-26,73.0
2014-08-27,69.35
2014-08-28,66.42999999999999
2014-08-29,50.37
2014-08-30,33.58
2014-08-31,32.12
2014-09-01,27.28
2014-09-02,62.48
2014-09-03,74.8
2014-09-04,78.32000000000001
2014-09-05,70.4
2014-09-06,33.44
2014-09-07,30.8
2014-09-08,69.52
2014-09-09,83.6
2014-09-10,66.88
2014-09-11,80.08
2014-09-12,68.64
2014-09-13,34.32
2014-09-14,38.72
2014-09-15,73.04
2014-09-16,76.56
2014-09-17,88.0
2014-09-18,72.16
2014-09-19,72.16
2014-09-20,33.44
2014-09-21,47.52
2014-09-22,75.68
2014-09-23,73.04
2014-09-24,79.2
2014-09-25,80.96
2014-09-26,61.6
2014-09-27,32.56
2014-09-28,49.28
2014-09-29,86.24
2014-09-30,83.6
2014-10-01,65.7
2014-10-02,74.7
2014-10-03,66.60000000000001
2014-10-04,43.2
2014-10-05,44.1
2014-10-06,73.8
2014-10-07,72.0
2014-10-08,78.3
2014-10-09,75.60000000000001
2014-10-10,73.8
2014-10-11,31.5
2014-10-12,37.800000000000004
2014-10-13,64.8
2014-10-14,83.7
2014-10-15,68.4
2014-10-16,78.3
2014-10-17,58.5
2014-10-18,31.5
2014-10-19,46.800000000000004
2014-10-20,80.10000000000001
2014-10-21,90.0
2014-10-22,81.9
2014-10-23,73.8
2014-10-24,69.3
2014-10-25,36.9
2014-10-26,37.800000000000004
2014-10-27,72.9
2014-10-28,83.7
2014-10-29,83.7
2014-10-30,73.8
2014-10-31,63.0
2014-11-01,33.199999999999996
2014-11-02,39.01
2014-11-03,70.55
2014-11-04,73.86999999999999
2014-11-05,73.86999999999999
2014-11-06,83.0
2014-11-07,70.55
2014-11-08,28.22
2014-11-09,39.839999999999996
2014-11-10,63.91
2014-11-11,74.7
2014-11-12,73.86999999999999
2014-11-13,77.19
2014-11-14,63.91
2014-11-15,34.03
2014-11-16,34.86
2014-11-17,81.33999999999999
2014-11-18,75.53
2014-11-19,81.33999999999999
2014-11-20,81.33999999999999
2014-11-21,68.06
2014-11-22,33.199999999999996
2014-11-23,35.69
2014-11-24,64.74
2014-11-25,65.57
2014-11-26,52.29
2014-11-27,28.22
2014-11-28,24.9
2014-11-29,34.86
2014-11-30,35.69
2014-12-01,60.72
2014-12-02,56.58
2014-12-03,67.61999999999999
2014-12-04,59.339999999999996
2014-12-05,53.129999999999995
2014-12-06,32.43
2014-12-07,28.29
2014-12-08,57.959999999999994
2014-12-09,69.0
2014-12-10,60.72
2014-12-11,53.81999999999999
2014-12-12,47.61
2014-12-13,24.15
2014-12-14,22.77
2014-12-15,59.339999999999996
2014-12-16,47.61
2014-12-17,49.67999999999999
2014-12-18,39.33
2014-12-19,36.57
2014-12-20,17.25
2014-12-21,18.63
2014-12-22,36.57
2014-12-23,28.979999999999997
2014-12-24,20.7
2014-12-25,20.009999999999998
2014-12-26,20.009999999999998
2014-12-27,14.489999999999998
2014-12-28,20.009999999999998
2014-12-29,27.599999999999998
2014-12-30,37.949999999999996
2014-12-31,24.839999999999996
2015-01-01,26.86
2015-01-02,29.23
2015-01-03,28.44
2015-01-04,26.07
2015-01-05,53.72
2015-01-06,57.67
2015-01-07,59.25
2015-01-08,65.57000000000001
2015-01-09,52.93
2015-01-10,25.28
2015-01-11,27.650000000000002
2015-01-12,66.36
2015-01-13,75.84
2015-01-14,61.620000000000005
2015-01-15,66.36
2015-01-16,54.510000000000005
2015-01-17,30.810000000000002
2015-01-18,26.07
2015-01-19,45.82
2015-01-20,67.15
2015-01-21,70.31
2015-01-22,70.31
2015-01-23,62.410000000000004
2015-01-24,30.810000000000002
2015-01-25,38.71
2015-01-26,65.57000000000001
2015-01-27,76.63000000000001
2015-01-28,79.0
2015-01-29,71.89
2015-01-30,56.09
2015-01-31,46.61
2015-02-01,44.82
2015-02-02,69.72
2015-02-03,70.55
2015-02-04,83.0
2015-02-05,60.589999999999996
2015-02-06,58.099999999999994
2015-02-07,26.56
2015-02-08,34.86
2015-02-09,67.22999999999999
2015-02-10,75.53
2015-02-11,73.86999999999999
2015-02-12,66.39999999999999
2015-02-13,63.91
2015-02-14,32.37
2015-02-15,29.88
2015-02-16,58.099999999999994
2015-02-17,64.74
2015-02-18,75.53
2015-02-19,76.36
2015-02-20,63.08
2015-02-21,34.03
2015-02-22,38.18
2015-02-23,65.57
2015-02-24,83.0
2015-02-25,75.53
2015-02-26,79.67999999999999
2015-02-27,68.06
2015-02-28,37.35
2015-03-01,38.18
2015-03-02,77.19
2015-03-03,61.419999999999995
2015-03-04,76.36
2015-03-05,65.57
2015-03-06,63.08
2015-03-07,34.86
2015-03-08,44.82
2015-03-09,72.21
2015-03-10,83.0
2015-03-11,77.19
2015-03-12,67.22999999999999
2015-03-13,59.76
2015-03-14,30.709999999999997
2015-03-15,39.01
2015-03-16,62.25
2015-03-17,73.03999999999999
2015-03-18,75.53
2015-03-19,59.76
2015-03-20,59.76
2015-03-21,46.48
2015-03-22,28.22
2015-03-23,75.53
2015-03-24,70.55
2015-03-25,71.38
2015-03-26,80.50999999999999
2015-03-27,55.61
2015-03-28,26.56
2015-03-29,33.199999999999996
2015-03-30,65.57
2015-03-31,71.38
2015-04-01,76.54
2015-04-02,72.98
2015-04-03,57.85
2015-04-04,33.82
2015-04-05,34.71
2015-04-06,60.52
2015-04-07,78.32000000000001
2015-04-08,75.65
2015-04-09,79.21000000000001
2015-04-10,64.97
2015-04-11,32.93
2015-04-12,46.28
2015-04-13,88.11
2015-04-14,61.410000000000004
2015-04-15,84.55
2015-04-16,82.77
2015-04-17,67.64
2015-04-18,47.17
2015-04-19,44.5
2015-04-20,89.0
2015-04-21,86.33
2015-04-22,83.66
2015-04-23,88.11
2015-04-24,61.410000000000004
2015-04-25,39.160000000000004
2015-04-26,39.160000000000004
2015-04-27,80.1
2015-04-28,83.66
2015-04-29,78.32000000000001
2015-04-30,64.97
2015-05-01,62.370000000000005
2015-05-02,31.57
2015-05-03,27.72
2015-05-04,65.45
2015-05-05,60.83
2015-05-06,75.46000000000001
2015-05-07,62.370000000000005
2015-05-08,53.9
2015-05-09,33.11
2015-05-10,30.8
2015-05-11,70.07000000000001
2015-05-12,55.44
2015-05-13,65.45
2015-05-14,65.45
2015-05-15,56.980000000000004
2015-05-16,28.490000000000002
2015-05-17,36.96
2015-05-18,63.14
2015-05-19,63.14
2015-05-20,60.83
2015-05-21,77.0
2015-05-22,53.9
2015-05-23,36.96
2015-05-24,26.18
2015-05-25,24.64
2015-05-26,53.13
2015-05-27,57.75
2015-05-28,56.21
2015-05-29,53.13
2015-05-30,26.95
2015-05-31,26.18
2015-06-01,62.48
2015-06-02,63.9
2015-06-03,56.8
2015-06-04,58.93
2015-06-05,48.28
2015-06-06,24.14
2015-06-07,28.4
2015-06-08,71.0
2015-06-09,64.61
2015-06-10,71.0
2015-06-11,61.059999999999995
2015-06-12,50.41
2015-06-13,31.24
2015-06-14,31.24
2015-06-15,44.019999999999996
2015-06-16,53.25
2015-06-17,60.349999999999994
2015-06-18,58.93
2015-06-19,52.54
2015-06-20,22.009999999999998
2015-06-21,24.14
2015-06-22,57.51
2015-06-23,55.379999999999995
2015-06-24,68.86999999999999
2015-06-25,39.76
2015-06-26,48.989999999999995
2015-06-27,27.689999999999998
2015-06-28,23.43
2015-06-29,42.599999999999994
2015-06-30,66.03
2015-07-01,61.059999999999995
2015-07-02,47.57
2015-07-03,28.4
2015-07-04,28.4
2015-07-05,28.4
2015-07-06,62.48
2015-07-07,63.9
2015-07-08,69.58
2015-07-09,65.32
2015-07-10,47.57
2015-07-11,31.24
2015-07-12,34.79
2015-07-13,63.19
2015-07-14,56.089999999999996
2015-07-15,60.349999999999994
2015-07-16,69.58
2015-07-17,50.41
2015-07-18,28.4
2015-07-19,29.11
2015-07-20,65.32
2015-07-21,63.9
2015-07-22,59.64
2015-07-23,71.0
2015-07-24,45.44
2015-07-25,21.299999999999997
2015-07-26,28.4
2015-07-27,58.93
2015-07-28,68.86999999999999
2015-07-29,58.93
2015-07-30,56.089999999999996
2015-07-31,39.76
2015-08-01,30.150000000000002
2015-08-02,22.78
2015-08-03,39.53
2015-08-04,52.260000000000005
2015-08-05,67.0
2015-08-06,50.92
2015-08-07,42.88
2015-08-08,28.810000000000002
2015-08-09,21.44
2015-08-10,41.54
2015-08-11,52.260000000000005
2015-08-12,56.95
2015-08-13,51.59
2015-08-14,46.900000000000006
2015-08-15,26.130000000000003
2015-08-16,25.46
2015-08-17,53.6
2015-08-18,57.620000000000005
2015-08-19,53.6
2015-08-20,54.940000000000005
2015-08-21,40.870000000000005
2015-08-22,24.12
2015-08-23,26.8
2015-08-24,50.25
2015-08-25,62.980000000000004
2015-08-26,54.940000000000005
2015-08-27,52.93
2015-08-28,56.28
2015-08-29,20.1
2015-08-30,24.790000000000003
2015-08-31,64.32000000000001
2015-09-01,59.86
2015-09-02,59.04
2015-09-03,59.86
2015-09-04,51.66
2015-09-05,22.139999999999997
2015-09-06,22.139999999999997
2015-09-07,29.52
2015-09-08,52.48
2015-09-09,61.49999999999999
2015-09-10,82.0
2015-09-11,54.12
2015-09-12,29.52
2015-09-13,36.08
2015-09-14,66.42
2015-09-15,72.16
2015-09-16,69.7
2015-09-17,63.959999999999994
2015-09-18,53.3
2015-09-19,31.159999999999997
2015-09-20,36.08
2015-09-21,69.7
2015-09-22,63.959999999999994
2015-09-23,63.959999999999994
2015-09-24,68.88
2015-09-25,63.13999999999999
2015-09-26,27.88
2015-09-27,36.08
2015-09-28,58.22
2015-09-29,73.8
2015-09-30,72.97999999999999
2015-10-01,86.24
2015-10-02,59.84
2015-10-03,29.92
2015-10-04,33.44
2015-10-05,75.68
2015-10-06,72.16
2015-10-07,79.2
2015-10-08,66.88
2015-10-09,57.2
2015-10-10,32.56
2015-10-11,33.44
2015-10-12,64.24
2015-10-13,87.12
2015-10-14,75.68
2015-10-15,67.76
2015-10-16,66.0
2015-10-17,32.56
2015-10-18,36.08
2015-10-19,74.8
2015-10-20,73.04
2015-10-21,80.96
2015-10-22,88.0
2015-10-23,65.12
2015-10-24,29.92
2015-10-25,29.04
2015-10-26,82.72
2015-10-27,74.8
2015-10-28,85.36
2015-10-29,88.0
2015-10-30,63.36
2015-10-31,32.56
2015-11-01,27.3
2015-11-02,68.64
2015-11-03,67.08
2015-11-04,66.3
2015-11-05,66.3
2015-11-06,54.6
2015-11-07,35.1
2015-11-08,28.080000000000002
2015-11-09,67.86
2015-11-10,70.98
2015-11-11,67.08
2015-11-12,70.98
2015-11-13,60.06
2015-11-14,39.78
2015-11-15,28.86
2015-11-16,65.52
2015-11-17,78.0
2015-11-18,78.0
2015-11-19,61.620000000000005
2015-11-20,54.6
2015-11-21,21.84
2015-11-22,28.080000000000002
2015-11-23,68.64
2015-11-24,51.480000000000004
2015-11-25,41.34
2015-11-26,31.98
2015-11-27,23.400000000000002
2015-11-28,24.18
2015-11-29,34.32
2015-11-30,70.2
2015-12-01,57.2
2015-12-02,57.2
2015-12-03,58.5
2015-12-04,52.0
2015-12-05,35.75
2015-12-06,29.900000000000002
2015-12-07,65.0
2015-12-08,58.5
2015-12-09,61.1
2015-12-10,55.9
2015-12-11,51.35
2015-12-12,27.95
2015-12-13,23.400000000000002
2015-12-14,55.9
2015-12-15,57.85
2015-12-16,53.95
2015-12-17,47.45
2015-12-18,37.7
2015-12-19,24.05
2015-12-20,18.2
2015-12-21,35.1
2015-12-22,38.35
2015-12-23,27.95
2015-12-24,26.650000000000002
2015-12-25,9.75
2015-12-26,13.65
2015-12-27,18.2
2015-12-28,33.800000000000004
2015-12-29,33.800000000000004
2015-12-30,29.900000000000002
2015-12-31,22.1
2016-01-01,25.55
2016-01-02,27.009999999999998
2016-01-03,27.009999999999998
2016-01-04,55.48
2016-01-05,63.51
2016-01-06,63.51
2016-01-07,59.129999999999995
2016-01-08,53.29
2016-01-09,25.55
2016-01-10,29.93
2016-01-11,71.53999999999999
2016-01-12,62.05
2016-01-13,61.32
2016-01-14,60.589999999999996
2016-01-15,46.72
2016-01-16,29.93
2016-01-17,24.09
2016-01-18,40.15
2016-01-19,59.86
2016-01-20,66.42999999999999
2016-01-21,68.62
2016-01-22,61.32
2016-01-23,27.74
2016-01-24,37.23
2016-01-25,54.75
2016-01-26,73.0
2016-01-27,70.81
2016-01-28,67.16
2016-01-29,56.94
2016-01-30,36.5
2016-01-31,35.769999999999996
2016-02-01,73.96
2016-02-02,78.26
2016-02-03,86.0
2016-02-04,79.98
2016-02-05,67.08
2016-02-06,35.26
2016-02-07,50.74
2016-02-08,82.56
2016-02-09,75.67999999999999
2016-02-10,74.82
2016-02-11,81.7
2016-02-12,79.12
2016-02-13,44.72
2016-02-14,36.12
2016-02-15,55.04
2016-02-16,77.4
2016-02-17,73.96
2016-02-18,83.42
2016-02-19,67.08
2016-02-20,39.56
2016-02-21,44.72
2016-02-22,74.82
2016-02-23,76.53999999999999
2016-02-24,82.56
2016-02-25,83.42
2016-02-26,65.36
2016-02-27,36.12
2016-02-28,46.44
2016-02-29,74.82
2016-03-01,84.39
2016-03-02,81.78
2016-03-03,82.65
2016-03-04,56.55
2016-03-05,52.2
2016-03-06,39.15
2016-03-07,72.21
2016-03-08,87.0
2016-03-09,76.56
2016-03-10,66.99
2016-03-11,63.51
2016-03-12,35.67
2016-03-13,42.63
2016-03-14,80.04
2016-03-15,73.08
2016-03-16,74.82
2016-03-17,73.08
2016-03-18,62.64
2016-03-19,39.15
2016-03-20,46.11
2016-03-21,84.39
2016-03-22,72.21
2016-03-23,78.3
2016-03-24,77.42999999999999
2016-03-25,66.99
2016-03-26,37.41
2016-03-27,46.98
2016-03-28,79.17
2016-03-29,80.04
2016-03-30,73.95
2016-03-31,78.3
2016-04-01,58.08
2016-04-02,34.32
2016-04-03,46.64
2016-04-04,73.92
2016-04-05,77.44
2016-04-06,85.36
2016-04-07,80.96
2016-04-08,66.0
2016-04-09,43.12
2016-04-10,45.76
2016-04-11,85.36
2016-04-12,82.72
2016-04-13,77.44
2016-04-14,75.68
2016-04-15,70.4
2016-04-16,38.72
2016-04-17,41.36
2016-04-18,74.8
2016-04-19,88.0
2016-04-20,83.6
2016-04-21,73.04
2016-04-22,58.08
2016-04-23,45.76
2016-04-24,42.24
2016-04-25,80.08
2016-04-26,82.72
2016-04-27,73.92
2016-04-28,76.56
2016-04-29,60.72
2016-04-30,41.36
2016-05-01,41.44
2016-05-02,71.03999999999999
2016-05-03,74.0
2016-05-04,71.78
2016-05-05,65.86
2016-05-06,56.24
2016-05-07,32.56
2016-05-08,41.44
2016-05-09,67.34
2016-05-10,71.03999999999999
2016-05-11,63.64
2016-05-12,64.38
2016-05-13,58.46
2016-05-14,35.519999999999996
2016-05-15,31.82
2016-05-16,60.68
2016-05-17,72.52
2016-05-18,66.6
2016-05-19,53.28
2016-05-20,54.019999999999996
2016-05-21,31.82
2016-05-22,33.3
2016-05-23,65.12
2016-05-24,51.06
2016-05-25,66.6
2016-05-26,59.2
2016-05-27,50.32
2016-05-28,28.12
2016-05-29,36.26
2016-05-30,37.74
2016-05-31,56.24
2016-06-01,61.41
2016-06-02,57.269999999999996
2016-06-03,57.959999999999994
2016-06-04,33.809999999999995
2016-06-05,35.19
2016-06-06,52.44
2016-06-07,61.41
2016-06-08,62.099999999999994
2016-06-09,53.129999999999995
2016-06-10,54.51
2016-06-11,26.22
2016-06-12,37.949999999999996
2016-06-13,53.81999999999999
2016-06-14,50.37
2016-06-15,48.3
2016-06-16,53.129999999999995
2016-06-17,45.54
2016-06-18,36.57
2016-06-19,27.599999999999998
2016-06-20,50.37
2016-06-21,63.48
2016-06-22,55.199999999999996
2016-06-23,55.199999999999996
2016-06-24,51.74999999999999
2016-06-25,37.26
2016-06-26,33.809999999999995
2016-06-27,53.81999999999999
2016-06-28,64.17
2016-06-29,69.0
2016-06-30,61.41
2016-07-01,39.6
2016-07-02,25.8
2016-07-03,33.6
2016-07-04,18.599999999999998
2016-07-05,44.4
2016-07-06,48.6
2016-07-07,48.0
2016-07-08,40.199999999999996
2016-07-09,31.2
2016-07-10,37.8
2016-07-11,52.8
2016-07-12,60.0
2016-07-13,54.0
2016-07-14,48.6
2016-07-15,45.6
2016-07-16,34.199999999999996
2016-07-17,33.0
2016-07-18,53.4
2016-07-19,57.599999999999994
2016-07-20,52.8
2016-07-21,53.4
2016-07-22,50.4
2016-07-23,31.2
2016-07-24,30.0
2016-07-25,49.199999999999996
2016-07-26,57.0
2016-07-27,48.0
2016-07-28,54.0
2016-07-29,47.4
2016-07-30,24.599999999999998
2016-07-31,30.0
2016-08-01,48.75
2016-08-02,61.1
2016-08-03,62.400000000000006
2016-08-04,62.400000000000006
2016-08-05,50.050000000000004
2016-08-06,35.75
2016-08-07,34.45
2016-08-08,53.300000000000004
2016-08-09,65.0
2016-08-10,51.35
2016-08-11,65.0
2016-08-12,42.25
2016-08-13,37.050000000000004
2016-08-14,36.4
2016-08-15,55.25
2016-08-16,61.75
2016-08-17,58.5
2016-08-18,61.75
2016-08-19,48.1
2016-08-20,27.3
2016-08-21,31.200000000000003
2016-08-22,55.9
2016-08-23,62.400000000000006
2016-08-24,61.75
2016-08-25,57.2
2016-08-26,59.800000000000004
2016-08-27,34.45
2016-08-28,37.7
2016-08-29,65.0
2016-08-30,64.35000000000001
2016-08-31,63.050000000000004
2016-09-01,66.0
2016-09-02,42.0
2016-09-03,30.75
2016-09-04,33.75
2016-09-05,44.25
2016-09-06,64.5
2016-09-07,72.0
2016-09-08,66.0
2016-09-09,57.75
2016-09-10,32.25
2016-09-11,37.5
2016-09-12,69.0
2016-09-13,73.5
2016-09-14,69.0
2016-09-15,74.25
2016-09-16,48.0
2016-09-17,34.5
2016-09-18,38.25
2016-09-19,73.5
2016-09-20,68.25
2016-09-21,66.0
2016-09-22,66.0
2016-09-23,54.75
2016-09-24,42.75
2016-09-25,35.25
2016-09-26,70.5
2016-09-27,70.5
2016-09-28,70.5
2016-09-29,75.0
2016-09-30,60.0
2016-10-01,26.25
2016-10-02,42.75
2016-10-03,60.0
2016-10-04,63.75
2016-10-05,60.0
2016-10-06,49.5
2016-10-07,51.75
2016-10-08,33.0
2016-10-09,30.75
2016-10-10,51.75
2016-10-11,61.5
2016-10-12,62.25
2016-10-13,57.75
2016-10-14,46.5
2016-10-15,36.75
2016-10-16,33.75
2016-10-17,65.25
2016-10-18,70.5
2016-10-19,69.0
2016-10-20,54.75
2016-10-21,53.25
2016-10-22,32.25
2016-10-23,34.5
2016-10-24,63.75
2016-10-25,75.0
2016-10-26,54.0
2016-10-27,63.0
2016-10-28,45.0
2016-10-29,29.25
2016-10-30,33.75
2016-10-31,65.25
2016-11-01,60.589999999999996
2016-11-02,65.7
2016-11-03,54.019999999999996
2016-11-04,62.05
2016-11-05,29.93
2016-11-06,36.5
2016-11-07,72.27
2016-11-08,62.05
2016-11-09,45.26
2016-11-10,56.94
2016-11-11,58.4
2016-11-12,35.04
2016-11-13,44.53
2016-11-14,72.27
2016-11-15,64.24
2016-11-16,73.0
2016-11-17,69.35
2016-11-18,54.019999999999996
2016-11-19,32.12
2016-11-20,39.42
2016-11-21,56.21
2016-11-22,61.32
2016-11-23,45.26
2016-11-24,21.169999999999998
2016-11-25,28.47
2016-11-26,29.2
2016-11-27,32.85
2016-11-28,62.78
2016-11-29,66.42999999999999
2016-11-30,70.81
2016-12-01,59.400000000000006
2016-12-02,46.86
2016-12-03,32.34
2016-12-04,33.660000000000004
2016-12-05,66.0
2016-12-06,54.78
2016-12-07,52.14
2016-12-08,55.440000000000005
2016-12-09,44.22
2016-12-10,31.020000000000003
2016-12-11,29.700000000000003
2016-12-12,48.84
2016-12-13,49.5
2016-12-14,55.440000000000005
2016-12-15,46.86
2016-12-16,41.580000000000005
2016-12-17,27.060000000000002
2016-12-18,23.76
2016-12-19,43.56
2016-12-20,43.56
2016-12-21,37.620000000000005
2016-12-22,27.720000000000002
2016-12-23,22.44
2016-12-24,11.88
2016-12-25,18.48
2016-12-26,17.16
2016-12-27,28.380000000000003
2016-12-28,30.360000000000003
2016-12-29,31.020000000000003
2016-12-30,23.76
2016-12-31,15.84
2017-01-01,23.25
2017-01-02,28.5
2017-01-03,45.75
2017-01-04,54.75
2017-01-05,57.0
2017-01-06,45.0
2017-01-07,28.5
2017-01-08,31.5
2017-01-09,54.0
2017-01-10,53.25
2017-01-11,61.5
2017-01-12,51.75
2017-01-13,49.5
2017-01-14,33.0
2017-01-15,32.25
2017-01-16,45.0
2017-01-17,58.5
2017-01-18,53.25
2017-01-19,65.25
2017-01-20,46.5
2017-01-21,28.5
2017-01-22,44.25
2017-01-23,73.5
2017-01-24,75.0
2017-01-25,67.5
2017-01-26,56.25
2017-01-27,54.0
2017-01-28,34.5
2017-01-29,35.25
2017-01-30,53.25
2017-01-31,68.25
2017-02-01,84.0
2017-02-02,76.44
2017-02-03,68.03999999999999
2017-02-04,41.16
2017-02-05,40.32
2017-02-06,79.8
2017-02-07,74.75999999999999
2017-02-08,78.11999999999999
2017-02-09,76.44
2017-02-10,65.52
2017-02-11,36.12
2017-02-12,42.0
2017-02-13,67.2
2017-02-14,74.75999999999999
2017-02-15,82.32
2017-02-16,77.28
2017-02-17,63.839999999999996
2017-02-18,39.48
2017-02-19,36.96
2017-02-20,61.32
2017-02-21,72.24
2017-02-22,80.64
2017-02-23,75.6
2017-02-24,60.48
2017-02-25,33.6
2017-02-26,40.32
2017-02-27,78.11999999999999
2017-02-28,81.48
2017-03-01,66.3
2017-03-02,85.0
2017-03-03,58.65
2017-03-04,39.1
2017-03-05,43.35
2017-03-06,84.14999999999999
2017-03-07,74.8
2017-03-08,74.8
2017-03-09,61.199999999999996
2017-03-10,60.35
2017-03-11,28.9
2017-03-12,34.0
2017-03-13,65.45
2017-03-14,71.39999999999999
2017-03-15,60.35
2017-03-16,59.5
2017-03-17,52.699999999999996
2017-03-18,30.599999999999998
2017-03-19,34.85
2017-03-20,66.3
2017-03-21,65.45
2017-03-22,63.75
2017-03-23,78.2
2017-03-24,62.05
2017-03-25,33.15
2017-03-26,47.6
2017-03-27,78.2
2017-03-28,74.8
2017-03-29,70.55
2017-03-30,68.0
2017-03-31,54.4
2017-04-01,49.589999999999996
2017-04-02,47.85
2017-04-03,84.39
2017-04-04,76.56
2017-04-05,80.91
2017-04-06,79.17
2017-04-07,63.51
2017-04-08,44.37
2017-04-09,49.589999999999996
2017-04-10,84.39
2017-04-11,79.17
2017-04-12,70.47
2017-04-13,72.21
2017-04-14,50.46
2017-04-15,40.89
2017-04-16,47.85
2017-04-17,79.17
2017-04-18,85.26
2017-04-19,76.56
2017-04-20,78.3
2017-04-21,66.99
2017-04-22,39.15
2017-04-23,48.72
2017-04-24,87.0
2017-04-25,79.17
2017-04-26,80.91
2017-04-27,80.91
2017-04-28,58.29
2017-04-29,41.76
2017-04-30,49.589999999999996
2017-05-01,75.24
2017-05-02,66.12
2017-05-03,75.24
2017-05-04,76.0
2017-05-05,53.2
2017-05-06,37.24
2017-05-07,41.04
2017-05-08,57.76
2017-05-09,71.44
2017-05-10,66.12
2017-05-11,60.04
2017-05-12,47.12
2017-05-13,32.68
2017-05-14,38.0
2017-05-15,60.04
2017-05-16,66.12
2017-05-17,59.28
2017-05-18,50.160000000000004
2017-05-19,47.12
2017-05-20,33.44
2017-05-21,31.92
2017-05-22,52.44
2017-05-23,56.24
2017-05-24,53.96
2017-05-25,57.76
2017-05-26,38.0
2017-05-27,24.32
2017-05-28,29.64
2017-05-29,29.64
2017-05-30,57.76
2017-05-31,55.480000000000004
2017-06-01,67.0
2017-06-02,48.910000000000004
2017-06-03,44.89
2017-06-04,36.85
2017-06-05,63.650000000000006
2017-06-06,56.28
2017-06-07,62.980000000000004
2017-06-08,57.620000000000005
2017-06-09,52.93
2017-06-10,34.17
2017-06-11,37.52
2017-06-12,60.300000000000004
2017-06-13,62.31
2017-06-14,56.95
2017-06-15,59.63
2017-06-16,50.25
2017-06-17,28.810000000000002
2017-06-18,30.150000000000002
2017-06-19,58.96
2017-06-20,64.32000000000001
2017-06-21,56.28
2017-06-22,52.93
2017-06-23,43.550000000000004
2017-06-24,41.54
2017-06-25,33.5
2017-06-26,66.33
2017-06-27,58.96
2017-06-28,64.99000000000001
2017-06-29,49.580000000000005
2017-06-30,46.900000000000006
2017-07-01,27.09
2017-07-02,28.35
2017-07-03,41.58
2017-07-04,37.8
2017-07-05,50.4
2017-07-06,50.4
2017-07-07,54.18
2017-07-08,34.02
2017-07-09,32.76
2017-07-10,46.62
2017-07-11,52.92
2017-07-12,58.59
2017-07-13,59.85
2017-07-14,52.29
2017-07-15,38.43
2017-07-16,28.35
2017-07-17,47.25
2017-07-18,47.25
2017-07-19,63.0
2017-07-20,61.74
2017-07-21,42.21
2017-07-22,30.87
2017-07-23,37.8
2017-07-24,49.77
2017-07-25,52.92
2017-07-26,56.7
2017-07-27,51.660000000000004
2017-07-28,45.36
2017-07-29,29.61
2017-07-30,31.5
2017-07-31,51.660000000000004
2017-08-01,53.95
2017-08-02,53.95
2017-08-03,55.25
2017-08-04,41.6
2017-08-05,29.25
2017-08-06,33.800000000000004
2017-08-07,53.95
2017-08-08,53.300000000000004
2017-08-09,56.550000000000004
2017-08-10,57.2
2017-08-11,51.35
2017-08-12,37.050000000000004
2017-08-13,30.55
2017-08-14,55.9
2017-08-15,53.95
2017-08-16,46.800000000000004
2017-08-17,47.45
2017-08-18,40.95
2017-08-19,30.55
2017-08-20,27.95
2017-08-21,43.550000000000004
2017-08-22,58.5
2017-08-23,53.300000000000004
2017-08-24,53.300000000000004
2017-08-25,42.25
2017-08-26,30.55
2017-08-27,22.1
2017-08-28,44.2
2017-08-29,48.75
2017-08-30,65.0
2017-08-31,50.050000000000004
2017-09-01,48.28
2017-09-02,31.24
2017-09-03,34.08
2017-09-04,26.27
2017-09-05,58.22
2017-09-06,54.669999999999995
2017-09-07,53.959999999999994
2017-09-08,39.76
2017-09-09,19.88
2017-09-10,26.27
2017-09-11,57.51
2017-09-12,55.379999999999995
2017-09-13,53.25
2017-09-14,49.699999999999996
2017-09-15,53.959999999999994
2017-09-16,31.95
2017-09-17,32.66
2017-09-18,60.349999999999994
2017-09-19,57.51
2017-09-20,68.86999999999999
2017-09-21,61.769999999999996
2017-09-22,54.669999999999995
2017-09-23,25.56
2017-09-24,39.76
2017-09-25,66.03
2017-09-26,71.0
2017-09-27,61.059999999999995
2017-09-28,57.51
2017-09-29,55.379999999999995
2017-09-30,29.82
2017-10-01,26.86
2017-10-02,52.14
2017-10-03,69.52000000000001
2017-10-04,78.21000000000001
2017-10-05,60.830000000000005
2017-10-06,52.93
2017-10-07,43.45
2017-10-08,45.82
2017-10-09,60.040000000000006
2017-10-10,69.52000000000001
2017-10-11,77.42
2017-10-12,75.84
2017-10-13,59.25
2017-10-14,31.6
2017-10-15,39.5
2017-10-16,71.89
2017-10-17,76.63000000000001
2017-10-18,79.0
2017-10-19,73.47
2017-10-20,53.72
2017-10-21,34.760000000000005
2017-10-22,43.45
2017-10-23,63.2
2017-10-24,73.47
2017-10-25,71.89
2017-10-26,79.0
2017-10-27,48.980000000000004
2017-10-28,41.870000000000005
2017-10-29,41.870000000000005
2017-10-30,71.89
2017-10-31,62.410000000000004
2017-11-01,57.75
2017-11-02,69.75
2017-11-03,53.25
2017-11-04,30.0
2017-11-05,32.25
2017-11-06,55.5
2017-11-07,56.25
2017-11-08,66.75
2017-11-09,57.75
2017-11-10,54.75
2017-11-11,24.0
2017-11-12,42.0
2017-11-13,63.75
2017-11-14,75.0
2017-11-15,69.0
2017-11-16,55.5
2017-11-17,45.75
2017-11-18,26.25
2017-11-19,33.0
2017-11-20,54.75
2017-11-21,49.5
2017-11-22,37.5
2017-11-23,27.75
2017-11-24,25.5
2017-11-25,27.75
2017-11-26,34.5
2017-11-27,49.5
2017-11-28,55.5
2017-11-29,62.25
2017-11-30,63.0
2017-12-01,52.779999999999994
2017-12-02,30.159999999999997
2017-12-03,34.22
2017-12-04,57.419999999999995
2017-12-05,57.99999999999999
2017-12-06,53.94
2017-12-07,46.4
2017-12-08,45.82
2017-12-09,30.74
2017-12-10,31.319999999999997
2017-12-11,49.3
2017-12-12,53.94
2017-12-13,55.099999999999994
2017-12-14,52.199999999999996
2017-12-15,45.239999999999995
2017-12-16,25.52
2017-12-17,24.939999999999998
2017-12-18,37.699999999999996
2017-12-19,37.699999999999996
2017-12-20,38.279999999999994
2017-12-21,31.9
2017-12-22,31.319999999999997
2017-12-23,18.56
2017-12-24,13.919999999999998
2017-12-25,13.919999999999998
2017-12-26,24.36
2017-12-27,27.839999999999996
2017-12-28,27.259999999999998
2017-12-29,22.619999999999997
2017-12-30,24.36
2017-12-31,19.72
2018-01-01,18.2
2018-01-02,40.300000000000004
2018-01-03,48.75
2018-01-04,48.1
2018-01-05,54.6
2018-01-06,27.3
2018-01-07,27.3
2018-01-08,52.65
2018-01-09,56.550000000000004
2018-01-10,52.65
2018-01-11,62.400000000000006
2018-01-12,52.0
2018-01-13,33.800000000000004
2018-01-14,30.55
2018-01-15,33.800000000000004
2018-01-16,61.75
2018-01-17,63.7
2018-01-18,56.550000000000004
2018-01-19,55.25
2018-01-20,26.0
2018-01-21,29.900000000000002
2018-01-22,50.050000000000004
2018-01-23,59.800000000000004
2018-01-24,61.1
2018-01-25,48.1
2018-01-26,61.1
2018-01-27,27.3
2018-01-28,35.1
2018-01-29,57.2
2018-01-30,65.0
2018-01-31,59.800000000000004
2018-02-01,69.35
2018-02-02,56.94
2018-02-03,38.69
2018-02-04,43.8
2018-02-05,63.51
2018-02-06,68.62
2018-02-07,66.42999999999999
2018-02-08,59.129999999999995
2018-02-09,59.129999999999995
2018-02-10,36.5
2018-02-11,38.69
2018-02-12,66.42999999999999
2018-02-13,67.89
2018-02-14,57.67
2018-02-15,69.35
2018-02-16,52.56
2018-02-17,25.55
2018-02-18,35.769999999999996
2018-02-19,59.86
2018-02-20,63.51
2018-02-21,66.42999999999999
2018-02-22,67.89
2018-02-23,53.29
2018-02-24,27.74
2018-02-25,41.61
2018-02-26,64.24
2018-02-27,73.0
2018-02-28,70.08
2018-03-01,57.4
2018-03-02,56.699999999999996
2018-03-03,30.799999999999997
2018-03-04,37.099999999999994
2018-03-05,56.0
2018-03-06,61.599999999999994
2018-03-07,63.699999999999996
2018-03-08,56.0
2018-03-09,49.0
2018-03-10,28.0
2018-03-11,32.199999999999996
2018-03-12,55.3
2018-03-13,66.5
2018-03-14,59.49999999999999
2018-03-15,53.199999999999996
2018-03-16,55.3
2018-03-17,28.0
2018-03-18,39.199999999999996
2018-03-19,53.199999999999996
2018-03-20,56.699999999999996
2018-03-21,59.49999999999999
2018-03-22,67.19999999999999
2018-03-23,53.199999999999996
2018-03-24,27.299999999999997
2018-03-25,32.199999999999996
2018-03-26,57.4
2018-03-27,58.099999999999994
2018-03-28,56.0
2018-03-29,70.0
2018-03-30,49.0
2018-03-31,37.8
2018-04-01,33.3
2018-04-02,62.9
2018-04-03,72.52
2018-04-04,67.34
2018-04-05,59.2
2018-04-06,63.64
2018-04-07,39.22
2018-04-08,44.4
2018-04-09,63.64
2018-04-10,71.78
2018-04-11,66.6
2018-04-12,69.56
2018-04-13,48.839999999999996
2018-04-14,32.56
2018-04-15,42.18
2018-04-16,63.64
2018-04-17,71.03999999999999
2018-04-18,74.0
2018-04-19,59.2
2018-04-20,49.58
2018-04-21,30.34
2018-04-22,40.7
2018-04-23,65.12
2018-04-24,63.64
2018-04-25,61.42
2018-04-26,55.5
2018-04-27,53.28
2018-04-28,34.04
2018-04-29,35.519999999999996
2018-04-30,54.76
2018-05-01,66.0
2018-05-02,51.480000000000004
2018-05-03,54.78
2018-05-04,54.78
2018-05-05,33.0
2018-05-06,36.300000000000004
2018-05-07,56.1
2018-05-08,60.720000000000006
2018-05-09,58.74
2018-05-10,54.120000000000005
2018-05-11,44.22
2018-05-12,27.720000000000002
2018-05-13,29.040000000000003
2018-05-14,51.480000000000004
2018-05-15,57.42
2018-05-16,56.760000000000005
2018-05-17,56.760000000000005
2018-05-18,47.52
2018-05-19,27.720000000000002
2018-05-20,31.68
2018-05-21,54.120000000000005
2018-05-22,60.06
2018-05-23,53.46
2018-05-24,50.82
2018-05-25,52.14
2018-05-26,24.42
2018-05-27,36.300000000000004
2018-05-28,33.660000000000004
2018-05-29,51.480000000000004
2018-05-30,50.160000000000004
2018-05-31,50.160000000000004
2018-06-01,48.720000000000006
2018-06-02,36.400000000000006
2018-06-03,30.800000000000004
2018-06-04,56.00000000000001
2018-06-05,43.120000000000005
2018-06-06,50.400000000000006
2018-06-07,45.36000000000001
2018-06-08,46.480000000000004
2018-06-09,24.080000000000002
2018-06-10,28.000000000000004
2018-06-11,48.720000000000006
2018-06-12,53.2
2018-06-13,51.52
2018-06-14,51.52
2018-06-15,36.96
2018-06-16,29.120000000000005
2018-06-17,29.120000000000005
2018-06-18,54.88
2018-06-19,54.32000000000001
2018-06-20,50.96000000000001
2018-06-21,49.28
2018-06-22,43.68000000000001
2018-06-23,25.200000000000003
2018-06-24,31.92
2018-06-25,49.84
2018-06-26,49.84
2018-06-27,47.040000000000006
2018-06-28,47.6
2018-06-29,38.080000000000005
2018-06-30,33.040000000000006
2018-07-01,35.1
2018-07-02,45.36
2018-07-03,48.6
2018-07-04,30.78
2018-07-05,32.400000000000006
2018-07-06,36.72
2018-07-07,22.14
2018-07-08,34.56
2018-07-09,47.52
2018-07-10,49.14
2018-07-11,50.220000000000006
2018-07-12,48.06
2018-07-13,40.5
2018-07-14,29.160000000000004
2018-07-15,35.1
2018-07-16,42.120000000000005
2018-07-17,53.46
2018-07-18,50.220000000000006
2018-07-19,45.900000000000006
2018-07-20,45.900000000000006
2018-07-21,32.400000000000006
2018-07-22,29.160000000000004
2018-07-23,51.300000000000004
2018-07-24,45.900000000000006
2018-07-25,49.68000000000001
2018-07-26,43.74
2018-07-27,39.96
2018-07-28,20.520000000000003
2018-07-29,36.72
2018-07-30,45.36
2018-07-31,54.0
2018-08-01,43.120000000000005
2018-08-02,35.84
2018-08-03,40.32000000000001
2018-08-04,28.560000000000002
2018-08-05,30.240000000000002
2018-08-06,43.120000000000005
2018-08-07,44.24
2018-08-08,50.400000000000006
2018-08-09,43.120000000000005
2018-08-10,41.440000000000005
2018-08-11,25.76
2018-08-12,30.240000000000002
2018-08-13,43.120000000000005
2018-08-14,55.440000000000005
2018-08-15,40.88
2018-08-16,45.92
2018-08-17,38.080000000000005
2018-08-18,24.080000000000002
2018-08-19,33.040000000000006
2018-08-20,42.56
2018-08-21,52.080000000000005
2018-08-22,45.92
2018-08-23,40.88
2018-08-24,38.64
2018-08-25,24.080000000000002
2018-08-26,22.96
2018-08-27,49.28
2018-08-28,56.00000000000001
2018-08-29,52.64000000000001
2018-08-30,50.96000000000001
2018-08-31,40.32000000000001
2018-09-01,27.28
2018-09-02,32.24
2018-09-03,27.28
2018-09-04,49.6
2018-09-05,57.04
2018-09-06,62.0
2018-09-07,51.46
2018-09-08,26.66
2018-09-09,35.339999999999996
2018-09-10,48.36
2018-09-11,48.98
2018-09-12,60.14
2018-09-13,45.88
2018-09-14,39.06
2018-09-15,30.38
2018-09-16,32.24
2018-09-17,55.18
2018-09-18,53.94
2018-09-19,55.8
2018-09-20,60.76
2018-09-21,50.22
2018-09-22,26.66
2018-09-23,25.419999999999998
2018-09-24,58.28
2018-09-25,61.38
2018-09-26,59.519999999999996
2018-09-27,53.94
2018-09-28,43.4
2018-09-29,31.0
2018-09-30,28.52
2018-10-01,66.64
2018-10-02,68.0
2018-10-03,51.00000000000001
2018-10-04,58.480000000000004
2018-10-05,55.080000000000005
2018-10-06,27.880000000000003
2018-10-07,31.96
2018-10-08,59.160000000000004
2018-10-09,58.480000000000004
2018-10-10,52.36000000000001
2018-10-11,65.28
2018-10-12,55.080000000000005
2018-10-13,27.880000000000003
2018-10-14,44.2
2018-10-15,55.080000000000005
2018-10-16,61.2
2018-10-17,57.800000000000004
2018-10-18,54.400000000000006
2018-10-19,51.00000000000001
2018-10-20,29.92
2018-10-21,33.32
2018-10-22,61.2
2018-10-23,68.0
2018-10-24,53.720000000000006
2018-10-25,56.440000000000005
2018-10-26,53.040000000000006
2018-10-27,25.840000000000003
2018-10-28,34.0
2018-10-29,63.92
2018-10-30,63.92
2018-10-31,58.480000000000004
2018-11-01,49.14
2018-11-02,41.58
2018-11-03,33.39
2018-11-04,31.5
2018-11-05,56.07
2018-11-06,56.07
2018-11-07,49.14
2018-11-08,54.18
2018-11-09,46.62
2018-11-10,25.830000000000002
2018-11-11,30.87
2018-11-12,48.51
2018-11-13,47.88
2018-11-14,61.11
2018-11-15,54.81
2018-11-16,39.69
2018-11-17,20.16
2018-11-18,30.240000000000002
2018-11-19,40.32
2018-11-20,44.73
2018-11-21,28.98
2018-11-22,19.53
2018-11-23,18.27
2018-11-24,22.05
2018-11-25,32.76
2018-11-26,47.25
2018-11-27,63.0
2018-11-28,56.07
2018-11-29,59.85
2018-11-30,54.18
2018-12-01,25.92
2018-12-02,27.0
2018-12-03,46.440000000000005
2018-12-04,54.0
2018-12-05,48.6
2018-12-06,51.84
2018-12-07,46.440000000000005
2018-12-08,24.3
2018-12-09,34.02
2018-12-10,46.440000000000005
2018-12-11,52.92
2018-12-12,46.440000000000005
2018-12-13,43.74
2018-12-14,38.34
2018-12-15,24.840000000000003
2018-12-16,21.060000000000002
2018-12-17,36.18
2018-12-18,43.74
2018-12-19,44.28
2018-12-20,31.860000000000003
2018-12-21,29.160000000000004
2018-12-22,13.5
2018-12-23,15.66
2018-12-24,15.120000000000001
2018-12-25,13.5
2018-12-26,22.68
2018-12-27,26.46
2018-12-28,28.080000000000002
2018-12-29,14.040000000000001
2018-12-30,12.420000000000002
2018-12-31,24.3
2019-01-01,14.879999999999999
2019-01-02,34.72
2019-01-03,43.4
2019-01-04,38.44
2019-01-05,24.8
2019-01-06,24.8
2019-01-07,51.46
2019-01-08,50.22
2019-01-09,52.7
2019-01-10,51.46
2019-01-11,35.96
2019-01-12,24.8
2019-01-13,25.419999999999998
2019-01-14,44.02
2019-01-15,51.46
2019-01-16,57.04
2019-01-17,61.38
2019-01-18,47.12
2019-01-19,29.759999999999998
2019-01-20,28.52
2019-01-21,42.16
2019-01-22,42.16
2019-01-23,54.56
2019-01-24,58.28
2019-01-25,45.26
2019-01-26,31.0
2019-01-27,31.0
2019-01-28,50.839999999999996
2019-01-29,58.9
2019-01-30,48.98
2019-01-31,62.0
2019-02-01,51.68000000000001
2019-02-02,31.96
2019-02-03,39.440000000000005
2019-02-04,56.440000000000005
2019-02-05,68.0
2019-02-06,63.24
2019-02-07,63.24
2019-02-08,48.96
2019-02-09,27.200000000000003
2019-02-10,40.800000000000004
2019-02-11,63.24
2019-02-12,61.88
2019-02-13,59.160000000000004
2019-02-14,61.2
2019-02-15,44.88
2019-02-16,22.44
2019-02-17,32.64
2019-02-18,57.120000000000005
2019-02-19,62.56
2019-02-20,63.24
2019-02-21,61.88
2019-02-22,46.24
2019-02-23,42.160000000000004
2019-02-24,30.6
2019-02-25,55.080000000000005
2019-02-26,59.160000000000004
2019-02-27,57.120000000000005
2019-02-28,50.32
2019-03-01,40.32
2019-03-02,33.39
2019-03-03,39.06
2019-03-04,46.62
2019-03-05,57.33
2019-03-06,57.33
2019-03-07,59.22
2019-03-08,47.25
2019-03-09,25.2
2019-03-10,23.31
2019-03-11,63.0
2019-03-12,54.18
2019-03-13,56.07
2019-03-14,61.74
2019-03-15,47.25
2019-03-16,30.240000000000002
2019-03-17,34.02
2019-03-18,48.51
2019-03-19,55.44
2019-03-20,56.07
2019-03-21,50.4
2019-03-22,44.1
2019-03-23,25.2
2019-03-24,34.65
2019-03-25,56.07
2019-03-26,56.07
2019-03-27,53.55
2019-03-28,55.44
2019-03-29,57.96
2019-03-30,26.46
2019-03-31,30.240000000000002
2019-04-01,59.84
2019-04-02,63.24
2019-04-03,55.760000000000005
2019-04-04,48.96
2019-04-05,48.96
2019-04-06,23.8
2019-04-07,33.32
2019-04-08,63.92
2019-04-09,59.160000000000004
2019-04-10,55.760000000000005
2019-04-11,53.040000000000006
2019-04-12,43.52
2019-04-13,23.8
2019-04-14,27.880000000000003
2019-04-15,52.36000000000001
2019-04-16,55.760000000000005
2019-04-17,57.120000000000005
2019-04-18,59.160000000000004
2019-04-19,40.120000000000005
2019-04-20,20.400000000000002
2019-04-21,36.04
2019-04-22,59.160000000000004
2019-04-23,59.160000000000004
2019-04-24,58.480000000000004
2019-04-25,55.080000000000005
2019-04-26,46.92
2019-04-27,25.16
2019-04-28,27.200000000000003
2019-04-29,47.6
2019-04-30,68.0
2019-05-01,53.58
2019-05-02,54.15
2019-05-03,50.73
2019-05-04,27.929999999999996
2019-05-05,39.9
2019-05-06,50.73
2019-05-07,56.99999999999999
2019-05-08,47.879999999999995
2019-05-09,45.599999999999994
2019-05-10,53.01
2019-05-11,21.659999999999997
2019-05-12,30.779999999999998
2019-05-13,43.31999999999999
2019-05-14,51.87
2019-05-15,49.589999999999996
2019-05-16,51.87
2019-05-17,41.61
2019-05-18,24.509999999999998
2019-05-19,26.79
2019-05-20,42.18
2019-05-21,43.31999999999999
2019-05-22,47.879999999999995
2019-05-23,51.3
2019-05-24,40.47
2019-05-25,15.959999999999999
2019-05-26,22.229999999999997
2019-05-27,23.939999999999998
2019-05-28,35.91
2019-05-29,42.18
2019-05-30,46.169999999999995
2019-05-31,41.61
2019-06-01,20.28
2019-06-02,27.560000000000002
2019-06-03,46.800000000000004
2019-06-04,49.4
2019-06-05,41.08
2019-06-06,43.68
2019-06-07,41.08
2019-06-08,27.560000000000002
2019-06-09,26.0
2019-06-10,36.92
2019-06-11,39.52
2019-06-12,48.88
2019-06-13,50.96
2019-06-14,32.24
2019-06-15,30.68
2019-06-16,32.24
2019-06-17,43.68
2019-06-18,50.96
2019-06-19,52.0
2019-06-20,37.96
2019-06-21,37.96
2019-06-22,21.84
2019-06-23,23.400000000000002
2019-06-24,45.24
2019-06-25,48.88
2019-06-26,45.760000000000005
2019-06-27,51.480000000000004
2019-06-28,41.6
2019-06-29,23.400000000000002
2019-06-30,20.8
2019-07-01,29.07
2019-07-02,28.560000000000002
2019-07-03,29.07
2019-07-04,22.44
2019-07-05,19.38
2019-07-06,15.81
2019-07-07,22.44
2019-07-08,33.660000000000004
2019-07-09,37.230000000000004
2019-07-10,46.410000000000004
2019-07-11,39.27
2019-07-12,28.560000000000002
2019-07-13,19.89
2019-07-14,27.03
2019-07-15,32.64
2019-07-16,35.7
2019-07-17,33.15
2019-07-18,51.0
2019-07-19,31.62
2019-07-20,20.91
2019-07-21,24.48
2019-07-22,31.62
2019-07-23,38.76
2019-07-24,36.21
2019-07-25,35.19
2019-07-26,30.6
2019-07-27,17.85
2019-07-28,19.89
2019-07-29,30.6
2019-07-30,38.25
2019-07-31,33.15
2019-08-01,38.88
2019-08-02,37.800000000000004
2019-08-03,27.540000000000003
2019-08-04,24.3
2019-08-05,39.42
2019-08-06,48.6
2019-08-07,39.42
2019-08-08,38.34
2019-08-09,46.440000000000005
2019-08-10,27.540000000000003
2019-08-11,25.92
2019-08-12,34.56
2019-08-13,37.260000000000005
2019-08-14,54.0
2019-08-15,48.6
2019-08-16,40.5
2019-08-17,23.76
2019-08-18,29.700000000000003
2019-08-19,43.2
2019-08-20,46.980000000000004
2019-08-21,48.06
2019-08-22,37.800000000000004
2019-08-23,41.580000000000005
2019-08-24,23.76
2019-08-25,30.78
2019-08-26,44.28
2019-08-27,51.300000000000004
2019-08-28,41.580000000000005
2019-08-29,45.36
2019-08-30,30.78
2019-08-31,23.220000000000002
2019-09-01,23.79
2019-09-02,31.11
2019-09-03,48.19
2019-09-04,54.9
2019-09-05,50.019999999999996
2019-09-06,46.97
2019-09-07,27.45
2019-09-08,32.94
2019-09-09,52.46
2019-09-10,52.46
2019-09-11,52.46
2019-09-12,51.85
2019-09-13,48.8
2019-09-14,26.23
2019-09-15,34.16
2019-09-16,55.51
2019-09-17,56.73
2019-09-18,61.0
2019-09-19,51.24
2019-09-20,52.46
2019-09-21,28.06
2019-09-22,34.16
2019-09-23,59.17
2019-09-24,56.12
2019-09-25,56.12
2019-09-26,55.51
2019-09-27,49.41
2019-09-28,28.06
2019-09-29,31.72
2019-09-30,50.019999999999996
2019-10-01,58.74
2019-10-02,63.36
2019-10-03,64.02
2019-10-04,54.120000000000005
2019-10-05,44.88
2019-10-06,41.580000000000005
2019-10-07,61.38
2019-10-08,58.74
2019-10-09,49.5
2019-10-10,56.1
2019-10-11,47.52
2019-10-12,29.700000000000003
2019-10-13,37.620000000000005
2019-10-14,50.82
2019-10-15,55.440000000000005
2019-10-16,61.38
2019-10-17,55.440000000000005
2019-10-18,52.800000000000004
2019-10-19,25.740000000000002
2019-10-20,33.0
2019-10-21,54.78
2019-10-22,64.02
2019-10-23,63.36
2019-10-24,66.0
2019-10-25,52.14
2019-10-26,31.68
2019-10-27,29.040000000000003
2019-10-28,62.040000000000006
2019-10-29,62.040000000000006
2019-10-30,58.74
2019-10-31,54.78
2019-11-01,51.33
2019-11-02,24.189999999999998
2019-11-03,27.139999999999997
2019-11-04,47.199999999999996
2019-11-05,53.099999999999994
2019-11-06,48.379999999999995
2019-11-07,47.79
2019-11-08,53.69
2019-11-09,24.189999999999998
2019-11-10,30.68
2019-11-11,50.15
2019-11-12,50.15
2019-11-13,59.0
2019-11-14,56.64
2019-11-15,48.97
2019-11-16,28.91
2019-11-17,32.449999999999996
2019-11-18,50.739999999999995
2019-11-19,49.559999999999995
2019-11-20,48.379999999999995
2019-11-21,48.97
2019-11-22,41.3
2019-11-23,25.369999999999997
2019-11-24,29.5
2019-11-25,44.839999999999996
2019-11-26,40.71
2019-11-27,30.09
2019-11-28,21.83
2019-11-29,17.11
2019-11-30,22.419999999999998
2019-12-01,27.0
2019-12-02,47.52
2019-12-03,44.28
2019-12-04,54.0
2019-12-05,46.980000000000004
2019-12-06,48.6
2019-12-07,18.900000000000002
2019-12-08,30.240000000000002
2019-12-09,40.5
2019-12-10,44.82
2019-12-11,48.06
2019-12-12,36.18
2019-12-13,38.34
2019-12-14,23.76
2019-12-15,26.46
2019-12-16,36.18
2019-12-17,36.72
2019-12-18,35.1
2019-12-19,31.32
2019-12-20,31.32
2019-12-21,20.520000000000003
2019-12-22,20.520000000000003
2019-12-23,28.62
2019-12-24,21.060000000000002
2019-12-25,19.44
2019-12-26,19.44
2019-12-27,26.46
2019-12-28,18.900000000000002
2019-12-29,17.28
2019-12-30,27.540000000000003
2019-12-31,22.14
2020-01-01,28.52
2020-01-02,45.88
2020-01-03,47.12
2020-01-04,35.339999999999996
2020-01-05,31.0
2020-01-06,54.56
2020-01-07,55.18
2020-01-08,54.56
2020-01-09,57.66
2020-01-10,55.8
2020-01-11,34.72
2020-01-12,34.72
2020-01-13,60.76
2020-01-14,62.0
2020-01-15,53.94
2020-01-16,59.519999999999996
2020-01-17,50.839999999999996
2020-01-18,35.96
2020-01-19,38.44
2020-01-20,42.16
2020-01-21,56.42
2020-01-22,57.66
2020-01-23,55.18
2020-01-24,55.18
2020-01-25,33.48
2020-01-26,35.339999999999996
2020-01-27,55.18
2020-01-28,58.9
2020-01-29,53.94
2020-01-30,60.76
2020-01-31,58.9
2020-02-01,35.510000000000005
2020-02-02,39.53
2020-02-03,61.64
2020-02-04,63.650000000000006
2020-02-05,58.290000000000006
2020-02-06,56.28
2020-02-07,50.92
2020-02-08,41.54
2020-02-09,30.82
2020-02-10,58.96
2020-02-11,62.980000000000004
2020-02-12,54.940000000000005
2020-02-13,58.290000000000006
2020-02-14,47.57
2020-02-15,37.52
2020-02-16,35.510000000000005
2020-02-17,56.28
2020-02-18,64.32000000000001
2020-02-19,67.0
2020-02-20,65.66000000000001
2020-02-21,63.650000000000006
2020-02-22,32.830000000000005
2020-02-23,36.18
2020-02-24,59.63
2020-02-25,60.970000000000006
2020-02-26,56.95
2020-02-27,55.61000000000001
2020-02-28,54.27
2020-02-29,38.86
2020-03-01,31.32
2020-03-02,46.440000000000005
2020-03-03,51.300000000000004
2020-03-04,54.0
2020-03-05,45.36
2020-03-06,46.980000000000004
2020-03-07,25.92
2020-03-08,30.78
2020-03-09,47.52
2020-03-10,46.980000000000004
2020-03-11,45.900000000000006
2020-03-12,34.02
2020-03-13,34.56
2020-03-14,23.220000000000002
2020-03-15,25.380000000000003
2020-03-16,24.840000000000003
2020-03-17,35.64
2020-03-18,27.0
2020-03-19,32.400000000000006
2020-03-20,26.46
2020-03-21,30.240000000000002
2020-03-22,29.160000000000004
2020-03-23,30.240000000000002
2020-03-24,32.940000000000005
2020-03-25,34.02
2020-03-26,32.400000000000006
2020-03-27,31.860000000000003
2020-03-28,23.220000000000002
2020-03-29,23.76
2020-03-30,36.18
2020-03-31,39.42
2020-04-01,52.51
2020-04-02,59.0
2020-04-03,52.51
2020-04-04,37.169999999999995
2020-04-05,44.25
2020-04-06,51.33
2020-04-07,50.739999999999995
2020-04-08,51.33
