Date,Analyst Ratings
2013-04-01,0.0
2013-04-02,0.0
2013-04-03,38.22
2013-04-04,19.11
2013-04-05,0.0
2013-04-06,0.0
2013-04-07,0.0
2013-04-08,0.0
2013-04-09,19.11
2013-04-10,19.11
2013-04-11,38.71
2013-04-12,39.2
2013-04-13,24.009999999999998
2013-04-14,23.52
2013-04-15,0.0
2013-04-16,0.0
2013-04-17,18.62
2013-04-18,0.0
2013-04-19,0.0
2013-04-20,0.0
2013-04-21,24.009999999999998
2013-04-22,19.11
2013-04-23,0.0
2013-04-24,19.11
2013-04-25,0.0
2013-04-26,20.09
2013-04-27,49.0
2013-04-28,0.0
2013-04-29,0.0
2013-04-30,0.0
2013-05-01,38.0
2013-05-02,0.0
2013-05-03,20.14
2013-05-04,0.0
2013-05-05,0.0
2013-05-06,0.0
2013-05-07,19.0
2013-05-08,19.0
2013-05-09,19.0
2013-05-10,20.14
2013-05-11,24.32
2013-05-12,25.080000000000002
2013-05-13,0.0
2013-05-14,0.0
2013-05-15,19.38
2013-05-16,0.0
2013-05-17,0.0
2013-05-18,25.080000000000002
2013-05-19,0.0
2013-05-20,0.0
2013-05-21,0.0
2013-05-22,0.0
2013-05-23,19.76
2013-05-24,0.0
2013-05-25,0.0
2013-05-26,0.0
2013-05-27,0.0
2013-05-28,19.0
2013-05-29,19.0
2013-05-30,0.0
2013-05-31,0.0
2013-06-01,11.25
2013-06-02,0.0
2013-06-03,0.0
2013-06-04,9.0
2013-06-05,9.0
2013-06-06,0.0
2013-06-07,0.0
2013-06-08,0.0
2013-06-09,11.25
2013-06-10,0.0
2013-06-11,9.0
2013-06-12,45.0
2013-06-13,13.5
2013-06-14,0.0
2013-06-15,0.0
2013-06-16,0.0
2013-06-17,0.0
2013-06-18,9.0
2013-06-19,0.0
2013-06-20,9.0
2013-06-21,0.0
2013-06-22,0.0
2013-06-23,0.0
2013-06-24,9.0
2013-06-25,0.0
2013-06-26,0.0
2013-06-27,18.45
2013-06-28,0.0
2013-06-29,22.95
2013-06-30,0.0
2013-07-01,22.400000000000002
2013-07-02,0.0
2013-07-03,0.0
2013-07-04,0.0
2013-07-05,0.0
2013-07-06,0.0
2013-07-07,27.720000000000002
2013-07-08,22.12
2013-07-09,0.0
2013-07-10,22.12
2013-07-11,0.0
2013-07-12,0.0
2013-07-13,0.0
2013-07-14,0.0
2013-07-15,22.12
2013-07-16,21.840000000000003
2013-07-17,0.0
2013-07-18,0.0
2013-07-19,0.0
2013-07-20,27.44
2013-07-21,28.000000000000004
2013-07-22,0.0
2013-07-23,0.0
2013-07-24,0.0
2013-07-25,0.0
2013-07-26,0.0
2013-07-27,28.000000000000004
2013-07-28,0.0
2013-07-29,0.0
2013-07-30,0.0
2013-07-31,0.0
2013-08-01,0.0
2013-08-02,0.0
2013-08-03,0.0
2013-08-04,0.0
2013-08-05,0.0
2013-08-06,0.0
2013-08-07,0.0
2013-08-08,0.0
2013-08-09,0.0
2013-08-10,0.0
2013-08-11,0.0
2013-08-12,0.0
2013-08-13,0.0
2013-08-14,0.0
2013-08-15,0.0
2013-08-16,0.0
2013-08-17,0.0
2013-08-18,23.0
2013-08-19,0.0
2013-08-20,0.0
2013-08-21,0.0
2013-08-22,0.0
2013-08-23,0.0
2013-08-24,0.0
2013-08-25,0.0
2013-08-26,0.0
2013-08-27,0.0
2013-08-28,0.0
2013-08-29,0.0
2013-08-30,0.0
2013-08-31,21.85
2013-09-01,19.55
2013-09-02,17.71
2013-09-03,0.0
2013-09-04,0.0
2013-09-05,15.41
2013-09-06,0.0
2013-09-07,18.86
2013-09-08,0.0
2013-09-09,15.180000000000001
2013-09-10,0.0
2013-09-11,0.0
2013-09-12,23.0
2013-09-13,0.0
2013-09-14,0.0
2013-09-15,0.0
2013-09-16,14.950000000000001
2013-09-17,14.950000000000001
2013-09-18,0.0
2013-09-19,15.180000000000001
2013-09-20,0.0
2013-09-21,19.09
2013-09-22,18.630000000000003
2013-09-23,0.0
2013-09-24,0.0
2013-09-25,0.0
2013-09-26,0.0
2013-09-27,16.560000000000002
2013-09-28,19.55
2013-09-29,0.0
2013-09-30,0.0
2013-10-01,15.04
2013-10-02,0.0
2013-10-03,15.51
2013-10-04,15.979999999999999
2013-10-05,19.27
2013-10-06,0.0
2013-10-07,15.51
2013-10-08,0.0
2013-10-09,15.51
2013-10-10,0.0
2013-10-11,24.439999999999998
2013-10-12,0.0
2013-10-13,19.27
2013-10-14,0.0
2013-10-15,0.0
2013-10-16,0.0
2013-10-17,31.02
2013-10-18,15.979999999999999
2013-10-19,19.27
2013-10-20,0.0
2013-10-21,0.0
2013-10-22,22.56
2013-10-23,15.04
2013-10-24,15.51
2013-10-25,0.0
2013-10-26,0.0
2013-10-27,0.0
2013-10-28,15.04
2013-10-29,15.04
2013-10-30,15.04
2013-10-31,47.0
2013-11-01,0.0
2013-11-02,0.0
2013-11-03,37.0
2013-11-04,29.97
2013-11-05,0.0
2013-11-06,0.0
2013-11-07,0.0
2013-11-08,0.0
2013-11-09,0.0
2013-11-10,0.0
2013-11-11,0.0
2013-11-12,29.6
2013-11-13,0.0
2013-11-14,30.34
2013-11-15,0.0
2013-11-16,0.0
2013-11-17,0.0
2013-11-18,0.0
2013-11-19,0.0
2013-11-20,0.0
2013-11-21,0.0
2013-11-22,0.0
2013-11-23,0.0
2013-11-24,0.0
2013-11-25,0.0
2013-11-26,30.34
2013-11-27,0.0
2013-11-28,0.0
2013-11-29,0.0
2013-11-30,37.0
2013-12-01,23.779999999999998
2013-12-02,0.0
2013-12-03,20.09
2013-12-04,0.0
2013-12-05,41.0
2013-12-06,21.32
2013-12-07,0.0
2013-12-08,25.009999999999998
2013-12-09,20.5
2013-12-10,0.0
2013-12-11,0.0
2013-12-12,0.0
2013-12-13,22.139999999999997
2013-12-14,0.0
2013-12-15,0.0
2013-12-16,0.0
2013-12-17,31.979999999999997
2013-12-18,0.0
2013-12-19,0.0
2013-12-20,0.0
2013-12-21,28.29
2013-12-22,0.0
2013-12-23,24.189999999999998
2013-12-24,0.0
2013-12-25,0.0
2013-12-26,0.0
2013-12-27,24.189999999999998
2013-12-28,27.06
2013-12-29,26.65
2013-12-30,22.959999999999997
2013-12-31,0.0
2014-01-01,0.0
2014-01-02,0.0
2014-01-03,27.560000000000002
2014-01-04,0.0
2014-01-05,0.0
2014-01-06,0.0
2014-01-07,51.480000000000004
2014-01-08,0.0
2014-01-09,26.52
2014-01-10,0.0
2014-01-11,0.0
2014-01-12,0.0
2014-01-13,52.0
2014-01-14,26.0
2014-01-15,39.0
2014-01-16,26.0
2014-01-17,27.04
2014-01-18,32.76
2014-01-19,0.0
2014-01-20,27.560000000000002
2014-01-21,0.0
2014-01-22,0.0
2014-01-23,26.0
2014-01-24,0.0
2014-01-25,0.0
2014-01-26,31.720000000000002
2014-01-27,24.44
2014-01-28,24.96
2014-01-29,50.96
2014-01-30,26.0
2014-01-31,26.52
2014-02-01,52.08
2014-02-02,0.0
2014-02-03,0.0
2014-02-04,41.54
2014-02-05,0.0
2014-02-06,62.0
2014-02-07,0.0
2014-02-08,0.0
2014-02-09,0.0
2014-02-10,40.92
2014-02-11,40.92
2014-02-12,0.0
2014-02-13,42.16
2014-02-14,0.0
2014-02-15,0.0
2014-02-16,52.08
2014-02-17,0.0
2014-02-18,40.92
2014-02-19,0.0
2014-02-20,0.0
2014-02-21,42.78
2014-02-22,0.0
2014-02-23,0.0
2014-02-24,62.0
2014-02-25,40.92
2014-02-26,0.0
2014-02-27,41.54
2014-02-28,43.4
2014-03-01,0.0
2014-03-02,0.0
2014-03-03,0.0
2014-03-04,0.0
2014-03-05,0.0
2014-03-06,24.0
2014-03-07,0.0
2014-03-08,0.0
2014-03-09,0.0
2014-03-10,16.0
2014-03-11,0.0
2014-03-12,0.0
2014-03-13,0.0
2014-03-14,16.96
2014-03-15,0.0
2014-03-16,0.0
2014-03-17,15.68
2014-03-18,0.0
2014-03-19,32.0
2014-03-20,0.0
2014-03-21,25.28
2014-03-22,0.0
2014-03-23,19.84
2014-03-24,0.0
2014-03-25,15.68
2014-03-26,0.0
2014-03-27,0.0
2014-03-28,0.0
2014-03-29,0.0
2014-03-30,0.0
2014-03-31,0.0
2014-04-01,0.0
2014-04-02,0.0
2014-04-03,0.0
2014-04-04,0.0
2014-04-05,0.0
2014-04-06,0.0
2014-04-07,0.0
2014-04-08,0.0
2014-04-09,0.0
2014-04-10,0.0
2014-04-11,0.0
2014-04-12,18.900000000000002
2014-04-13,18.45
2014-04-14,0.0
2014-04-15,0.0
2014-04-16,28.8
2014-04-17,14.85
2014-04-18,0.0
2014-04-19,0.0
2014-04-20,0.0
2014-04-21,45.0
2014-04-22,0.0
2014-04-23,0.0
2014-04-24,0.0
2014-04-25,0.0
2014-04-26,0.0
2014-04-27,0.0
2014-04-28,0.0
2014-04-29,13.950000000000001
2014-04-30,0.0
2014-05-01,0.0
2014-05-02,0.0
2014-05-03,0.0
2014-05-04,0.0
2014-05-05,33.5
2014-05-06,0.0
2014-05-07,34.0
2014-05-08,34.5
2014-05-09,34.5
2014-05-10,43.5
2014-05-11,45.0
2014-05-12,34.0
2014-05-13,0.0
2014-05-14,0.0
2014-05-15,34.5
2014-05-16,35.0
2014-05-17,44.0
2014-05-18,0.0
2014-05-19,34.5
2014-05-20,0.0
2014-05-21,38.5
2014-05-22,39.0
2014-05-23,41.0
2014-05-24,0.0
2014-05-25,0.0
2014-05-26,0.0
2014-05-27,0.0
2014-05-28,38.0
2014-05-29,38.5
2014-05-30,0.0
2014-05-31,50.0
2014-06-01,0.0
2014-06-02,20.520000000000003
2014-06-03,0.0
2014-06-04,0.0
2014-06-05,20.790000000000003
2014-06-06,0.0
2014-06-07,27.0
2014-06-08,0.0
2014-06-09,20.520000000000003
2014-06-10,20.790000000000003
2014-06-11,0.0
2014-06-12,20.520000000000003
2014-06-13,21.6
2014-06-14,0.0
2014-06-15,0.0
2014-06-16,21.060000000000002
2014-06-17,20.790000000000003
2014-06-18,0.0
2014-06-19,0.0
2014-06-20,0.0
2014-06-21,0.0
2014-06-22,0.0
2014-06-23,0.0
2014-06-24,21.060000000000002
2014-06-25,20.790000000000003
2014-06-26,0.0
2014-06-27,0.0
2014-06-28,0.0
2014-06-29,27.0
2014-06-30,21.060000000000002
2014-07-01,17.28
2014-07-02,0.0
2014-07-03,0.0
2014-07-04,0.0
2014-07-05,0.0
2014-07-06,23.220000000000002
2014-07-07,0.0
2014-07-08,0.0
2014-07-09,17.82
2014-07-10,17.82
2014-07-11,18.36
2014-07-12,0.0
2014-07-13,0.0
2014-07-14,0.0
2014-07-15,0.0
2014-07-16,0.0
2014-07-17,54.0
2014-07-18,0.0
2014-07-19,0.0
2014-07-20,0.0
2014-07-21,17.82
2014-07-22,0.0
2014-07-23,0.0
2014-07-24,0.0
2014-07-25,0.0
2014-07-26,0.0
2014-07-27,0.0
2014-07-28,0.0
2014-07-29,35.1
2014-07-30,35.64
2014-07-31,35.64
2014-08-01,12.24
2014-08-02,0.0
2014-08-03,0.0
2014-08-04,11.52
2014-08-05,23.4
2014-08-06,0.0
2014-08-07,36.0
2014-08-08,12.6
2014-08-09,0.0
2014-08-10,0.0
2014-08-11,0.0
2014-08-12,11.16
2014-08-13,0.0
2014-08-14,11.879999999999999
2014-08-15,12.24
2014-08-16,14.399999999999999
2014-08-17,14.76
2014-08-18,0.0
2014-08-19,23.4
2014-08-20,0.0
2014-08-21,0.0
2014-08-22,0.0
2014-08-23,14.399999999999999
2014-08-24,0.0
2014-08-25,11.52
2014-08-26,17.28
2014-08-27,0.0
2014-08-28,0.0
2014-08-29,0.0
2014-08-30,0.0
2014-08-31,0.0
2014-09-01,0.0
2014-09-02,26.22
2014-09-03,0.0
2014-09-04,26.22
2014-09-05,54.51
2014-09-06,33.12
2014-09-07,0.0
2014-09-08,0.0
2014-09-09,0.0
2014-09-10,26.22
2014-09-11,53.129999999999995
2014-09-12,0.0
2014-09-13,0.0
2014-09-14,0.0
2014-09-15,26.22
2014-09-16,0.0
2014-09-17,52.44
2014-09-18,26.909999999999997
2014-09-19,26.909999999999997
2014-09-20,69.0
2014-09-21,0.0
2014-09-22,26.22
2014-09-23,26.22
2014-09-24,0.0
2014-09-25,0.0
2014-09-26,28.29
2014-09-27,0.0
2014-09-28,0.0
2014-09-29,0.0
2014-09-30,26.22
2014-10-01,0.0
2014-10-02,28.32
2014-10-03,28.91
2014-10-04,36.58
2014-10-05,35.989999999999995
2014-10-06,0.0
2014-10-07,0.0
2014-10-08,0.0
2014-10-09,56.64
2014-10-10,29.5
2014-10-11,0.0
2014-10-12,0.0
2014-10-13,0.0
2014-10-14,0.0
2014-10-15,0.0
2014-10-16,27.729999999999997
2014-10-17,0.0
2014-10-18,36.58
2014-10-19,0.0
2014-10-20,0.0
2014-10-21,54.87
2014-10-22,27.139999999999997
2014-10-23,0.0
2014-10-24,59.0
2014-10-25,35.989999999999995
2014-10-26,0.0
2014-10-27,0.0
2014-10-28,0.0
2014-10-29,27.139999999999997
2014-10-30,0.0
2014-10-31,0.0
2014-11-01,0.0
2014-11-02,35.4
2014-11-03,0.0
2014-11-04,0.0
2014-11-05,0.0
2014-11-06,27.599999999999998
2014-11-07,0.0
2014-11-08,0.0
2014-11-09,0.0
2014-11-10,0.0
2014-11-11,27.599999999999998
2014-11-12,0.0
2014-11-13,27.0
2014-11-14,0.0
2014-11-15,34.199999999999996
2014-11-16,0.0
2014-11-17,27.0
2014-11-18,29.4
2014-11-19,57.0
2014-11-20,27.599999999999998
2014-11-21,57.0
2014-11-22,34.199999999999996
2014-11-23,34.199999999999996
2014-11-24,0.0
2014-11-25,27.599999999999998
2014-11-26,60.0
2014-11-27,0.0
2014-11-28,33.6
2014-11-29,0.0
2014-11-30,0.0
2014-12-01,17.02
2014-12-02,0.0
2014-12-03,0.0
2014-12-04,17.39
2014-12-05,0.0
2014-12-06,0.0
2014-12-07,0.0
2014-12-08,0.0
2014-12-09,0.0
2014-12-10,0.0
2014-12-11,18.13
2014-12-12,37.0
2014-12-13,0.0
2014-12-14,0.0
2014-12-15,0.0
2014-12-16,18.13
2014-12-17,18.5
2014-12-18,0.0
2014-12-19,0.0
2014-12-20,0.0
2014-12-21,24.419999999999998
2014-12-22,20.35
2014-12-23,20.35
2014-12-24,0.0
2014-12-25,0.0
2014-12-26,23.31
2014-12-27,0.0
2014-12-28,0.0
2014-12-29,19.98
2014-12-30,19.98
2014-12-31,20.72
2015-01-01,0.0
2015-01-02,0.0
2015-01-03,24.189999999999998
2015-01-04,0.0
2015-01-05,40.12
2015-01-06,20.06
2015-01-07,38.94
2015-01-08,0.0
2015-01-09,40.71
2015-01-10,24.189999999999998
2015-01-11,24.189999999999998
2015-01-12,19.47
2015-01-13,19.47
2015-01-14,0.0
2015-01-15,19.47
2015-01-16,20.06
2015-01-17,24.779999999999998
2015-01-18,0.0
2015-01-19,0.0
2015-01-20,0.0
2015-01-21,38.35
2015-01-22,19.47
2015-01-23,19.47
2015-01-24,0.0
2015-01-25,0.0
2015-01-26,38.35
2015-01-27,18.88
2015-01-28,0.0
2015-01-29,38.94
2015-01-30,59.0
2015-01-31,23.599999999999998
2015-02-01,0.0
2015-02-02,0.0
2015-02-03,32.5
2015-02-04,48.1
2015-02-05,0.0
2015-02-06,33.800000000000004
2015-02-07,0.0
2015-02-08,0.0
2015-02-09,0.0
2015-02-10,31.85
2015-02-11,31.85
2015-02-12,0.0
2015-02-13,33.800000000000004
2015-02-14,0.0
2015-02-15,0.0
2015-02-16,34.45
2015-02-17,0.0
2015-02-18,32.5
2015-02-19,65.0
2015-02-20,33.800000000000004
2015-02-21,0.0
2015-02-22,0.0
2015-02-23,0.0
2015-02-24,0.0
2015-02-25,0.0
2015-02-26,64.35000000000001
2015-02-27,0.0
2015-02-28,40.300000000000004
2015-03-01,0.0
2015-03-02,21.6
2015-03-03,20.7
2015-03-04,21.150000000000002
2015-03-05,21.150000000000002
2015-03-06,45.0
2015-03-07,40.95
2015-03-08,0.0
2015-03-09,43.65
2015-03-10,21.6
2015-03-11,43.65
2015-03-12,33.300000000000004
2015-03-13,0.0
2015-03-14,0.0
2015-03-15,27.900000000000002
2015-03-16,0.0
2015-03-17,22.05
2015-03-18,0.0
2015-03-19,22.05
2015-03-20,22.5
2015-03-21,0.0
2015-03-22,0.0
2015-03-23,0.0
2015-03-24,22.05
2015-03-25,36.45
2015-03-26,0.0
2015-03-27,0.0
2015-03-28,30.6
2015-03-29,0.0
2015-03-30,44.550000000000004
2015-03-31,22.05
2015-04-01,28.35
2015-04-02,29.61
2015-04-03,63.0
2015-04-04,0.0
2015-04-05,0.0
2015-04-06,29.61
2015-04-07,0.0
2015-04-08,28.35
2015-04-09,28.35
2015-04-10,0.0
2015-04-11,36.54
2015-04-12,0.0
2015-04-13,0.0
2015-04-14,27.72
2015-04-15,41.58
2015-04-16,28.35
2015-04-17,0.0
2015-04-18,0.0
2015-04-19,36.54
2015-04-20,0.0
2015-04-21,56.07
2015-04-22,28.35
2015-04-23,56.07
2015-04-24,59.85
2015-04-25,0.0
2015-04-26,0.0
2015-04-27,0.0
2015-04-28,27.72
2015-04-29,56.7
2015-04-30,28.35
2015-05-01,0.0
2015-05-02,0.0
2015-05-03,0.0
2015-05-04,0.0
2015-05-05,0.0
2015-05-06,17.16
2015-05-07,25.48
2015-05-08,18.2
2015-05-09,22.880000000000003
2015-05-10,0.0
2015-05-11,0.0
2015-05-12,0.0
2015-05-13,25.48
2015-05-14,17.68
2015-05-15,0.0
2015-05-16,22.36
2015-05-17,0.0
2015-05-18,17.16
2015-05-19,52.0
2015-05-20,0.0
2015-05-21,18.2
2015-05-22,37.96
2015-05-23,0.0
2015-05-24,0.0
2015-05-25,0.0
2015-05-26,17.16
2015-05-27,0.0
2015-05-28,0.0
2015-05-29,0.0
2015-05-30,0.0
2015-05-31,22.880000000000003
2015-06-01,0.0
2015-06-02,24.44
2015-06-03,50.440000000000005
2015-06-04,25.48
2015-06-05,0.0
2015-06-06,0.0
2015-06-07,0.0
2015-06-08,25.48
2015-06-09,24.96
2015-06-10,25.48
2015-06-11,52.0
2015-06-12,26.52
2015-06-13,0.0
2015-06-14,33.28
2015-06-15,0.0
2015-06-16,0.0
2015-06-17,49.92
2015-06-18,0.0
2015-06-19,40.04
2015-06-20,32.24
2015-06-21,0.0
2015-06-22,25.48
2015-06-23,0.0
2015-06-24,0.0
2015-06-25,0.0
2015-06-26,26.52
2015-06-27,32.24
2015-06-28,0.0
2015-06-29,51.480000000000004
2015-06-30,50.440000000000005
2015-07-01,0.0
2015-07-02,30.5
2015-07-03,0.0
2015-07-04,0.0
2015-07-05,0.0
2015-07-06,29.28
2015-07-07,0.0
2015-07-08,29.28
2015-07-09,29.28
2015-07-10,30.5
2015-07-11,37.21
2015-07-12,0.0
2015-07-13,28.669999999999998
2015-07-14,0.0
2015-07-15,29.28
2015-07-16,0.0
2015-07-17,31.11
2015-07-18,0.0
2015-07-19,0.0
2015-07-20,30.5
2015-07-21,0.0
2015-07-22,29.28
2015-07-23,29.89
2015-07-24,61.0
2015-07-25,37.21
2015-07-26,0.0
2015-07-27,57.949999999999996
2015-07-28,29.28
2015-07-29,29.28
2015-07-30,29.28
2015-07-31,0.0
2015-08-01,0.0
2015-08-02,0.0
2015-08-03,22.4
2015-08-04,44.099999999999994
2015-08-05,22.4
2015-08-06,22.4
2015-08-07,70.0
2015-08-08,28.0
2015-08-09,0.0
2015-08-10,0.0
2015-08-11,0.0
2015-08-12,22.4
2015-08-13,0.0
2015-08-14,0.0
2015-08-15,0.0
2015-08-16,0.0
2015-08-17,0.0
2015-08-18,0.0
2015-08-19,43.4
2015-08-20,0.0
2015-08-21,0.0
2015-08-22,0.0
2015-08-23,28.0
2015-08-24,21.7
2015-08-25,0.0
2015-08-26,0.0
2015-08-27,21.7
2015-08-28,22.4
2015-08-29,54.599999999999994
2015-08-30,0.0
2015-08-31,0.0
2015-09-01,0.0
2015-09-02,61.0
2015-09-03,30.5
2015-09-04,32.33
2015-09-05,39.65
2015-09-06,0.0
2015-09-07,0.0
2015-09-08,0.0
2015-09-09,29.28
2015-09-10,29.28
2015-09-11,30.5
2015-09-12,0.0
2015-09-13,0.0
2015-09-14,0.0
2015-09-15,59.17
2015-09-16,29.89
2015-09-17,29.89
2015-09-18,30.5
2015-09-19,0.0
2015-09-20,0.0
2015-09-21,29.28
2015-09-22,0.0
2015-09-23,29.89
2015-09-24,0.0
2015-09-25,30.5
2015-09-26,0.0
2015-09-27,38.43
2015-09-28,28.669999999999998
2015-09-29,57.339999999999996
2015-09-30,0.0
2015-10-01,0.0
2015-10-02,0.0
2015-10-03,0.0
2015-10-04,0.0
2015-10-05,0.0
2015-10-06,25.5
2015-10-07,25.5
2015-10-08,25.5
2015-10-09,0.0
2015-10-10,0.0
2015-10-11,0.0
2015-10-12,26.52
2015-10-13,0.0
2015-10-14,0.0
2015-10-15,51.0
2015-10-16,26.01
2015-10-17,0.0
2015-10-18,0.0
2015-10-19,24.990000000000002
2015-10-20,0.0
2015-10-21,24.48
2015-10-22,0.0
2015-10-23,0.0
2015-10-24,0.0
2015-10-25,0.0
2015-10-26,0.0
2015-10-27,48.45
2015-10-28,0.0
2015-10-29,24.48
2015-10-30,26.01
2015-10-31,32.64
2015-11-01,0.0
2015-11-02,0.0
2015-11-03,0.0
2015-11-04,36.480000000000004
2015-11-05,18.240000000000002
2015-11-06,18.62
2015-11-07,0.0
2015-11-08,0.0
2015-11-09,0.0
2015-11-10,0.0
2015-11-11,19.38
2015-11-12,38.0
2015-11-13,19.38
2015-11-14,0.0
2015-11-15,23.56
2015-11-16,0.0
2015-11-17,17.86
2015-11-18,18.240000000000002
2015-11-19,18.240000000000002
2015-11-20,19.0
2015-11-21,23.94
2015-11-22,0.0
2015-11-23,18.62
2015-11-24,19.0
2015-11-25,20.52
2015-11-26,0.0
2015-11-27,0.0
2015-11-28,0.0
2015-11-29,23.56
2015-11-30,0.0
2015-12-01,0.0
2015-12-02,0.0
2015-12-03,12.74
2015-12-04,0.0
2015-12-05,0.0
2015-12-06,0.0
2015-12-07,0.0
2015-12-08,0.0
2015-12-09,0.0
2015-12-10,0.0
2015-12-11,0.0
2015-12-12,0.0
2015-12-13,0.0
2015-12-14,0.0
2015-12-15,0.0
2015-12-16,26.0
2015-12-17,0.0
2015-12-18,0.0
2015-12-19,17.42
2015-12-20,0.0
2015-12-21,0.0
2015-12-22,0.0
2015-12-23,14.82
2015-12-24,0.0
2015-12-25,0.0
2015-12-26,0.0
2015-12-27,16.900000000000002
2015-12-28,0.0
2015-12-29,0.0
2015-12-30,0.0
2015-12-31,0.0
2016-01-01,0.0
2016-01-02,0.0
2016-01-03,26.01
2016-01-04,0.0
2016-01-05,21.93
2016-01-06,22.44
2016-01-07,21.93
2016-01-08,0.0
2016-01-09,51.0
2016-01-10,0.0
2016-01-11,42.33
2016-01-12,0.0
2016-01-13,43.86
2016-01-14,31.11
2016-01-15,22.44
2016-01-16,25.5
2016-01-17,25.5
2016-01-18,0.0
2016-01-19,21.42
2016-01-20,21.93
2016-01-21,21.93
2016-01-22,0.0
2016-01-23,0.0
2016-01-24,0.0
2016-01-25,21.42
2016-01-26,21.42
2016-01-27,0.0
2016-01-28,0.0
2016-01-29,0.0
2016-01-30,26.52
2016-01-31,26.01
2016-02-01,15.51
2016-02-02,15.51
2016-02-03,0.0
2016-02-04,0.0
2016-02-05,0.0
2016-02-06,0.0
2016-02-07,37.129999999999995
2016-02-08,0.0
2016-02-09,47.0
2016-02-10,31.02
2016-02-11,15.979999999999999
2016-02-12,16.45
2016-02-13,0.0
2016-02-14,37.129999999999995
2016-02-15,0.0
2016-02-16,0.0
2016-02-17,31.49
2016-02-18,15.51
2016-02-19,0.0
2016-02-20,0.0
2016-02-21,0.0
2016-02-22,0.0
2016-02-23,30.549999999999997
2016-02-24,15.51
2016-02-25,15.979999999999999
2016-02-26,15.979999999999999
2016-02-27,0.0
2016-02-28,0.0
2016-02-29,15.04
2016-03-01,0.0
2016-03-02,0.0
2016-03-03,23.04
2016-03-04,23.52
2016-03-05,0.0
2016-03-06,0.0
2016-03-07,0.0
2016-03-08,23.04
2016-03-09,22.56
2016-03-10,23.04
2016-03-11,0.0
2016-03-12,27.36
2016-03-13,0.0
2016-03-14,46.08
2016-03-15,23.04
2016-03-16,0.0
2016-03-17,0.0
2016-03-18,36.48
2016-03-19,0.0
2016-03-20,27.36
2016-03-21,0.0
2016-03-22,23.52
2016-03-23,23.52
2016-03-24,24.0
2016-03-25,0.0
2016-03-26,0.0
2016-03-27,0.0
2016-03-28,48.0
2016-03-29,23.52
2016-03-30,0.0
2016-03-31,23.52
2016-04-01,26.24
2016-04-02,20.09
2016-04-03,0.0
2016-04-04,16.4
2016-04-05,16.4
2016-04-06,16.4
2016-04-07,0.0
2016-04-08,34.44
2016-04-09,0.0
2016-04-10,0.0
2016-04-11,16.4
2016-04-12,33.21
2016-04-13,16.81
2016-04-14,0.0
2016-04-15,17.63
2016-04-16,0.0
2016-04-17,0.0
2016-04-18,16.81
2016-04-19,0.0
2016-04-20,16.81
2016-04-21,32.8
2016-04-22,16.81
2016-04-23,41.0
2016-04-24,0.0
2016-04-25,16.4
2016-04-26,15.989999999999998
2016-04-27,16.4
2016-04-28,24.599999999999998
2016-04-29,17.22
2016-04-30,0.0
2016-05-01,0.0
2016-05-02,0.0
2016-05-03,40.74
2016-05-04,19.74
2016-05-05,20.58
2016-05-06,21.84
2016-05-07,25.619999999999997
2016-05-08,0.0
2016-05-09,0.0
2016-05-10,20.58
2016-05-11,0.0
2016-05-12,0.0
2016-05-13,21.84
2016-05-14,0.0
2016-05-15,0.0
2016-05-16,21.419999999999998
2016-05-17,0.0
2016-05-18,21.0
2016-05-19,21.419999999999998
2016-05-20,0.0
2016-05-21,0.0
2016-05-22,0.0
2016-05-23,42.0
2016-05-24,21.0
2016-05-25,0.0
2016-05-26,21.84
2016-05-27,22.68
2016-05-28,26.04
2016-05-29,0.0
2016-05-30,0.0
2016-05-31,0.0
2016-06-01,0.0
2016-06-02,0.0
2016-06-03,0.0
2016-06-04,0.0
2016-06-05,17.099999999999998
2016-06-06,14.1
2016-06-07,14.7
2016-06-08,0.0
2016-06-09,30.0
2016-06-10,15.6
2016-06-11,0.0
2016-06-12,17.4
2016-06-13,15.0
2016-06-14,14.7
2016-06-15,14.7
2016-06-16,0.0
2016-06-17,0.0
2016-06-18,0.0
2016-06-19,0.0
2016-06-20,0.0
2016-06-21,15.0
2016-06-22,0.0
2016-06-23,15.0
2016-06-24,0.0
2016-06-25,0.0
2016-06-26,0.0
2016-06-27,14.7
2016-06-28,0.0
2016-06-29,15.0
2016-06-30,0.0
2016-07-01,0.0
2016-07-02,0.0
2016-07-03,13.940000000000001
2016-07-04,0.0
2016-07-05,0.0
2016-07-06,11.56
2016-07-07,0.0
2016-07-08,0.0
2016-07-09,0.0
2016-07-10,0.0
2016-07-11,0.0
2016-07-12,17.34
2016-07-13,0.0
2016-07-14,0.0
2016-07-15,11.9
2016-07-16,0.0
2016-07-17,0.0
2016-07-18,0.0
2016-07-19,0.0
2016-07-20,11.56
2016-07-21,0.0
2016-07-22,11.9
2016-07-23,0.0
2016-07-24,0.0
2016-07-25,11.22
2016-07-26,34.0
2016-07-27,11.56
2016-07-28,11.22
2016-07-29,11.56
2016-07-30,0.0
2016-07-31,13.260000000000002
2016-08-01,13.160000000000002
2016-08-02,0.0
2016-08-03,0.0
2016-08-04,0.0
2016-08-05,14.280000000000001
2016-08-06,0.0
2016-08-07,0.0
2016-08-08,0.0
2016-08-09,0.0
2016-08-10,0.0
2016-08-11,14.000000000000002
2016-08-12,0.0
2016-08-13,0.0
2016-08-14,0.0
2016-08-15,0.0
2016-08-16,28.000000000000004
2016-08-17,0.0
2016-08-18,0.0
2016-08-19,0.0
2016-08-20,0.0
2016-08-21,0.0
2016-08-22,0.0
2016-08-23,14.000000000000002
2016-08-24,0.0
2016-08-25,12.88
2016-08-26,0.0
2016-08-27,0.0
2016-08-28,0.0
2016-08-29,12.600000000000001
2016-08-30,0.0
2016-08-31,0.0
2016-09-01,0.0
2016-09-02,10.2
2016-09-03,0.0
2016-09-04,0.0
2016-09-05,0.0
2016-09-06,0.0
2016-09-07,0.0
2016-09-08,9.6
2016-09-09,0.0
2016-09-10,0.0
2016-09-11,0.0
2016-09-12,0.0
2016-09-13,0.0
2016-09-14,9.6
2016-09-15,0.0
2016-09-16,0.0
2016-09-17,11.4
2016-09-18,0.0
2016-09-19,9.45
2016-09-20,0.0
2016-09-21,0.0
2016-09-22,0.0
2016-09-23,15.0
2016-09-24,0.0
2016-09-25,0.0
2016-09-26,0.0
2016-09-27,9.45
2016-09-28,9.6
2016-09-29,9.6
2016-09-30,9.9
2016-10-01,0.0
2016-10-02,0.0
2016-10-03,11.879999999999999
2016-10-04,0.0
2016-10-05,0.0
2016-10-06,0.0
2016-10-07,0.0
2016-10-08,0.0
2016-10-09,0.0
2016-10-10,12.24
2016-10-11,0.0
2016-10-12,0.0
2016-10-13,12.24
2016-10-14,24.84
2016-10-15,0.0
2016-10-16,14.04
2016-10-17,24.119999999999997
2016-10-18,11.879999999999999
2016-10-19,36.0
2016-10-20,0.0
2016-10-21,12.24
2016-10-22,0.0
2016-10-23,0.0
2016-10-24,0.0
2016-10-25,0.0
2016-10-26,0.0
2016-10-27,0.0
2016-10-28,12.24
2016-10-29,0.0
2016-10-30,0.0
2016-10-31,11.879999999999999
2016-11-01,0.0
2016-11-02,16.96
2016-11-03,0.0
2016-11-04,0.0
2016-11-05,0.0
2016-11-06,0.0
2016-11-07,0.0
2016-11-08,32.0
2016-11-09,13.120000000000001
2016-11-10,0.0
2016-11-11,0.0
2016-11-12,0.0
2016-11-13,0.0
2016-11-14,0.0
2016-11-15,0.0
2016-11-16,0.0
2016-11-17,0.0
2016-11-18,0.0
2016-11-19,0.0
2016-11-20,0.0
2016-11-21,0.0
2016-11-22,17.28
2016-11-23,0.0
2016-11-24,0.0
2016-11-25,0.0
2016-11-26,0.0
2016-11-27,0.0
2016-11-28,0.0
2016-11-29,0.0
2016-11-30,16.0
2016-12-01,17.55
2016-12-02,0.0
2016-12-03,0.0
2016-12-04,0.0
2016-12-05,15.99
2016-12-06,0.0
2016-12-07,0.0
2016-12-08,17.55
2016-12-09,0.0
2016-12-10,21.45
2016-12-11,0.0
2016-12-12,34.32
2016-12-13,17.16
2016-12-14,17.16
2016-12-15,0.0
2016-12-16,18.72
2016-12-17,0.0
2016-12-18,0.0
2016-12-19,18.330000000000002
2016-12-20,0.0
2016-12-21,0.0
2016-12-22,19.89
2016-12-23,20.28
2016-12-24,0.0
2016-12-25,0.0
2016-12-26,0.0
2016-12-27,19.11
2016-12-28,39.0
2016-12-29,0.0
2016-12-30,0.0
2016-12-31,0.0
2017-01-01,0.0
2017-01-02,0.0
2017-01-03,15.08
2017-01-04,15.08
2017-01-05,0.0
2017-01-06,0.0
2017-01-07,0.0
2017-01-08,0.0
2017-01-09,14.56
2017-01-10,0.0
2017-01-11,0.0
2017-01-12,14.56
2017-01-13,0.0
2017-01-14,17.16
2017-01-15,0.0
2017-01-16,30.16
2017-01-17,0.0
2017-01-18,0.0
2017-01-19,0.0
2017-01-20,14.56
2017-01-21,0.0
2017-01-22,0.0
2017-01-23,41.08
2017-01-24,0.0
2017-01-25,14.040000000000001
2017-01-26,28.080000000000002
2017-01-27,29.12
2017-01-28,52.0
2017-01-29,17.16
2017-01-30,0.0
2017-01-31,14.040000000000001
2017-02-01,0.0
2017-02-02,0.0
2017-02-03,0.0
2017-02-04,0.0
2017-02-05,0.0
2017-02-06,0.0
2017-02-07,37.44
2017-02-08,12.870000000000001
2017-02-09,0.0
2017-02-10,0.0
2017-02-11,0.0
2017-02-12,0.0
2017-02-13,0.0
2017-02-14,0.0
2017-02-15,26.130000000000003
2017-02-16,12.48
2017-02-17,0.0
2017-02-18,0.0
2017-02-19,0.0
2017-02-20,0.0
2017-02-21,0.0
2017-02-22,12.870000000000001
2017-02-23,25.740000000000002
2017-02-24,39.0
2017-02-25,0.0
2017-02-26,0.0
2017-02-27,0.0
2017-02-28,12.09
2017-03-01,0.0
2017-03-02,0.0
2017-03-03,19.139999999999997
2017-03-04,0.0
2017-03-05,22.619999999999997
2017-03-06,0.0
2017-03-07,0.0
2017-03-08,37.699999999999996
2017-03-09,18.56
2017-03-10,0.0
2017-03-11,0.0
2017-03-12,42.339999999999996
2017-03-13,35.379999999999995
2017-03-14,37.699999999999996
2017-03-15,19.139999999999997
2017-03-16,0.0
2017-03-17,0.0
2017-03-18,46.4
2017-03-19,0.0
2017-03-20,0.0
2017-03-21,57.99999999999999
2017-03-22,19.139999999999997
2017-03-23,19.139999999999997
2017-03-24,19.139999999999997
2017-03-25,0.0
2017-03-26,0.0
2017-03-27,0.0
2017-03-28,19.139999999999997
2017-03-29,0.0
2017-03-30,0.0
2017-03-31,0.0
2017-04-01,26.520000000000003
2017-04-02,0.0
2017-04-03,10.88
2017-04-04,10.540000000000001
2017-04-05,0.0
2017-04-06,10.88
2017-04-07,22.44
2017-04-08,0.0
2017-04-09,13.600000000000001
2017-04-10,11.22
2017-04-11,0.0
2017-04-12,11.22
2017-04-13,34.0
2017-04-14,12.24
2017-04-15,0.0
2017-04-16,0.0
2017-04-17,0.0
2017-04-18,10.88
2017-04-19,10.88
2017-04-20,0.0
2017-04-21,22.44
2017-04-22,0.0
2017-04-23,0.0
2017-04-24,10.88
2017-04-25,0.0
2017-04-26,10.88
2017-04-27,0.0
2017-04-28,11.56
2017-04-29,13.260000000000002
2017-04-30,12.920000000000002
2017-05-01,0.0
2017-05-02,18.72
2017-05-03,18.72
2017-05-04,12.48
2017-05-05,13.0
2017-05-06,0.0
2017-05-07,0.0
2017-05-08,13.0
2017-05-09,12.48
2017-05-10,0.0
2017-05-11,52.0
2017-05-12,13.52
2017-05-13,16.12
2017-05-14,0.0
2017-05-15,20.28
2017-05-16,13.52
2017-05-17,0.0
2017-05-18,0.0
2017-05-19,14.040000000000001
2017-05-20,16.64
2017-05-21,0.0
2017-05-22,13.52
2017-05-23,0.0
2017-05-24,0.0
2017-05-25,0.0
2017-05-26,0.0
2017-05-27,0.0
2017-05-28,17.68
2017-05-29,16.12
2017-05-30,0.0
2017-05-31,0.0
2017-06-01,0.0
2017-06-02,17.64
2017-06-03,0.0
2017-06-04,0.0
2017-06-05,0.0
2017-06-06,24.48
2017-06-07,16.919999999999998
2017-06-08,0.0
2017-06-09,26.279999999999998
2017-06-10,0.0
2017-06-11,20.88
2017-06-12,16.919999999999998
2017-06-13,16.56
2017-06-14,16.56
2017-06-15,0.0
2017-06-16,0.0
2017-06-17,0.0
2017-06-18,20.52
2017-06-19,0.0
2017-06-20,16.2
2017-06-21,0.0
2017-06-22,0.0
2017-06-23,0.0
2017-06-24,19.8
2017-06-25,0.0
2017-06-26,17.28
2017-06-27,17.28
2017-06-28,18.0
2017-06-29,0.0
2017-06-30,36.0
2017-07-01,0.0
2017-07-02,0.0
2017-07-03,19.78
2017-07-04,0.0
2017-07-05,38.7
2017-07-06,18.49
2017-07-07,0.0
2017-07-08,0.0
2017-07-09,0.0
2017-07-10,18.06
2017-07-11,0.0
2017-07-12,0.0
2017-07-13,0.0
2017-07-14,0.0
2017-07-15,0.0
2017-07-16,0.0
2017-07-17,18.49
2017-07-18,36.55
2017-07-19,18.49
2017-07-20,36.12
2017-07-21,0.0
2017-07-22,0.0
2017-07-23,0.0
2017-07-24,0.0
2017-07-25,18.06
2017-07-26,0.0
2017-07-27,18.06
2017-07-28,18.49
2017-07-29,21.07
2017-07-30,43.0
2017-07-31,0.0
2017-08-01,26.66
2017-08-02,34.4
2017-08-03,18.06
2017-08-04,18.919999999999998
2017-08-05,43.0
2017-08-06,21.93
2017-08-07,0.0
2017-08-08,17.2
2017-08-09,18.06
2017-08-10,18.49
2017-08-11,0.0
2017-08-12,0.0
2017-08-13,0.0
2017-08-14,0.0
2017-08-15,18.49
2017-08-16,27.09
2017-08-17,27.09
2017-08-18,18.49
2017-08-19,0.0
2017-08-20,0.0
2017-08-21,0.0
2017-08-22,18.06
2017-08-23,36.55
2017-08-24,0.0
2017-08-25,0.0
2017-08-26,20.64
2017-08-27,20.21
2017-08-28,0.0
2017-08-29,0.0
2017-08-30,18.06
2017-08-31,0.0
2017-09-01,16.1
2017-09-02,0.0
2017-09-03,0.0
2017-09-04,0.0
2017-09-05,28.98
2017-09-06,14.26
2017-09-07,0.0
2017-09-08,0.0
2017-09-09,0.0
2017-09-10,34.96
2017-09-11,0.0
2017-09-12,15.180000000000001
2017-09-13,0.0
2017-09-14,15.180000000000001
2017-09-15,0.0
2017-09-16,0.0
2017-09-17,0.0
2017-09-18,0.0
2017-09-19,0.0
2017-09-20,0.0
2017-09-21,45.080000000000005
2017-09-22,15.180000000000001
2017-09-23,0.0
2017-09-24,0.0
2017-09-25,15.180000000000001
2017-09-26,15.180000000000001
2017-09-27,15.180000000000001
2017-09-28,46.0
2017-09-29,31.740000000000002
2017-09-30,0.0
2017-10-01,0.0
2017-10-02,0.0
2017-10-03,30.87
2017-10-04,0.0
2017-10-05,20.58
2017-10-06,41.65
2017-10-07,24.5
2017-10-08,24.009999999999998
2017-10-09,40.67
2017-10-10,0.0
2017-10-11,0.0
2017-10-12,41.16
2017-10-13,0.0
2017-10-14,24.5
2017-10-15,49.0
2017-10-16,20.09
2017-10-17,0.0
2017-10-18,41.16
2017-10-19,31.36
2017-10-20,0.0
2017-10-21,0.0
2017-10-22,0.0
2017-10-23,0.0
2017-10-24,20.09
2017-10-25,0.0
2017-10-26,30.87
2017-10-27,21.56
2017-10-28,0.0
2017-10-29,0.0
2017-10-30,20.09
2017-10-31,31.849999999999998
2017-11-01,18.9
2017-11-02,27.299999999999997
2017-11-03,28.349999999999998
2017-11-04,0.0
2017-11-05,0.0
2017-11-06,17.849999999999998
2017-11-07,18.2
2017-11-08,0.0
2017-11-09,18.2
2017-11-10,0.0
2017-11-11,22.049999999999997
2017-11-12,21.7
2017-11-13,0.0
2017-11-14,18.2
2017-11-15,27.299999999999997
2017-11-16,18.2
2017-11-17,18.9
2017-11-18,21.7
2017-11-19,0.0
2017-11-20,0.0
2017-11-21,0.0
2017-11-22,19.95
2017-11-23,0.0
2017-11-24,0.0
2017-11-25,0.0
2017-11-26,0.0
2017-11-27,17.15
2017-11-28,35.0
2017-11-29,18.2
2017-11-30,18.2
2017-12-01,13.02
2017-12-02,0.0
2017-12-03,0.0
2017-12-04,12.709999999999999
2017-12-05,12.4
2017-12-06,25.73
2017-12-07,12.709999999999999
2017-12-08,0.0
2017-12-09,0.0
2017-12-10,31.0
2017-12-11,0.0
2017-12-12,0.0
2017-12-13,13.02
2017-12-14,0.0
2017-12-15,0.0
2017-12-16,16.12
2017-12-17,0.0
2017-12-18,26.04
2017-12-19,0.0
2017-12-20,27.28
2017-12-21,0.0
2017-12-22,0.0
2017-12-23,0.0
2017-12-24,0.0
2017-12-25,0.0
2017-12-26,0.0
2017-12-27,0.0
2017-12-28,0.0
2017-12-29,0.0
2017-12-30,0.0
2017-12-31,0.0
2018-01-01,0.0
2018-01-02,26.18
2018-01-03,26.18
2018-01-04,0.0
2018-01-05,52.36
2018-01-06,30.03
2018-01-07,28.490000000000002
2018-01-08,0.0
2018-01-09,49.28
2018-01-10,0.0
2018-01-11,0.0
2018-01-12,77.0
2018-01-13,60.06
2018-01-14,0.0
2018-01-15,0.0
2018-01-16,37.730000000000004
2018-01-17,49.28
2018-01-18,50.82
2018-01-19,0.0
2018-01-20,0.0
2018-01-21,43.120000000000005
2018-01-22,36.96
2018-01-23,24.64
2018-01-24,50.050000000000004
2018-01-25,0.0
2018-01-26,50.82
2018-01-27,30.03
2018-01-28,0.0
2018-01-29,23.87
2018-01-30,24.64
2018-01-31,36.96
2018-02-01,27.540000000000003
2018-02-02,28.080000000000002
2018-02-03,0.0
2018-02-04,0.0
2018-02-05,0.0
2018-02-06,0.0
2018-02-07,54.0
2018-02-08,27.0
2018-02-09,27.540000000000003
2018-02-10,31.860000000000003
2018-02-11,0.0
2018-02-12,0.0
2018-02-13,27.540000000000003
2018-02-14,27.540000000000003
2018-02-15,28.080000000000002
2018-02-16,28.080000000000002
2018-02-17,0.0
2018-02-18,0.0
2018-02-19,0.0
2018-02-20,27.540000000000003
2018-02-21,40.5
2018-02-22,26.46
2018-02-23,27.540000000000003
2018-02-24,0.0
2018-02-25,0.0
2018-02-26,27.0
2018-02-27,0.0
2018-02-28,27.0
2018-03-01,0.0
2018-03-02,0.0
2018-03-03,21.66
2018-03-04,0.0
2018-03-05,17.86
2018-03-06,17.86
2018-03-07,35.72
2018-03-08,0.0
2018-03-09,0.0
2018-03-10,0.0
2018-03-11,0.0
2018-03-12,0.0
2018-03-13,0.0
2018-03-14,0.0
2018-03-15,18.240000000000002
2018-03-16,37.24
2018-03-17,0.0
2018-03-18,0.0
2018-03-19,17.86
2018-03-20,0.0
2018-03-21,0.0
2018-03-22,0.0
2018-03-23,0.0
2018-03-24,0.0
2018-03-25,0.0
2018-03-26,18.240000000000002
2018-03-27,18.62
2018-03-28,38.0
2018-03-29,19.0
2018-03-30,0.0
2018-03-31,0.0
2018-04-01,0.0
2018-04-02,23.1
2018-04-03,22.55
2018-04-04,0.0
2018-04-05,23.1
2018-04-06,23.1
2018-04-07,0.0
2018-04-08,26.400000000000002
2018-04-09,0.0
2018-04-10,22.55
2018-04-11,22.55
2018-04-12,23.1
2018-04-13,0.0
2018-04-14,27.500000000000004
2018-04-15,0.0
2018-04-16,0.0
2018-04-17,22.0
2018-04-18,22.55
2018-04-19,0.0
2018-04-20,23.1
2018-04-21,0.0
2018-04-22,55.00000000000001
2018-04-23,22.0
2018-04-24,22.55
2018-04-25,22.0
2018-04-26,0.0
2018-04-27,23.1
2018-04-28,0.0
2018-04-29,0.0
2018-04-30,0.0
2018-05-01,38.279999999999994
2018-05-02,19.139999999999997
2018-05-03,19.139999999999997
2018-05-04,39.44
2018-05-05,23.779999999999998
2018-05-06,0.0
2018-05-07,38.279999999999994
2018-05-08,38.279999999999994
2018-05-09,19.139999999999997
2018-05-10,0.0
2018-05-11,49.879999999999995
2018-05-12,0.0
2018-05-13,48.72
2018-05-14,19.72
2018-05-15,57.99999999999999
2018-05-16,0.0
2018-05-17,19.72
2018-05-18,0.0
2018-05-19,23.2
2018-05-20,23.779999999999998
2018-05-21,19.72
2018-05-22,0.0
2018-05-23,40.019999999999996
2018-05-24,0.0
2018-05-25,42.339999999999996
2018-05-26,0.0
2018-05-27,49.3
2018-05-28,0.0
2018-05-29,19.72
2018-05-30,29.58
2018-05-31,19.72
2018-06-01,0.0
2018-06-02,25.8
2018-06-03,0.0
2018-06-04,43.0
2018-06-05,21.5
2018-06-06,0.0
2018-06-07,21.93
2018-06-08,22.36
2018-06-09,0.0
2018-06-10,0.0
2018-06-11,0.0
2018-06-12,0.0
2018-06-13,20.64
2018-06-14,0.0
2018-06-15,0.0
2018-06-16,0.0
2018-06-17,0.0
2018-06-18,21.93
2018-06-19,0.0
2018-06-20,0.0
2018-06-21,0.0
2018-06-22,0.0
2018-06-23,0.0
2018-06-24,0.0
2018-06-25,0.0
2018-06-26,0.0
2018-06-27,21.93
2018-06-28,22.79
2018-06-29,22.79
2018-06-30,0.0
2018-07-01,26.95
2018-07-02,0.0
2018-07-03,0.0
2018-07-04,0.0
2018-07-05,24.5
2018-07-06,11.549999999999999
2018-07-07,13.299999999999999
2018-07-08,0.0
2018-07-09,11.2
2018-07-10,0.0
2018-07-11,10.85
2018-07-12,11.899999999999999
2018-07-13,11.899999999999999
2018-07-14,0.0
2018-07-15,0.0
2018-07-16,0.0
2018-07-17,0.0
2018-07-18,35.0
2018-07-19,0.0
2018-07-20,0.0
2018-07-21,0.0
2018-07-22,13.299999999999999
2018-07-23,11.549999999999999
2018-07-24,0.0
2018-07-25,11.2
2018-07-26,11.899999999999999
2018-07-27,11.899999999999999
2018-07-28,19.95
2018-07-29,14.0
2018-07-30,34.3
2018-07-31,0.0
2018-08-01,23.759999999999998
2018-08-02,35.28
2018-08-03,61.199999999999996
2018-08-04,0.0
2018-08-05,0.0
2018-08-06,23.759999999999998
2018-08-07,23.04
2018-08-08,47.519999999999996
2018-08-09,0.0
2018-08-10,24.48
2018-08-11,27.36
2018-08-12,27.36
2018-08-13,72.0
2018-08-14,23.759999999999998
2018-08-15,48.239999999999995
2018-08-16,23.759999999999998
2018-08-17,23.759999999999998
2018-08-18,0.0
2018-08-19,0.0
2018-08-20,23.759999999999998
2018-08-21,0.0
2018-08-22,35.28
2018-08-23,23.759999999999998
2018-08-24,24.48
2018-08-25,41.76
2018-08-26,28.08
2018-08-27,0.0
2018-08-28,23.759999999999998
2018-08-29,46.8
2018-08-30,47.519999999999996
2018-08-31,23.759999999999998
2018-09-01,39.65
2018-09-02,0.0
2018-09-03,0.0
2018-09-04,32.5
2018-09-05,0.0
2018-09-06,0.0
2018-09-07,0.0
2018-09-08,0.0
2018-09-09,37.050000000000004
2018-09-10,65.0
2018-09-11,0.0
2018-09-12,65.0
2018-09-13,32.5
2018-09-14,0.0
2018-09-15,39.65
2018-09-16,0.0
2018-09-17,32.5
2018-09-18,0.0
2018-09-19,0.0
2018-09-20,0.0
2018-09-21,33.800000000000004
2018-09-22,0.0
2018-09-23,0.0
2018-09-24,0.0
2018-09-25,0.0
2018-09-26,0.0
2018-09-27,33.800000000000004
2018-09-28,0.0
2018-09-29,0.0
2018-09-30,0.0
2018-10-01,14.580000000000002
2018-10-02,0.0
2018-10-03,14.580000000000002
2018-10-04,15.120000000000001
2018-10-05,0.0
2018-10-06,0.0
2018-10-07,0.0
2018-10-08,0.0
2018-10-09,29.700000000000003
2018-10-10,0.0
2018-10-11,30.240000000000002
2018-10-12,0.0
2018-10-13,0.0
2018-10-14,0.0
2018-10-15,0.0
2018-10-16,29.700000000000003
2018-10-17,15.120000000000001
2018-10-18,0.0
2018-10-19,0.0
2018-10-20,0.0
2018-10-21,0.0
2018-10-22,0.0
2018-10-23,0.0
2018-10-24,43.2
2018-10-25,0.0
2018-10-26,0.0
2018-10-27,54.0
2018-10-28,0.0
2018-10-29,14.580000000000002
2018-10-30,0.0
2018-10-31,15.66
2018-11-01,23.92
2018-11-02,23.0
2018-11-03,0.0
2018-11-04,25.76
2018-11-05,21.16
2018-11-06,44.160000000000004
2018-11-07,19.78
2018-11-08,22.080000000000002
2018-11-09,46.0
2018-11-10,0.0
2018-11-11,27.14
2018-11-12,46.0
2018-11-13,46.0
2018-11-14,23.0
2018-11-15,22.540000000000003
2018-11-16,23.46
2018-11-17,27.14
2018-11-18,0.0
2018-11-19,0.0
2018-11-20,34.96
2018-11-21,0.0
2018-11-22,0.0
2018-11-23,0.0
2018-11-24,0.0
2018-11-25,26.220000000000002
2018-11-26,21.16
2018-11-27,22.080000000000002
2018-11-28,0.0
2018-11-29,22.540000000000003
2018-11-30,33.120000000000005
2018-12-01,62.400000000000006
2018-12-02,0.0
2018-12-03,0.0
2018-12-04,0.0
2018-12-05,39.65
2018-12-06,0.0
2018-12-07,27.95
2018-12-08,63.7
2018-12-09,0.0
2018-12-10,0.0
2018-12-11,53.95
2018-12-12,40.95
2018-12-13,0.0
2018-12-14,39.65
2018-12-15,0.0
2018-12-16,65.0
2018-12-17,37.7
2018-12-18,26.0
2018-12-19,27.95
2018-12-20,28.6
2018-12-21,29.900000000000002
2018-12-22,33.800000000000004
2018-12-23,0.0
2018-12-24,33.15
2018-12-25,0.0
2018-12-26,0.0
2018-12-27,29.900000000000002
2018-12-28,0.0
2018-12-29,0.0
2018-12-30,0.0
2018-12-31,0.0
2019-01-01,19.38
2019-01-02,0.0
2019-01-03,0.0
2019-01-04,0.0
2019-01-05,0.0
2019-01-06,0.0
2019-01-07,0.0
2019-01-08,15.959999999999999
2019-01-09,15.959999999999999
2019-01-10,0.0
2019-01-11,0.0
2019-01-12,0.0
2019-01-13,18.24
2019-01-14,0.0
2019-01-15,0.0
2019-01-16,0.0
2019-01-17,0.0
2019-01-18,15.959999999999999
2019-01-19,0.0
2019-01-20,17.099999999999998
2019-01-21,0.0
2019-01-22,15.389999999999999
2019-01-23,30.779999999999998
2019-01-24,15.389999999999999
2019-01-25,15.959999999999999
2019-01-26,56.99999999999999
2019-01-27,18.24
2019-01-28,15.389999999999999
2019-01-29,30.779999999999998
2019-01-30,30.209999999999997
2019-01-31,0.0
2019-02-01,24.779999999999998
2019-02-02,0.0
2019-02-03,28.91
2019-02-04,59.0
2019-02-05,0.0
2019-02-06,36.58
2019-02-07,0.0
2019-02-08,0.0
2019-02-09,0.0
2019-02-10,0.0
2019-02-11,23.599999999999998
2019-02-12,48.379999999999995
2019-02-13,24.779999999999998
2019-02-14,49.559999999999995
2019-02-15,38.94
2019-02-16,0.0
2019-02-17,0.0
2019-02-18,25.959999999999997
2019-02-19,24.779999999999998
2019-02-20,0.0
2019-02-21,0.0
2019-02-22,0.0
2019-02-23,0.0
2019-02-24,28.91
2019-02-25,0.0
2019-02-26,24.189999999999998
2019-02-27,35.989999999999995
2019-02-28,24.779999999999998
2019-03-01,19.47
2019-03-02,0.0
2019-03-03,0.0
2019-03-04,18.88
2019-03-05,0.0
2019-03-06,18.29
2019-03-07,18.88
2019-03-08,0.0
2019-03-09,0.0
2019-03-10,0.0
2019-03-11,0.0
2019-03-12,19.47
2019-03-13,0.0
2019-03-14,38.35
2019-03-15,0.0
2019-03-16,0.0
2019-03-17,23.599999999999998
2019-03-18,20.06
2019-03-19,19.47
2019-03-20,19.47
2019-03-21,19.47
2019-03-22,0.0
2019-03-23,0.0
2019-03-24,0.0
2019-03-25,59.0
2019-03-26,0.0
2019-03-27,20.06
2019-03-28,0.0
2019-03-29,0.0
2019-03-30,0.0
2019-03-31,23.009999999999998
2019-04-01,27.06
2019-04-02,0.0
2019-04-03,27.06
2019-04-04,80.36
2019-04-05,27.88
2019-04-06,32.8
2019-04-07,0.0
2019-04-08,27.06
2019-04-09,0.0
2019-04-10,0.0
2019-04-11,27.06
2019-04-12,27.88
2019-04-13,33.62
2019-04-14,0.0
2019-04-15,0.0
2019-04-16,27.06
2019-04-17,55.76
2019-04-18,0.0
2019-04-19,0.0
2019-04-20,0.0
2019-04-21,0.0
2019-04-22,0.0
2019-04-23,0.0
2019-04-24,27.88
2019-04-25,27.06
2019-04-26,82.0
2019-04-27,32.8
2019-04-28,0.0
2019-04-29,54.12
2019-04-30,52.48
2019-05-01,0.0
2019-05-02,0.0
2019-05-03,63.0
2019-05-04,0.0
2019-05-05,37.17
2019-05-06,30.240000000000002
2019-05-07,61.11
2019-05-08,0.0
2019-05-09,0.0
2019-05-10,32.13
2019-05-11,0.0
2019-05-12,0.0
2019-05-13,0.0
2019-05-14,0.0
2019-05-15,31.5
2019-05-16,31.5
2019-05-17,32.13
2019-05-18,0.0
2019-05-19,0.0
2019-05-20,31.5
2019-05-21,0.0
2019-05-22,31.5
2019-05-23,0.0
2019-05-24,0.0
2019-05-25,39.06
2019-05-26,0.0
2019-05-27,0.0
2019-05-28,31.5
2019-05-29,0.0
2019-05-30,0.0
2019-05-31,0.0
2019-06-01,0.0
2019-06-02,0.0
2019-06-03,0.0
2019-06-04,0.0
2019-06-05,45.54
2019-06-06,22.77
2019-06-07,23.459999999999997
2019-06-08,0.0
2019-06-09,0.0
2019-06-10,45.54
2019-06-11,0.0
2019-06-12,46.23
2019-06-13,69.0
2019-06-14,0.0
2019-06-15,26.909999999999997
2019-06-16,0.0
2019-06-17,0.0
2019-06-18,22.77
2019-06-19,0.0
2019-06-20,22.77
2019-06-21,0.0
2019-06-22,0.0
2019-06-23,55.88999999999999
2019-06-24,46.919999999999995
2019-06-25,0.0
2019-06-26,22.77
2019-06-27,0.0
2019-06-28,0.0
2019-06-29,0.0
2019-06-30,0.0
2019-07-01,25.959999999999997
2019-07-02,38.94
2019-07-03,26.549999999999997
2019-07-04,59.0
2019-07-05,28.91
2019-07-06,28.91
2019-07-07,0.0
2019-07-08,25.369999999999997
2019-07-09,38.94
2019-07-10,51.33
2019-07-11,0.0
2019-07-12,26.549999999999997
2019-07-13,0.0
2019-07-14,30.68
2019-07-15,38.94
2019-07-16,0.0
2019-07-17,0.0
2019-07-18,25.959999999999997
2019-07-19,0.0
2019-07-20,30.09
2019-07-21,30.09
2019-07-22,25.959999999999997
2019-07-23,25.959999999999997
2019-07-24,27.139999999999997
2019-07-25,40.12
2019-07-26,41.3
2019-07-27,0.0
2019-07-28,0.0
2019-07-29,26.549999999999997
2019-07-30,0.0
2019-07-31,25.959999999999997
2019-08-01,33.0
2019-08-02,69.0
2019-08-03,0.0
2019-08-04,37.5
2019-08-05,33.0
2019-08-06,32.25
2019-08-07,0.0
2019-08-08,66.75
2019-08-09,33.0
2019-08-10,38.25
2019-08-11,0.0
2019-08-12,65.25
2019-08-13,32.25
2019-08-14,31.5
2019-08-15,32.25
2019-08-16,48.75
2019-08-17,37.5
2019-08-18,75.0
2019-08-19,31.5
2019-08-20,31.5
2019-08-21,32.25
2019-08-22,32.25
2019-08-23,48.0
2019-08-24,0.0
2019-08-25,0.0
2019-08-26,0.0
2019-08-27,30.75
2019-08-28,62.25
2019-08-29,62.25
2019-08-30,45.75
2019-08-31,0.0
2019-09-01,61.44
2019-09-02,0.0
2019-09-03,0.0
2019-09-04,25.6
2019-09-05,0.0
2019-09-06,24.96
2019-09-07,30.080000000000002
2019-09-08,0.0
2019-09-09,25.6
2019-09-10,37.76
2019-09-11,25.6
2019-09-12,25.6
2019-09-13,25.6
2019-09-14,30.72
2019-09-15,29.44
2019-09-16,0.0
2019-09-17,49.28
2019-09-18,0.0
2019-09-19,64.0
2019-09-20,51.2
2019-09-21,0.0
2019-09-22,0.0
2019-09-23,24.96
2019-09-24,0.0
2019-09-25,38.4
2019-09-26,51.84
2019-09-27,0.0
2019-09-28,31.36
2019-09-29,0.0
2019-09-30,25.6
2019-10-01,0.0
2019-10-02,15.84
2019-10-03,0.0
2019-10-04,0.0
2019-10-05,0.0
2019-10-06,0.0
2019-10-07,15.84
2019-10-08,0.0
2019-10-09,16.32
2019-10-10,0.0
2019-10-11,16.32
2019-10-12,0.0
2019-10-13,0.0
2019-10-14,32.64
2019-10-15,0.0
2019-10-16,15.84
2019-10-17,0.0
2019-10-18,0.0
2019-10-19,0.0
2019-10-20,0.0
2019-10-21,0.0
2019-10-22,15.36
2019-10-23,0.0
2019-10-24,15.84
2019-10-25,16.32
2019-10-26,0.0
2019-10-27,0.0
2019-10-28,0.0
2019-10-29,0.0
2019-10-30,0.0
2019-10-31,48.0
2019-11-01,0.0
2019-11-02,27.599999999999998
2019-11-03,17.4
2019-11-04,15.0
2019-11-05,15.0
2019-11-06,60.0
2019-11-07,15.0
2019-11-08,0.0
2019-11-09,0.0
2019-11-10,0.0
2019-11-11,15.6
2019-11-12,0.0
2019-11-13,15.0
2019-11-14,22.2
2019-11-15,15.0
2019-11-16,0.0
2019-11-17,0.0
2019-11-18,22.2
2019-11-19,15.0
2019-11-20,15.0
2019-11-21,0.0
2019-11-22,15.6
2019-11-23,0.0
2019-11-24,17.4
2019-11-25,0.0
2019-11-26,15.6
2019-11-27,16.2
2019-11-28,34.8
2019-11-29,16.8
2019-11-30,0.0
2019-12-01,0.0
2019-12-02,47.0
2019-12-03,0.0
2019-12-04,0.0
2019-12-05,0.0
2019-12-06,12.219999999999999
2019-12-07,14.569999999999999
2019-12-08,14.1
2019-12-09,0.0
2019-12-10,12.69
2019-12-11,12.219999999999999
2019-12-12,12.219999999999999
2019-12-13,0.0
2019-12-14,0.0
2019-12-15,0.0
2019-12-16,12.69
2019-12-17,12.69
2019-12-18,0.0
2019-12-19,25.38
2019-12-20,40.419999999999995
2019-12-21,15.04
2019-12-22,15.51
2019-12-23,13.629999999999999
2019-12-24,0.0
2019-12-25,0.0
2019-12-26,0.0
2019-12-27,0.0
2019-12-28,0.0
2019-12-29,0.0
2019-12-30,0.0
2019-12-31,14.1
2020-01-01,0.0
2020-01-02,0.0
2020-01-03,29.24
2020-01-04,0.0
2020-01-05,0.0
2020-01-06,0.0
2020-01-07,0.0
2020-01-08,0.0
2020-01-09,28.38
2020-01-10,84.28
2020-01-11,31.82
2020-01-12,30.96
2020-01-13,51.6
2020-01-14,24.94
2020-01-15,26.66
2020-01-16,27.52
2020-01-17,56.76
2020-01-18,0.0
2020-01-19,30.96
2020-01-20,0.0
2020-01-21,27.52
2020-01-22,0.0
2020-01-23,55.9
2020-01-24,27.52
2020-01-25,0.0
2020-01-26,30.099999999999998
2020-01-27,25.8
2020-01-28,0.0
2020-01-29,82.56
2020-01-30,86.0
2020-01-31,28.38
2020-02-01,16.4
2020-02-02,0.0
2020-02-03,0.0
2020-02-04,82.0
2020-02-05,34.44
2020-02-06,20.5
2020-02-07,21.32
2020-02-08,0.0
2020-02-09,16.4
2020-02-10,33.62
2020-02-11,19.68
2020-02-12,13.12
2020-02-13,20.5
2020-02-14,21.32
2020-02-15,16.4
2020-02-16,0.0
2020-02-17,28.7
2020-02-18,39.36
2020-02-19,46.739999999999995
2020-02-20,13.12
2020-02-21,13.12
2020-02-22,0.0
2020-02-23,31.979999999999997
2020-02-24,0.0
2020-02-25,19.68
2020-02-26,38.54
2020-02-27,19.68
2020-02-28,20.5
2020-02-29,15.579999999999998
2020-03-01,25.0
2020-03-02,21.0
2020-03-03,42.0
2020-03-04,63.0
2020-03-05,32.0
2020-03-06,0.0
2020-03-07,0.0
2020-03-08,0.0
2020-03-09,0.0
2020-03-10,21.0
2020-03-11,21.0
2020-03-12,20.0
2020-03-13,42.0
2020-03-14,25.0
2020-03-15,25.0
2020-03-16,21.0
2020-03-17,63.0
2020-03-18,21.0
2020-03-19,21.0
2020-03-20,31.0
2020-03-21,47.0
2020-03-22,24.0
2020-03-23,59.0
2020-03-24,52.0
2020-03-25,63.0
2020-03-26,53.0
2020-03-27,0.0
2020-03-28,23.0
2020-03-29,23.0
2020-03-30,100.0
2020-03-31,20.0
2020-04-01,0.0
2020-04-02,53.0
2020-04-03,0.0
2020-04-04,30.740000000000002
2020-04-05,0.0
2020-04-06,52.470000000000006
2020-04-07,27.03
2020-04-08,0.0
2020-04-09,0.0
