Date,Diversification
2013-04-01,53.6
2013-04-02,22.110000000000003
2013-04-03,26.8
2013-04-04,18.09
2013-04-05,28.14
2013-04-06,22.110000000000003
2013-04-07,16.75
2013-04-08,17.42
2013-04-09,52.93
2013-04-10,52.260000000000005
2013-04-11,67.0
2013-04-12,36.18
2013-04-13,44.220000000000006
2013-04-14,32.830000000000005
2013-04-15,38.190000000000005
2013-04-16,42.88
2013-04-17,30.82
2013-04-18,47.57
2013-04-19,22.78
2013-04-20,38.86
2013-04-21,16.75
2013-04-22,57.620000000000005
2013-04-23,39.53
2013-04-24,26.130000000000003
2013-04-25,44.89
2013-04-26,14.07
2013-04-27,22.78
2013-04-28,49.580000000000005
2013-04-29,34.84
2013-04-30,26.130000000000003
2013-05-01,53.07
2013-05-02,30.5
2013-05-03,23.79
2013-05-04,19.52
2013-05-05,37.82
2013-05-06,30.5
2013-05-07,56.12
2013-05-08,34.16
2013-05-09,61.0
2013-05-10,31.72
2013-05-11,19.52
2013-05-12,20.13
2013-05-13,42.699999999999996
2013-05-14,18.91
2013-05-15,18.91
2013-05-16,23.18
2013-05-17,7.93
2013-05-18,19.52
2013-05-19,9.76
2013-05-20,18.91
2013-05-21,26.23
2013-05-22,26.23
2013-05-23,42.699999999999996
2013-05-24,12.2
2013-05-25,20.13
2013-05-26,10.37
2013-05-27,9.15
2013-05-28,29.89
2013-05-29,26.84
2013-05-30,31.11
2013-05-31,16.47
2013-06-01,15.040000000000001
2013-06-02,0.0
2013-06-03,32.0
2013-06-04,11.84
2013-06-05,28.16
2013-06-06,24.0
2013-06-07,8.32
2013-06-08,15.040000000000001
2013-06-09,20.16
2013-06-10,23.68
2013-06-11,11.84
2013-06-12,24.0
2013-06-13,16.0
2013-06-14,8.64
2013-06-15,15.68
2013-06-16,20.8
2013-06-17,20.16
2013-06-18,8.0
2013-06-19,11.84
2013-06-20,12.16
2013-06-21,21.12
2013-06-22,20.48
2013-06-23,10.24
2013-06-24,20.48
2013-06-25,32.0
2013-06-26,24.0
2013-06-27,12.16
2013-06-28,8.32
2013-06-29,15.36
2013-06-30,10.24
2013-07-01,29.37
2013-07-02,16.830000000000002
2013-07-03,8.58
2013-07-04,10.56
2013-07-05,29.700000000000003
2013-07-06,0.0
2013-07-07,10.56
2013-07-08,16.830000000000002
2013-07-09,8.25
2013-07-10,12.540000000000001
2013-07-11,12.870000000000001
2013-07-12,30.360000000000003
2013-07-13,10.23
2013-07-14,0.0
2013-07-15,16.5
2013-07-16,8.25
2013-07-17,8.25
2013-07-18,17.16
2013-07-19,13.200000000000001
2013-07-20,10.23
2013-07-21,21.12
2013-07-22,12.21
2013-07-23,33.0
2013-07-24,25.080000000000002
2013-07-25,25.41
2013-07-26,17.490000000000002
2013-07-27,15.84
2013-07-28,10.23
2013-07-29,24.42
2013-07-30,20.46
2013-07-31,24.75
2013-08-01,22.44
2013-08-02,15.84
2013-08-03,9.24
2013-08-04,14.190000000000001
2013-08-05,11.22
2013-08-06,14.850000000000001
2013-08-07,11.22
2013-08-08,22.44
2013-08-09,19.14
2013-08-10,0.0
2013-08-11,9.57
2013-08-12,7.260000000000001
2013-08-13,33.0
2013-08-14,7.590000000000001
2013-08-15,22.77
2013-08-16,7.92
2013-08-17,13.860000000000001
2013-08-18,27.720000000000002
2013-08-19,7.590000000000001
2013-08-20,25.740000000000002
2013-08-21,14.850000000000001
2013-08-22,11.22
2013-08-23,7.590000000000001
2013-08-24,23.1
2013-08-25,9.24
2013-08-26,14.520000000000001
2013-08-27,21.78
2013-08-28,14.520000000000001
2013-08-29,18.48
2013-08-30,22.77
2013-08-31,8.91
2013-09-01,9.0
2013-09-02,8.1
2013-09-03,17.55
2013-09-04,34.65
2013-09-05,10.35
2013-09-06,14.4
2013-09-07,8.55
2013-09-08,16.650000000000002
2013-09-09,20.7
2013-09-10,27.0
2013-09-11,37.800000000000004
2013-09-12,21.150000000000002
2013-09-13,7.2
2013-09-14,0.0
2013-09-15,24.75
2013-09-16,27.45
2013-09-17,13.5
2013-09-18,45.0
2013-09-19,24.3
2013-09-20,25.650000000000002
2013-09-21,13.05
2013-09-22,17.1
2013-09-23,21.150000000000002
2013-09-24,13.950000000000001
2013-09-25,21.150000000000002
2013-09-26,10.8
2013-09-27,22.5
2013-09-28,13.5
2013-09-29,17.1
2013-09-30,10.35
2013-10-01,35.75
2013-10-02,16.900000000000002
2013-10-03,20.150000000000002
2013-10-04,27.95
2013-10-05,13.0
2013-10-06,24.7
2013-10-07,23.400000000000002
2013-10-08,33.15
2013-10-09,33.800000000000004
2013-10-10,20.150000000000002
2013-10-11,21.45
2013-10-12,25.35
2013-10-13,8.450000000000001
2013-10-14,30.55
2013-10-15,22.75
2013-10-16,42.9
2013-10-17,29.900000000000002
2013-10-18,17.55
2013-10-19,25.35
2013-10-20,16.25
2013-10-21,29.900000000000002
2013-10-22,65.0
2013-10-23,23.400000000000002
2013-10-24,26.650000000000002
2013-10-25,20.8
2013-10-26,26.0
2013-10-27,8.450000000000001
2013-10-28,19.5
2013-10-29,26.0
2013-10-30,19.5
2013-10-31,27.3
2013-11-01,20.16
2013-11-02,28.35
2013-11-03,27.72
2013-11-04,40.32
2013-11-05,52.92
2013-11-06,63.0
2013-11-07,35.910000000000004
2013-11-08,51.660000000000004
2013-11-09,22.68
2013-11-10,33.39
2013-11-11,50.4
2013-11-12,53.55
2013-11-13,40.32
2013-11-14,36.54
2013-11-15,42.21
2013-11-16,27.72
2013-11-17,27.09
2013-11-18,52.92
2013-11-19,26.46
2013-11-20,35.28
2013-11-21,57.96
2013-11-22,41.58
2013-11-23,10.71
2013-11-24,49.14
2013-11-25,40.32
2013-11-26,22.68
2013-11-27,28.98
2013-11-28,17.64
2013-11-29,32.13
2013-11-30,22.05
2013-12-01,20.16
2013-12-02,30.72
2013-12-03,19.68
2013-12-04,29.279999999999998
2013-12-05,23.52
2013-12-06,24.48
2013-12-07,0.0
2013-12-08,14.399999999999999
2013-12-09,23.04
2013-12-10,20.16
2013-12-11,48.0
2013-12-12,21.119999999999997
2013-12-13,12.48
2013-12-14,18.72
2013-12-15,0.0
2013-12-16,27.36
2013-12-17,30.24
2013-12-18,21.119999999999997
2013-12-19,12.48
2013-12-20,26.4
2013-12-21,0.0
2013-12-22,8.16
2013-12-23,6.72
2013-12-24,0.0
2013-12-25,0.0
2013-12-26,10.559999999999999
2013-12-27,13.92
2013-12-28,11.52
2013-12-29,11.52
2013-12-30,19.2
2013-12-31,6.72
2014-01-01,32.4
2014-01-02,21.6
2014-01-03,16.8
2014-01-04,9.600000000000001
2014-01-05,19.200000000000003
2014-01-06,20.0
2014-01-07,40.0
2014-01-08,16.400000000000002
2014-01-09,24.400000000000002
2014-01-10,25.200000000000003
2014-01-11,9.600000000000001
2014-01-12,19.6
2014-01-13,24.0
2014-01-14,28.0
2014-01-15,28.400000000000002
2014-01-16,20.400000000000002
2014-01-17,25.200000000000003
2014-01-18,10.0
2014-01-19,14.8
2014-01-20,25.6
2014-01-21,19.6
2014-01-22,19.6
2014-01-23,16.0
2014-01-24,16.400000000000002
2014-01-25,19.6
2014-01-26,14.8
2014-01-27,23.200000000000003
2014-01-28,15.200000000000001
2014-01-29,39.6
2014-01-30,40.0
2014-01-31,24.8
2014-02-01,27.9
2014-02-02,32.24
2014-02-03,17.98
2014-02-04,35.339999999999996
2014-02-05,32.24
2014-02-06,59.519999999999996
2014-02-07,37.82
2014-02-08,11.16
2014-02-09,21.7
2014-02-10,17.36
2014-02-11,30.38
2014-02-12,62.0
2014-02-13,35.96
2014-02-14,23.56
2014-02-15,0.0
2014-02-16,50.22
2014-02-17,18.6
2014-02-18,52.7
2014-02-19,53.94
2014-02-20,27.28
2014-02-21,32.24
2014-02-22,39.06
2014-02-23,33.48
2014-02-24,44.02
2014-02-25,35.339999999999996
2014-02-26,53.32
2014-02-27,40.3
2014-02-28,37.2
2014-03-01,19.43
2014-03-02,38.190000000000005
2014-03-03,52.93
2014-03-04,50.92
2014-03-05,20.1
2014-03-06,36.18
2014-03-07,25.46
2014-03-08,30.150000000000002
2014-03-09,14.74
2014-03-10,48.910000000000004
2014-03-11,24.12
2014-03-12,43.550000000000004
2014-03-13,60.970000000000006
2014-03-14,42.21
2014-03-15,0.0
2014-03-16,10.05
2014-03-17,47.57
2014-03-18,32.160000000000004
2014-03-19,32.160000000000004
2014-03-20,60.970000000000006
2014-03-21,33.5
2014-03-22,20.1
2014-03-23,29.48
2014-03-24,40.2
2014-03-25,67.0
2014-03-26,16.080000000000002
2014-03-27,28.810000000000002
2014-03-28,20.77
2014-03-29,19.43
2014-03-30,44.220000000000006
2014-03-31,55.61000000000001
2014-04-01,46.919999999999995
2014-04-02,35.879999999999995
2014-04-03,43.47
2014-04-04,37.26
2014-04-05,15.18
2014-04-06,19.32
2014-04-07,34.5
2014-04-08,35.19
2014-04-09,51.74999999999999
2014-04-10,69.0
2014-04-11,21.389999999999997
2014-04-12,57.269999999999996
2014-04-13,20.009999999999998
2014-04-14,46.919999999999995
2014-04-15,42.089999999999996
2014-04-16,51.74999999999999
2014-04-17,49.67999999999999
2014-04-18,31.049999999999997
2014-04-19,10.35
2014-04-20,48.989999999999995
2014-04-21,41.4
2014-04-22,39.33
2014-04-23,35.879999999999995
2014-04-24,48.3
2014-04-25,33.809999999999995
2014-04-26,10.35
2014-04-27,20.009999999999998
2014-04-28,39.33
2014-04-29,42.779999999999994
2014-04-30,35.19
2014-05-01,61.0
2014-05-02,34.16
2014-05-03,18.3
2014-05-04,0.0
2014-05-05,46.97
2014-05-06,39.65
2014-05-07,25.62
2014-05-08,48.19
2014-05-09,52.46
2014-05-10,23.18
2014-05-11,24.4
2014-05-12,14.64
2014-05-13,39.65
2014-05-14,21.96
2014-05-15,18.91
2014-05-16,37.82
2014-05-17,14.03
2014-05-18,28.669999999999998
2014-05-19,21.96
2014-05-20,37.21
2014-05-21,20.74
2014-05-22,33.55
2014-05-23,44.53
2014-05-24,10.98
2014-05-25,11.59
2014-05-26,10.37
2014-05-27,41.48
2014-05-28,24.4
2014-05-29,50.019999999999996
2014-05-30,12.81
2014-05-31,26.84
2014-06-01,16.77
2014-06-02,25.35
2014-06-03,25.35
2014-06-04,15.99
2014-06-05,39.0
2014-06-06,37.050000000000004
2014-06-07,8.58
2014-06-08,16.77
2014-06-09,22.62
2014-06-10,12.870000000000001
2014-06-11,12.870000000000001
2014-06-12,15.99
2014-06-13,13.26
2014-06-14,16.77
2014-06-15,12.870000000000001
2014-06-16,12.870000000000001
2014-06-17,12.870000000000001
2014-06-18,16.38
2014-06-19,13.26
2014-06-20,13.65
2014-06-21,0.0
2014-06-22,25.35
2014-06-23,19.5
2014-06-24,16.38
2014-06-25,19.11
2014-06-26,6.63
2014-06-27,20.28
2014-06-28,16.38
2014-06-29,8.19
2014-06-30,13.26
2014-07-01,39.0
2014-07-02,24.18
2014-07-03,21.060000000000002
2014-07-04,0.0
2014-07-05,11.31
2014-07-06,10.530000000000001
2014-07-07,15.99
2014-07-08,23.400000000000002
2014-07-09,15.600000000000001
2014-07-10,19.89
2014-07-11,8.19
2014-07-12,0.0
2014-07-13,14.82
2014-07-14,19.5
2014-07-15,15.21
2014-07-16,15.99
2014-07-17,15.99
2014-07-18,24.57
2014-07-19,9.75
2014-07-20,0.0
2014-07-21,15.600000000000001
2014-07-22,30.810000000000002
2014-07-23,19.89
2014-07-24,7.800000000000001
2014-07-25,24.57
2014-07-26,9.75
2014-07-27,9.75
2014-07-28,11.700000000000001
2014-07-29,7.800000000000001
2014-07-30,7.800000000000001
2014-07-31,11.700000000000001
2014-08-01,18.810000000000002
2014-08-02,8.91
2014-08-03,13.530000000000001
2014-08-04,7.260000000000001
2014-08-05,14.520000000000001
2014-08-06,18.150000000000002
2014-08-07,33.0
2014-08-08,23.1
2014-08-09,9.24
2014-08-10,0.0
2014-08-11,7.260000000000001
2014-08-12,13.530000000000001
2014-08-13,14.190000000000001
2014-08-14,25.41
2014-08-15,7.590000000000001
2014-08-16,8.91
2014-08-17,18.150000000000002
2014-08-18,0.0
2014-08-19,10.56
2014-08-20,17.82
2014-08-21,7.260000000000001
2014-08-22,14.850000000000001
2014-08-23,13.200000000000001
2014-08-24,17.82
2014-08-25,14.190000000000001
2014-08-26,10.56
2014-08-27,10.56
2014-08-28,24.75
2014-08-29,29.37
2014-08-30,8.91
2014-08-31,8.91
2014-09-01,13.86
2014-09-02,23.31
2014-09-03,46.62
2014-09-04,40.95
2014-09-05,35.910000000000004
2014-09-06,14.49
2014-09-07,42.84
2014-09-08,23.31
2014-09-09,39.06
2014-09-10,51.660000000000004
2014-09-11,23.31
2014-09-12,53.55
2014-09-13,43.47
2014-09-14,36.54
2014-09-15,28.98
2014-09-16,22.68
2014-09-17,11.34
2014-09-18,17.64
2014-09-19,30.240000000000002
2014-09-20,15.120000000000001
2014-09-21,50.4
2014-09-22,34.65
2014-09-23,45.36
2014-09-24,52.29
2014-09-25,40.95
2014-09-26,18.27
2014-09-27,30.240000000000002
2014-09-28,44.73
2014-09-29,57.33
2014-09-30,63.0
2014-10-01,36.720000000000006
2014-10-02,19.040000000000003
2014-10-03,25.840000000000003
2014-10-04,0.0
2014-10-05,48.28
2014-10-06,31.28
2014-10-07,36.720000000000006
2014-10-08,12.24
2014-10-09,6.12
2014-10-10,19.720000000000002
2014-10-11,16.32
2014-10-12,8.16
2014-10-13,44.2
2014-10-14,42.84
2014-10-15,30.6
2014-10-16,31.28
2014-10-17,19.720000000000002
2014-10-18,32.64
2014-10-19,15.64
2014-10-20,19.040000000000003
2014-10-21,18.360000000000003
2014-10-22,24.48
2014-10-23,37.400000000000006
2014-10-24,52.36000000000001
2014-10-25,16.32
2014-10-26,15.64
2014-10-27,68.0
2014-10-28,36.04
2014-10-29,6.12
2014-10-30,31.28
2014-10-31,6.800000000000001
2014-11-01,20.009999999999998
2014-11-02,9.66
2014-11-03,30.36
2014-11-04,33.12
2014-11-05,32.43
2014-11-06,29.669999999999998
2014-11-07,31.049999999999997
2014-11-08,28.29
2014-11-09,37.949999999999996
2014-11-10,55.88999999999999
2014-11-11,22.77
2014-11-12,37.26
2014-11-13,44.16
2014-11-14,42.089999999999996
2014-11-15,37.26
2014-11-16,18.63
2014-11-17,69.0
2014-11-18,35.879999999999995
2014-11-19,31.049999999999997
2014-11-20,18.63
2014-11-21,46.23
2014-11-22,18.63
2014-11-23,13.799999999999999
2014-11-24,25.529999999999998
2014-11-25,37.26
2014-11-26,20.009999999999998
2014-11-27,9.66
2014-11-28,13.799999999999999
2014-11-29,18.63
2014-11-30,26.909999999999997
2014-12-01,31.270000000000003
2014-12-02,28.09
2014-12-03,19.61
2014-12-04,25.970000000000002
2014-12-05,27.03
2014-12-06,24.380000000000003
2014-12-07,28.62
2014-12-08,32.33
2014-12-09,51.410000000000004
2014-12-10,53.0
2014-12-11,30.740000000000002
2014-12-12,34.45
2014-12-13,25.970000000000002
2014-12-14,21.73
2014-12-15,30.740000000000002
2014-12-16,33.92
2014-12-17,6.890000000000001
2014-12-18,28.62
2014-12-19,37.63
2014-12-20,0.0
2014-12-21,9.01
2014-12-22,15.370000000000001
2014-12-23,15.370000000000001
2014-12-24,8.48
2014-12-25,15.370000000000001
2014-12-26,9.01
2014-12-27,17.490000000000002
2014-12-28,0.0
2014-12-29,7.42
2014-12-30,7.42
2014-12-31,15.370000000000001
2015-01-01,21.32
2015-01-02,9.02
2015-01-03,19.68
2015-01-04,24.189999999999998
2015-01-05,24.189999999999998
2015-01-06,27.88
2015-01-07,35.669999999999995
2015-01-08,23.779999999999998
2015-01-09,12.299999999999999
2015-01-10,9.84
2015-01-11,29.11
2015-01-12,19.27
2015-01-13,38.949999999999996
2015-01-14,15.579999999999998
2015-01-15,19.68
2015-01-16,41.0
2015-01-17,9.84
2015-01-18,19.68
2015-01-19,8.61
2015-01-20,35.26
2015-01-21,23.369999999999997
2015-01-22,27.47
2015-01-23,7.789999999999999
2015-01-24,14.35
2015-01-25,14.76
2015-01-26,15.579999999999998
2015-01-27,38.129999999999995
2015-01-28,38.54
2015-01-29,19.27
2015-01-30,39.36
2015-01-31,9.43
2015-02-01,31.24
2015-02-02,37.629999999999995
2015-02-03,29.11
2015-02-04,29.11
2015-02-05,34.08
2015-02-06,17.04
2015-02-07,31.95
2015-02-08,26.27
2015-02-09,28.4
2015-02-10,29.11
2015-02-11,71.0
2015-02-12,37.629999999999995
2015-02-13,26.27
2015-02-14,26.979999999999997
2015-02-15,38.339999999999996
2015-02-16,49.699999999999996
2015-02-17,38.339999999999996
2015-02-18,21.299999999999997
2015-02-19,34.08
2015-02-20,13.489999999999998
2015-02-21,21.299999999999997
2015-02-22,31.95
2015-02-23,45.44
2015-02-24,58.93
2015-02-25,59.64
2015-02-26,25.56
2015-02-27,21.299999999999997
2015-02-28,20.59
2015-03-01,19.32
2015-03-02,24.15
2015-03-03,43.47
2015-03-04,31.74
2015-03-05,63.48
2015-03-06,54.51
2015-03-07,25.529999999999998
2015-03-08,31.049999999999997
2015-03-09,36.57
2015-03-10,36.57
2015-03-11,24.15
2015-03-12,28.979999999999997
2015-03-13,25.529999999999998
2015-03-14,31.049999999999997
2015-03-15,20.7
2015-03-16,46.23
2015-03-17,16.56
2015-03-18,24.839999999999996
2015-03-19,48.989999999999995
2015-03-20,24.839999999999996
2015-03-21,42.089999999999996
2015-03-22,26.22
2015-03-23,53.129999999999995
2015-03-24,65.55
2015-03-25,69.0
2015-03-26,24.839999999999996
2015-03-27,34.5
2015-03-28,22.77
2015-03-29,28.29
2015-03-30,33.12
2015-03-31,37.26
2015-04-01,45.12
2015-04-02,46.059999999999995
2015-04-03,49.82
2015-04-04,13.16
2015-04-05,33.839999999999996
2015-04-06,61.099999999999994
2015-04-07,68.61999999999999
2015-04-08,58.279999999999994
2015-04-09,89.3
2015-04-10,66.74
2015-04-11,45.12
2015-04-12,38.54
2015-04-13,44.18
2015-04-14,38.54
2015-04-15,78.02
2015-04-16,34.78
2015-04-17,51.699999999999996
2015-04-18,38.54
2015-04-19,18.799999999999997
2015-04-20,48.879999999999995
2015-04-21,82.72
2015-04-22,88.36
2015-04-23,39.48
2015-04-24,62.04
2015-04-25,38.54
2015-04-26,45.12
2015-04-27,63.919999999999995
2015-04-28,67.67999999999999
2015-04-29,63.919999999999995
2015-04-30,94.0
2015-05-01,17.69
2015-05-02,17.69
2015-05-03,21.96
2015-05-04,43.92
2015-05-05,46.36
2015-05-06,40.26
2015-05-07,23.79
2015-05-08,28.669999999999998
2015-05-09,13.42
2015-05-10,18.3
2015-05-11,34.16
2015-05-12,29.89
2015-05-13,30.5
2015-05-14,27.45
2015-05-15,28.669999999999998
2015-05-16,9.15
2015-05-17,27.45
2015-05-18,17.08
2015-05-19,61.0
2015-05-20,30.5
2015-05-21,35.99
2015-05-22,34.16
2015-05-23,9.15
2015-05-24,19.52
2015-05-25,8.54
2015-05-26,10.37
2015-05-27,40.87
2015-05-28,31.72
2015-05-29,18.3
2015-05-30,9.15
2015-05-31,18.3
2015-06-01,9.84
2015-06-02,16.4
2015-06-03,26.65
2015-06-04,13.53
2015-06-05,21.32
2015-06-06,8.61
2015-06-07,22.139999999999997
2015-06-08,20.09
2015-06-09,16.4
2015-06-10,16.81
2015-06-11,23.779999999999998
2015-06-12,31.569999999999997
2015-06-13,17.63
2015-06-14,8.61
2015-06-15,23.369999999999997
2015-06-16,16.81
2015-06-17,23.369999999999997
2015-06-18,41.0
2015-06-19,13.94
2015-06-20,0.0
2015-06-21,22.139999999999997
2015-06-22,20.09
2015-06-23,20.09
2015-06-24,16.81
2015-06-25,23.779999999999998
2015-06-26,10.66
2015-06-27,8.2
2015-06-28,17.22
2015-06-29,6.97
2015-06-30,13.53
2015-07-01,6.800000000000001
2015-07-02,14.280000000000001
2015-07-03,8.16
2015-07-04,9.520000000000001
2015-07-05,28.900000000000002
2015-07-06,13.600000000000001
2015-07-07,13.260000000000002
2015-07-08,20.060000000000002
2015-07-09,13.940000000000001
2015-07-10,7.140000000000001
2015-07-11,17.34
2015-07-12,17.68
2015-07-13,13.600000000000001
2015-07-14,0.0
2015-07-15,26.860000000000003
2015-07-16,6.800000000000001
2015-07-17,21.76
2015-07-18,18.02
2015-07-19,0.0
2015-07-20,21.42
2015-07-21,20.400000000000002
2015-07-22,34.0
2015-07-23,27.540000000000003
2015-07-24,0.0
2015-07-25,0.0
2015-07-26,0.0
2015-07-27,26.860000000000003
2015-07-28,6.800000000000001
2015-07-29,6.800000000000001
2015-07-30,20.400000000000002
2015-07-31,7.140000000000001
2015-08-01,9.62
2015-08-02,28.49
2015-08-03,11.1
2015-08-04,22.2
2015-08-05,18.87
2015-08-06,22.57
2015-08-07,11.84
2015-08-08,9.62
2015-08-09,14.43
2015-08-10,14.8
2015-08-11,7.4
2015-08-12,7.4
2015-08-13,15.17
2015-08-14,15.54
2015-08-15,9.25
2015-08-16,0.0
2015-08-17,18.5
2015-08-18,25.53
2015-08-19,21.83
2015-08-20,37.0
2015-08-21,11.1
2015-08-22,18.5
2015-08-23,9.25
2015-08-24,21.46
2015-08-25,21.46
2015-08-26,32.19
2015-08-27,28.86
2015-08-28,18.5
2015-08-29,18.5
2015-08-30,22.57
2015-08-31,14.06
2015-09-01,22.94
2015-09-02,22.94
2015-09-03,45.88
2015-09-04,24.18
2015-09-05,29.759999999999998
2015-09-06,10.54
2015-09-07,28.52
2015-09-08,30.38
2015-09-09,22.32
2015-09-10,29.759999999999998
2015-09-11,38.44
2015-09-12,0.0
2015-09-13,18.6
2015-09-14,30.38
2015-09-15,29.759999999999998
2015-09-16,44.64
2015-09-17,22.32
2015-09-18,31.0
2015-09-19,9.92
2015-09-20,19.22
2015-09-21,22.32
2015-09-22,29.759999999999998
2015-09-23,14.879999999999999
2015-09-24,52.7
2015-09-25,62.0
2015-09-26,9.92
2015-09-27,9.92
2015-09-28,50.839999999999996
2015-09-29,35.96
2015-09-30,36.58
2015-10-01,39.42
2015-10-02,25.55
2015-10-03,39.42
2015-10-04,32.12
2015-10-05,40.15
2015-10-06,29.93
2015-10-07,24.82
2015-10-08,40.15
2015-10-09,51.83
2015-10-10,27.009999999999998
2015-10-11,52.56
2015-10-12,30.66
2015-10-13,44.53
2015-10-14,73.0
2015-10-15,24.82
2015-10-16,51.1
2015-10-17,13.14
2015-10-18,44.53
2015-10-19,34.31
2015-10-20,62.78
2015-10-21,67.89
2015-10-22,54.019999999999996
2015-10-23,40.15
2015-10-24,18.98
2015-10-25,24.82
2015-10-26,57.67
2015-10-27,43.07
2015-10-28,51.83
2015-10-29,53.29
2015-10-30,71.53999999999999
2015-10-31,25.55
2015-11-01,32.4
2015-11-02,46.8
2015-11-03,15.84
2015-11-04,15.84
2015-11-05,23.759999999999998
2015-11-06,40.32
2015-11-07,20.88
2015-11-08,30.24
2015-11-09,47.519999999999996
2015-11-10,38.879999999999995
2015-11-11,0.0
2015-11-12,56.879999999999995
2015-11-13,33.12
2015-11-14,41.04
2015-11-15,10.08
2015-11-16,47.519999999999996
2015-11-17,61.919999999999995
2015-11-18,23.759999999999998
2015-11-19,23.759999999999998
2015-11-20,16.56
2015-11-21,72.0
2015-11-22,10.08
2015-11-23,32.4
2015-11-24,24.48
2015-11-25,8.64
2015-11-26,20.88
2015-11-27,0.0
2015-11-28,10.08
2015-11-29,29.52
2015-11-30,30.24
2015-12-01,57.99999999999999
2015-12-02,25.52
2015-12-03,31.319999999999997
2015-12-04,21.459999999999997
2015-12-05,10.44
2015-12-06,37.12
2015-12-07,35.96
2015-12-08,25.52
2015-12-09,31.319999999999997
2015-12-10,52.199999999999996
2015-12-11,24.36
2015-12-12,10.44
2015-12-13,20.299999999999997
2015-12-14,38.86
2015-12-15,26.099999999999998
2015-12-16,40.599999999999994
2015-12-17,33.64
2015-12-18,23.2
2015-12-19,21.459999999999997
2015-12-20,7.539999999999999
2015-12-21,11.6
2015-12-22,17.4
2015-12-23,6.38
2015-12-24,6.959999999999999
2015-12-25,0.0
2015-12-26,0.0
2015-12-27,10.44
2015-12-28,12.18
2015-12-29,0.0
2015-12-30,12.18
2015-12-31,12.76
2016-01-01,10.35
2016-01-02,18.0
2016-01-03,9.0
2016-01-04,22.95
2016-01-05,34.65
2016-01-06,27.0
2016-01-07,34.2
2016-01-08,23.400000000000002
2016-01-09,0.0
2016-01-10,24.75
2016-01-11,22.05
2016-01-12,22.05
2016-01-13,41.4
2016-01-14,36.0
2016-01-15,22.95
2016-01-16,9.0
2016-01-17,13.05
2016-01-18,23.85
2016-01-19,36.9
2016-01-20,14.85
2016-01-21,34.2
2016-01-22,30.6
2016-01-23,26.1
2016-01-24,35.1
2016-01-25,29.7
2016-01-26,26.1
2016-01-27,45.0
2016-01-28,26.1
2016-01-29,22.95
2016-01-30,9.0
2016-01-31,18.0
2016-02-01,21.299999999999997
2016-02-02,24.14
2016-02-03,21.299999999999997
2016-02-04,24.849999999999998
2016-02-05,32.66
2016-02-06,25.56
2016-02-07,24.849999999999998
2016-02-08,27.689999999999998
2016-02-09,59.64
2016-02-10,48.989999999999995
2016-02-11,31.95
2016-02-12,36.92
2016-02-13,33.37
2016-02-14,8.52
2016-02-15,29.11
2016-02-16,37.629999999999995
2016-02-17,71.0
2016-02-18,41.89
2016-02-19,47.57
2016-02-20,17.04
2016-02-21,34.08
2016-02-22,58.93
2016-02-23,24.14
2016-02-24,44.73
2016-02-25,42.599999999999994
2016-02-26,39.76
2016-02-27,29.82
2016-02-28,21.299999999999997
2016-02-29,34.08
2016-03-01,45.82
2016-03-02,45.82
2016-03-03,58.46
2016-03-04,55.300000000000004
2016-03-05,18.17
2016-03-06,41.870000000000005
2016-03-07,54.510000000000005
2016-03-08,42.660000000000004
2016-03-09,50.56
2016-03-10,39.5
2016-03-11,28.44
2016-03-12,28.44
2016-03-13,14.22
2016-03-14,42.660000000000004
2016-03-15,79.0
2016-03-16,27.650000000000002
2016-03-17,36.34
2016-03-18,41.870000000000005
2016-03-19,14.22
2016-03-20,18.96
2016-03-21,47.400000000000006
2016-03-22,52.14
2016-03-23,44.24
2016-03-24,56.88
2016-03-25,38.71
2016-03-26,9.48
2016-03-27,30.020000000000003
2016-03-28,52.93
2016-03-29,39.5
2016-03-30,72.68
2016-03-31,67.94
2016-04-01,26.32
2016-04-02,26.32
2016-04-03,60.16
2016-04-04,49.82
2016-04-05,49.82
2016-04-06,37.599999999999994
2016-04-07,41.36
2016-04-08,48.879999999999995
2016-04-09,15.04
2016-04-10,32.9
2016-04-11,44.18
2016-04-12,31.02
2016-04-13,88.36
2016-04-14,37.599999999999994
2016-04-15,46.059999999999995
2016-04-16,39.48
2016-04-17,19.74
2016-04-18,34.78
2016-04-19,44.18
2016-04-20,94.0
2016-04-21,55.459999999999994
2016-04-22,25.38
2016-04-23,23.5
2016-04-24,46.059999999999995
2016-04-25,49.82
2016-04-26,43.239999999999995
2016-04-27,36.66
2016-04-28,40.419999999999995
2016-04-29,29.139999999999997
2016-04-30,26.32
2016-05-01,23.4
2016-05-02,51.0
2016-05-03,45.0
2016-05-04,38.4
2016-05-05,52.199999999999996
2016-05-06,34.199999999999996
2016-05-07,7.8
2016-05-08,57.599999999999994
2016-05-09,39.6
2016-05-10,51.6
2016-05-11,40.199999999999996
2016-05-12,46.8
2016-05-13,34.199999999999996
2016-05-14,24.599999999999998
2016-05-15,24.599999999999998
2016-05-16,60.0
2016-05-17,45.6
2016-05-18,39.6
2016-05-19,19.8
2016-05-20,21.0
2016-05-21,8.4
2016-05-22,8.4
2016-05-23,26.4
2016-05-24,46.8
2016-05-25,6.6
2016-05-26,34.8
2016-05-27,28.799999999999997
2016-05-28,0.0
2016-05-29,17.4
2016-05-30,7.8
2016-05-31,33.6
2016-06-01,40.74
2016-06-02,36.12
2016-06-03,31.5
2016-06-04,36.12
2016-06-05,29.82
2016-06-06,29.82
2016-06-07,35.28
2016-06-08,35.699999999999996
2016-06-09,31.08
2016-06-10,26.88
2016-06-11,30.24
2016-06-12,24.36
2016-06-13,31.08
2016-06-14,40.74
2016-06-15,15.12
2016-06-16,15.54
2016-06-17,31.919999999999998
2016-06-18,37.379999999999995
2016-06-19,18.9
2016-06-20,41.16
2016-06-21,10.5
2016-06-22,42.0
2016-06-23,21.0
2016-06-24,26.459999999999997
2016-06-25,12.6
2016-06-26,31.5
2016-06-27,35.699999999999996
2016-06-28,41.16
2016-06-29,42.0
2016-06-30,31.919999999999998
2016-07-01,13.2
2016-07-02,7.5
2016-07-03,11.7
2016-07-04,30.0
2016-07-05,20.099999999999998
2016-07-06,12.9
2016-07-07,15.899999999999999
2016-07-08,12.9
2016-07-09,7.5
2016-07-10,11.1
2016-07-11,25.8
2016-07-12,25.8
2016-07-13,13.2
2016-07-14,12.6
2016-07-15,9.9
2016-07-16,15.0
2016-07-17,7.5
2016-07-18,16.2
2016-07-19,15.899999999999999
2016-07-20,22.8
2016-07-21,25.8
2016-07-22,26.4
2016-07-23,15.0
2016-07-24,11.4
2016-07-25,22.2
2016-07-26,22.2
2016-07-27,15.899999999999999
2016-07-28,12.6
2016-07-29,19.5
2016-07-30,22.2
2016-07-31,14.7
2016-08-01,13.200000000000001
2016-08-02,26.400000000000002
2016-08-03,6.6000000000000005
2016-08-04,17.16
2016-08-05,14.520000000000001
2016-08-06,24.75
2016-08-07,16.5
2016-08-08,10.23
2016-08-09,10.23
2016-08-10,27.720000000000002
2016-08-11,14.190000000000001
2016-08-12,14.190000000000001
2016-08-13,7.92
2016-08-14,8.25
2016-08-15,6.930000000000001
2016-08-16,14.190000000000001
2016-08-17,21.45
2016-08-18,14.520000000000001
2016-08-19,33.0
2016-08-20,0.0
2016-08-21,8.25
2016-08-22,14.190000000000001
2016-08-23,6.930000000000001
2016-08-24,30.69
2016-08-25,9.9
2016-08-26,6.6000000000000005
2016-08-27,15.510000000000002
2016-08-28,23.1
2016-08-29,16.17
2016-08-30,15.84
2016-08-31,16.17
2016-09-01,26.5
2016-09-02,30.0
2016-09-03,17.0
2016-09-04,42.5
2016-09-05,26.0
2016-09-06,31.0
2016-09-07,14.0
2016-09-08,23.0
2016-09-09,17.5
2016-09-10,13.5
2016-09-11,19.5
2016-09-12,19.5
2016-09-13,19.5
2016-09-14,23.0
2016-09-15,11.5
2016-09-16,14.5
2016-09-17,6.5
2016-09-18,13.0
2016-09-19,11.0
2016-09-20,28.0
2016-09-21,8.5
2016-09-22,20.0
2016-09-23,20.5
2016-09-24,14.0
2016-09-25,16.5
2016-09-26,50.0
2016-09-27,22.0
2016-09-28,34.0
2016-09-29,5.5
2016-09-30,12.0
2016-10-01,19.5
2016-10-02,28.6
2016-10-03,24.05
2016-10-04,35.1
2016-10-05,27.3
2016-10-06,35.1
2016-10-07,19.5
2016-10-08,16.25
2016-10-09,22.75
2016-10-10,13.65
2016-10-11,19.5
2016-10-12,29.900000000000002
2016-10-13,33.15
2016-10-14,31.200000000000003
2016-10-15,13.65
2016-10-16,22.75
2016-10-17,32.5
2016-10-18,46.15
2016-10-19,22.1
2016-10-20,24.7
2016-10-21,16.900000000000002
2016-10-22,16.900000000000002
2016-10-23,13.0
2016-10-24,24.05
2016-10-25,32.5
2016-10-26,24.05
2016-10-27,35.1
2016-10-28,25.35
2016-10-29,16.25
2016-10-30,31.85
2016-10-31,65.0
2016-11-01,27.720000000000002
2016-11-02,38.940000000000005
2016-11-03,31.68
2016-11-04,48.18
2016-11-05,0.0
2016-11-06,23.76
2016-11-07,19.8
2016-11-08,50.160000000000004
2016-11-09,31.68
2016-11-10,46.2
2016-11-11,41.580000000000005
2016-11-12,15.84
2016-11-13,38.28
2016-11-14,38.940000000000005
2016-11-15,38.28
2016-11-16,39.6
2016-11-17,39.6
2016-11-18,47.52
2016-11-19,7.92
2016-11-20,38.940000000000005
2016-11-21,66.0
2016-11-22,33.660000000000004
2016-11-23,28.380000000000003
2016-11-24,7.92
2016-11-25,0.0
2016-11-26,7.260000000000001
2016-11-27,7.260000000000001
2016-11-28,48.18
2016-11-29,24.42
2016-11-30,18.48
2016-12-01,38.64
2016-12-02,56.00000000000001
2016-12-03,17.360000000000003
2016-12-04,21.28
2016-12-05,36.96
2016-12-06,45.36000000000001
2016-12-07,45.36000000000001
2016-12-08,16.8
2016-12-09,29.680000000000003
2016-12-10,20.720000000000002
2016-12-11,14.000000000000002
2016-12-12,30.240000000000002
2016-12-13,39.760000000000005
2016-12-14,19.040000000000003
2016-12-15,33.6
2016-12-16,38.080000000000005
2016-12-17,23.520000000000003
2016-12-18,5.6000000000000005
2016-12-19,29.680000000000003
2016-12-20,28.560000000000002
2016-12-21,5.040000000000001
2016-12-22,16.240000000000002
2016-12-23,11.200000000000001
2016-12-24,9.520000000000001
2016-12-25,0.0
2016-12-26,5.6000000000000005
2016-12-27,5.040000000000001
2016-12-28,10.64
2016-12-29,15.680000000000001
2016-12-30,5.6000000000000005
2016-12-31,11.200000000000001
2017-01-01,8.84
2017-01-02,15.08
2017-01-03,10.4
2017-01-04,20.8
2017-01-05,17.68
2017-01-06,21.32
2017-01-07,16.12
2017-01-08,7.800000000000001
2017-01-09,23.92
2017-01-10,23.400000000000002
2017-01-11,50.96
2017-01-12,30.68
2017-01-13,52.0
2017-01-14,8.32
2017-01-15,7.800000000000001
2017-01-16,14.040000000000001
2017-01-17,16.64
2017-01-18,20.28
2017-01-19,33.800000000000004
2017-01-20,13.52
2017-01-21,31.720000000000002
2017-01-22,22.880000000000003
2017-01-23,29.12
2017-01-24,29.64
2017-01-25,36.92
2017-01-26,23.400000000000002
2017-01-27,13.52
2017-01-28,16.12
2017-01-29,11.96
2017-01-30,35.88
2017-01-31,49.4
2017-02-01,27.0
2017-02-02,39.0
2017-02-03,40.5
2017-02-04,28.5
2017-02-05,27.75
2017-02-06,30.0
2017-02-07,72.75
2017-02-08,51.0
2017-02-09,31.5
2017-02-10,33.0
2017-02-11,33.75
2017-02-12,33.0
2017-02-13,26.25
2017-02-14,51.75
2017-02-15,65.25
2017-02-16,39.0
2017-02-17,27.75
2017-02-18,18.75
2017-02-19,33.75
2017-02-20,36.75
2017-02-21,23.25
2017-02-22,70.5
2017-02-23,75.0
2017-02-24,56.25
2017-02-25,46.5
2017-02-26,27.0
2017-02-27,72.75
2017-02-28,66.75
2017-03-01,66.3
2017-03-02,60.35
2017-03-03,48.449999999999996
2017-03-04,26.349999999999998
2017-03-05,39.949999999999996
2017-03-06,62.9
2017-03-07,45.05
2017-03-08,66.3
2017-03-09,65.45
2017-03-10,34.0
2017-03-11,52.699999999999996
2017-03-12,57.8
2017-03-13,72.25
2017-03-14,59.5
2017-03-15,40.8
2017-03-16,67.14999999999999
2017-03-17,39.1
2017-03-18,22.95
2017-03-19,22.099999999999998
2017-03-20,85.0
2017-03-21,45.05
2017-03-22,44.199999999999996
2017-03-23,60.35
2017-03-24,49.3
2017-03-25,22.099999999999998
2017-03-26,17.849999999999998
2017-03-27,62.9
2017-03-28,52.699999999999996
2017-03-29,78.2
2017-03-30,68.0
2017-03-31,53.55
2017-04-01,30.0
2017-04-02,30.0
2017-04-03,67.0
2017-04-04,35.0
2017-04-05,43.0
2017-04-06,75.0
2017-04-07,44.0
2017-04-08,36.0
2017-04-09,35.0
2017-04-10,40.0
2017-04-11,44.0
2017-04-12,48.0
2017-04-13,78.0
2017-04-14,20.0
2017-04-15,18.0
2017-04-16,23.0
2017-04-17,69.0
2017-04-18,57.0
2017-04-19,32.0
2017-04-20,76.0
2017-04-21,33.0
2017-04-22,27.0
2017-04-23,35.0
2017-04-24,100.0
2017-04-25,56.0
2017-04-26,71.0
2017-04-27,28.0
2017-04-28,45.0
2017-04-29,13.0
2017-04-30,30.0
2017-05-01,64.24
2017-05-02,73.0
2017-05-03,44.53
2017-05-04,47.449999999999996
2017-05-05,40.15
2017-05-06,14.6
2017-05-07,7.3
2017-05-08,59.86
2017-05-09,54.019999999999996
2017-05-10,42.339999999999996
2017-05-11,40.15
2017-05-12,21.9
2017-05-13,15.33
2017-05-14,15.33
2017-05-15,48.18
2017-05-16,38.69
2017-05-17,32.12
2017-05-18,32.12
2017-05-19,29.93
2017-05-20,39.42
2017-05-21,23.36
2017-05-22,37.96
2017-05-23,31.39
2017-05-24,29.2
2017-05-25,29.2
2017-05-26,21.169999999999998
2017-05-27,20.439999999999998
2017-05-28,0.0
2017-05-29,11.68
2017-05-30,22.63
2017-05-31,37.23
2017-06-01,20.09
2017-06-02,12.299999999999999
2017-06-03,24.189999999999998
2017-06-04,18.86
2017-06-05,35.26
2017-06-06,22.959999999999997
2017-06-07,27.47
2017-06-08,35.669999999999995
2017-06-09,41.0
2017-06-10,9.43
2017-06-11,9.84
2017-06-12,15.579999999999998
2017-06-13,27.06
2017-06-14,27.06
2017-06-15,28.7
2017-06-16,24.599999999999998
2017-06-17,14.35
2017-06-18,28.7
2017-06-19,27.47
2017-06-20,18.86
2017-06-21,18.86
2017-06-22,19.27
2017-06-23,23.369999999999997
2017-06-24,9.43
2017-06-25,19.27
2017-06-26,11.889999999999999
2017-06-27,12.299999999999999
2017-06-28,33.62
2017-06-29,37.72
2017-06-30,17.22
2017-07-01,0.0
2017-07-02,7.4399999999999995
2017-07-03,9.92
2017-07-04,7.13
2017-07-05,0.0
2017-07-06,12.09
2017-07-07,18.6
2017-07-08,21.08
2017-07-09,7.13
2017-07-10,27.28
2017-07-11,18.29
2017-07-12,21.39
2017-07-13,21.7
2017-07-14,24.8
2017-07-15,25.11
2017-07-16,14.57
2017-07-17,9.3
2017-07-18,21.39
2017-07-19,18.29
2017-07-20,8.99
2017-07-21,31.0
2017-07-22,21.08
2017-07-23,13.95
2017-07-24,30.07
2017-07-25,30.38
2017-07-26,6.2
2017-07-27,8.99
2017-07-28,12.4
2017-07-29,7.13
2017-07-30,21.39
2017-07-31,15.19
2017-08-01,3.19
2017-08-02,3.19
2017-08-03,6.67
2017-08-04,10.149999999999999
2017-08-05,11.6
2017-08-06,11.889999999999999
2017-08-07,3.19
2017-08-08,9.28
2017-08-09,0.0
2017-08-10,3.4799999999999995
2017-08-11,13.919999999999998
2017-08-12,3.7699999999999996
2017-08-13,7.829999999999999
2017-08-14,13.34
2017-08-15,9.86
2017-08-16,20.009999999999998
2017-08-17,3.19
2017-08-18,0.0
2017-08-19,4.06
2017-08-20,3.7699999999999996
2017-08-21,0.0
2017-08-22,3.19
2017-08-23,6.67
2017-08-24,9.86
2017-08-25,6.67
2017-08-26,0.0
2017-08-27,11.02
2017-08-28,16.24
2017-08-29,28.999999999999996
2017-08-30,9.86
2017-08-31,13.049999999999999
2017-09-01,35.36
2017-09-02,0.0
2017-09-03,36.4
2017-09-04,29.64
2017-09-05,29.12
2017-09-06,10.92
2017-09-07,40.56
2017-09-08,30.16
2017-09-09,13.0
2017-09-10,30.16
2017-09-11,18.72
2017-09-12,33.28
2017-09-13,33.28
2017-09-14,29.64
2017-09-15,34.32
2017-09-16,22.880000000000003
2017-09-17,17.68
2017-09-18,52.0
2017-09-19,50.96
2017-09-20,22.36
2017-09-21,30.16
2017-09-22,19.240000000000002
2017-09-23,36.4
2017-09-24,22.36
2017-09-25,22.36
2017-09-26,52.0
2017-09-27,26.52
2017-09-28,41.6
2017-09-29,30.68
2017-09-30,27.560000000000002
2017-10-01,7.59
2017-10-02,26.909999999999997
2017-10-03,30.36
2017-10-04,24.839999999999996
2017-10-05,31.049999999999997
2017-10-06,9.66
2017-10-07,18.63
2017-10-08,28.979999999999997
2017-10-09,45.54
2017-10-10,48.3
2017-10-11,30.36
2017-10-12,33.809999999999995
2017-10-13,19.32
2017-10-14,22.08
2017-10-15,22.08
2017-10-16,46.23
2017-10-17,46.23
2017-10-18,31.049999999999997
2017-10-19,37.26
2017-10-20,22.77
2017-10-21,23.459999999999997
2017-10-22,18.63
2017-10-23,55.199999999999996
2017-10-24,66.92999999999999
2017-10-25,39.33
2017-10-26,37.26
2017-10-27,28.979999999999997
2017-10-28,15.18
2017-10-29,22.08
2017-10-30,69.0
2017-10-31,34.5
2017-11-01,39.9
2017-11-02,31.499999999999996
2017-11-03,39.9
2017-11-04,16.799999999999997
2017-11-05,28.7
2017-11-06,34.3
2017-11-07,58.8
2017-11-08,49.0
2017-11-09,38.5
2017-11-10,40.599999999999994
2017-11-11,29.4
2017-11-12,32.9
2017-11-13,51.8
2017-11-14,41.3
2017-11-15,59.49999999999999
2017-11-16,38.5
2017-11-17,43.4
2017-11-18,12.6
2017-11-19,33.599999999999994
2017-11-20,53.9
2017-11-21,36.4
2017-11-22,30.799999999999997
2017-11-23,8.399999999999999
2017-11-24,23.799999999999997
2017-11-25,24.5
2017-11-26,49.699999999999996
2017-11-27,56.0
2017-11-28,53.9
2017-11-29,48.3
2017-11-30,70.0
2017-12-01,31.900000000000002
2017-12-02,11.55
2017-12-03,14.3
2017-12-04,42.900000000000006
2017-12-05,37.95
2017-12-06,48.400000000000006
2017-12-07,42.900000000000006
2017-12-08,31.900000000000002
2017-12-09,11.55
2017-12-10,31.900000000000002
2017-12-11,55.00000000000001
2017-12-12,55.00000000000001
2017-12-13,31.35
2017-12-14,31.900000000000002
2017-12-15,35.2
2017-12-16,17.6
2017-12-17,26.400000000000002
2017-12-18,44.550000000000004
2017-12-19,27.500000000000004
2017-12-20,23.1
2017-12-21,26.950000000000003
2017-12-22,8.25
2017-12-23,18.700000000000003
2017-12-24,6.6000000000000005
2017-12-25,0.0
2017-12-26,6.050000000000001
2017-12-27,8.25
2017-12-28,11.0
2017-12-29,8.25
2017-12-30,14.850000000000001
2017-12-31,6.050000000000001
2018-01-01,10.56
2018-01-02,18.48
2018-01-03,18.04
2018-01-04,17.6
2018-01-05,12.32
2018-01-06,20.24
2018-01-07,13.64
2018-01-08,22.88
2018-01-09,11.44
2018-01-10,44.0
2018-01-11,34.76
2018-01-12,29.48
2018-01-13,10.12
2018-01-14,10.12
2018-01-15,12.32
2018-01-16,22.88
2018-01-17,25.96
2018-01-18,25.96
2018-01-19,20.68
2018-01-20,20.24
2018-01-21,10.12
2018-01-22,14.08
2018-01-23,17.16
2018-01-24,31.24
2018-01-25,23.32
2018-01-26,17.6
2018-01-27,20.24
2018-01-28,13.64
2018-01-29,22.44
2018-01-30,30.8
2018-01-31,19.8
2018-02-01,40.260000000000005
2018-02-02,34.32
2018-02-03,40.260000000000005
2018-02-04,54.78
2018-02-05,59.400000000000006
2018-02-06,46.2
2018-02-07,46.2
2018-02-08,46.86
2018-02-09,6.6000000000000005
2018-02-10,23.76
2018-02-11,15.84
2018-02-12,53.46
2018-02-13,46.86
2018-02-14,13.200000000000001
2018-02-15,34.32
2018-02-16,34.980000000000004
2018-02-17,31.68
2018-02-18,0.0
2018-02-19,48.84
2018-02-20,33.660000000000004
2018-02-21,33.660000000000004
2018-02-22,26.400000000000002
2018-02-23,54.120000000000005
2018-02-24,23.76
2018-02-25,7.92
2018-02-26,66.0
2018-02-27,54.120000000000005
2018-02-28,19.8
2018-03-01,45.75
2018-03-02,51.0
2018-03-03,18.75
2018-03-04,30.0
2018-03-05,43.5
2018-03-06,66.75
2018-03-07,44.25
2018-03-08,22.5
2018-03-09,51.75
2018-03-10,11.25
2018-03-11,15.0
2018-03-12,41.25
2018-03-13,28.5
2018-03-14,41.25
2018-03-15,41.25
2018-03-16,36.0
2018-03-17,15.0
2018-03-18,19.5
2018-03-19,60.75
2018-03-20,44.25
2018-03-21,51.0
2018-03-22,61.5
2018-03-23,30.0
2018-03-24,12.0
2018-03-25,42.75
2018-03-26,75.0
2018-03-27,45.75
2018-03-28,36.75
2018-03-29,30.0
2018-03-30,21.75
2018-03-31,15.75
2018-04-01,39.6
2018-04-02,65.7
2018-04-03,52.2
2018-04-04,72.0
2018-04-05,36.9
2018-04-06,16.2
2018-04-07,23.400000000000002
2018-04-08,33.300000000000004
2018-04-09,71.10000000000001
2018-04-10,47.7
2018-04-11,60.300000000000004
2018-04-12,81.0
2018-04-13,41.4
2018-04-14,33.300000000000004
2018-04-15,42.300000000000004
2018-04-16,81.0
2018-04-17,90.0
2018-04-18,72.0
2018-04-19,64.8
2018-04-20,49.5
2018-04-21,24.3
2018-04-22,34.2
2018-04-23,86.4
2018-04-24,50.4
2018-04-25,66.60000000000001
2018-04-26,82.8
2018-04-27,36.9
2018-04-28,24.3
2018-04-29,34.2
2018-04-30,44.1
2018-05-01,60.75
2018-05-02,51.0
2018-05-03,68.25
2018-05-04,42.0
2018-05-05,29.25
2018-05-06,75.0
2018-05-07,74.25
2018-05-08,60.75
2018-05-09,41.25
2018-05-10,65.25
2018-05-11,42.0
2018-05-12,17.25
2018-05-13,12.75
2018-05-14,45.75
2018-05-15,45.0
2018-05-16,48.75
2018-05-17,38.25
2018-05-18,39.0
2018-05-19,8.25
2018-05-20,17.25
2018-05-21,35.25
2018-05-22,48.75
2018-05-23,32.25
2018-05-24,51.0
2018-05-25,30.0
2018-05-26,17.25
2018-05-27,21.75
2018-05-28,24.75
2018-05-29,35.25
2018-05-30,17.25
2018-05-31,14.25
2018-06-01,42.0
2018-06-02,26.459999999999997
2018-06-03,29.82
2018-06-04,30.24
2018-06-05,40.32
2018-06-06,13.86
2018-06-07,19.32
2018-06-08,25.619999999999997
2018-06-09,22.68
2018-06-10,6.72
2018-06-11,15.959999999999999
2018-06-12,15.54
2018-06-13,28.56
2018-06-14,16.38
2018-06-15,11.34
2018-06-16,6.72
2018-06-17,10.08
2018-06-18,24.779999999999998
2018-06-19,35.28
2018-06-20,34.019999999999996
2018-06-21,8.4
2018-06-22,17.22
2018-06-23,19.32
2018-06-24,16.38
2018-06-25,30.66
2018-06-26,19.74
2018-06-27,19.32
2018-06-28,14.28
2018-06-29,11.76
2018-06-30,6.72
2018-07-01,6.12
2018-07-02,17.28
2018-07-03,10.44
2018-07-04,7.92
2018-07-05,7.56
2018-07-06,13.68
2018-07-07,3.96
2018-07-08,11.879999999999999
2018-07-09,8.28
2018-07-10,10.08
2018-07-11,4.68
2018-07-12,8.64
2018-07-13,12.6
2018-07-14,0.0
2018-07-15,11.879999999999999
2018-07-16,12.24
2018-07-17,10.08
2018-07-18,3.5999999999999996
2018-07-19,9.0
2018-07-20,7.199999999999999
2018-07-21,6.12
2018-07-22,36.0
2018-07-23,13.68
2018-07-24,8.64
2018-07-25,8.64
2018-07-26,12.24
2018-07-27,5.3999999999999995
2018-07-28,3.96
2018-07-29,14.399999999999999
2018-07-30,3.5999999999999996
2018-07-31,3.2399999999999998
2018-08-01,9.57
2018-08-02,12.870000000000001
2018-08-03,26.73
2018-08-04,30.03
2018-08-05,7.590000000000001
2018-08-06,22.77
2018-08-07,25.740000000000002
2018-08-08,9.57
2018-08-09,22.77
2018-08-10,9.9
2018-08-11,18.810000000000002
2018-08-12,0.0
2018-08-13,6.6000000000000005
2018-08-14,12.870000000000001
2018-08-15,33.0
2018-08-16,32.67
2018-08-17,16.5
2018-08-18,11.55
2018-08-19,23.43
2018-08-20,9.9
2018-08-21,29.040000000000003
2018-08-22,19.470000000000002
2018-08-23,13.200000000000001
2018-08-24,13.200000000000001
2018-08-25,7.590000000000001
2018-08-26,15.180000000000001
2018-08-27,25.740000000000002
2018-08-28,9.57
2018-08-29,22.11
2018-08-30,22.44
2018-08-31,19.470000000000002
2018-09-01,14.399999999999999
2018-09-02,11.4
2018-09-03,21.0
2018-09-04,12.6
2018-09-05,27.599999999999998
2018-09-06,36.0
2018-09-07,27.599999999999998
2018-09-08,10.799999999999999
2018-09-09,27.599999999999998
2018-09-10,60.0
2018-09-11,27.0
2018-09-12,30.0
2018-09-13,33.6
2018-09-14,18.599999999999998
2018-09-15,10.799999999999999
2018-09-16,10.799999999999999
2018-09-17,54.6
2018-09-18,42.6
2018-09-19,31.2
2018-09-20,45.6
2018-09-21,40.8
2018-09-22,30.0
2018-09-23,25.2
2018-09-24,21.599999999999998
2018-09-25,33.0
2018-09-26,27.599999999999998
2018-09-27,31.2
2018-09-28,22.2
2018-09-29,15.0
2018-09-30,25.8
2018-10-01,56.98
2018-10-02,22.2
2018-10-03,40.7
2018-10-04,45.14
2018-10-05,19.24
2018-10-06,23.68
2018-10-07,37.0
2018-10-08,19.24
2018-10-09,28.86
2018-10-10,41.44
2018-10-11,45.88
2018-10-12,20.72
2018-10-13,31.82
2018-10-14,31.08
2018-10-15,32.56
2018-10-16,51.8
2018-10-17,58.46
2018-10-18,29.6
2018-10-19,27.38
2018-10-20,15.54
2018-10-21,30.34
2018-10-22,42.18
2018-10-23,74.0
2018-10-24,53.28
2018-10-25,35.519999999999996
2018-10-26,44.4
2018-10-27,23.68
2018-10-28,22.94
2018-10-29,34.78
2018-10-30,54.76
2018-10-31,39.96
2018-11-01,27.299999999999997
2018-11-02,36.4
2018-11-03,7.699999999999999
2018-11-04,37.099999999999994
2018-11-05,69.3
2018-11-06,25.2
2018-11-07,33.599999999999994
2018-11-08,49.699999999999996
2018-11-09,58.8
2018-11-10,15.399999999999999
2018-11-11,30.099999999999998
2018-11-12,38.5
2018-11-13,64.39999999999999
2018-11-14,58.099999999999994
2018-11-15,60.199999999999996
2018-11-16,70.0
2018-11-17,15.399999999999999
2018-11-18,26.599999999999998
2018-11-19,46.199999999999996
2018-11-20,36.4
2018-11-21,38.5
2018-11-22,7.699999999999999
2018-11-23,7.0
2018-11-24,14.7
2018-11-25,40.599999999999994
2018-11-26,26.599999999999998
2018-11-27,58.8
2018-11-28,44.8
2018-11-29,57.4
2018-11-30,37.099999999999994
2018-12-01,14.499999999999998
2018-12-02,22.04
2018-12-03,56.26
2018-12-04,43.5
2018-12-05,49.879999999999995
2018-12-06,57.419999999999995
2018-12-07,26.099999999999998
2018-12-08,37.699999999999996
2018-12-09,44.08
2018-12-10,44.08
2018-12-11,25.52
2018-12-12,32.48
2018-12-13,57.99999999999999
2018-12-14,49.879999999999995
2018-12-15,8.12
2018-12-16,15.659999999999998
2018-12-17,35.96
2018-12-18,37.12
2018-12-19,26.68
2018-12-20,20.299999999999997
2018-12-21,27.839999999999996
2018-12-22,8.12
2018-12-23,0.0
2018-12-24,0.0
2018-12-25,0.0
2018-12-26,0.0
2018-12-27,0.0
2018-12-28,20.88
2018-12-29,0.0
2018-12-30,7.539999999999999
2018-12-31,0.0
2019-01-01,18.62
2019-01-02,28.419999999999998
2019-01-03,19.6
2019-01-04,27.93
2019-01-05,18.13
2019-01-06,17.64
2019-01-07,19.11
2019-01-08,41.65
2019-01-09,30.38
2019-01-10,49.0
2019-01-11,46.55
2019-01-12,0.0
2019-01-13,17.64
2019-01-14,29.89
2019-01-15,45.08
2019-01-16,29.89
2019-01-17,29.4
2019-01-18,11.27
2019-01-19,44.1
2019-01-20,28.91
2019-01-21,19.11
2019-01-22,14.7
2019-01-23,41.16
2019-01-24,40.67
2019-01-25,30.87
2019-01-26,18.13
2019-01-27,22.05
2019-01-28,37.24
2019-01-29,29.4
2019-01-30,22.05
2019-01-31,44.589999999999996
2019-02-01,26.520000000000003
2019-02-02,31.28
2019-02-03,26.520000000000003
2019-02-04,32.64
2019-02-05,18.360000000000003
2019-02-06,55.760000000000005
2019-02-07,44.2
2019-02-08,34.0
2019-02-09,13.600000000000001
2019-02-10,25.840000000000003
2019-02-11,43.52
2019-02-12,48.28
2019-02-13,44.88
2019-02-14,34.0
2019-02-15,35.36
2019-02-16,40.800000000000004
2019-02-17,22.44
2019-02-18,23.8
2019-02-19,48.96
2019-02-20,41.480000000000004
2019-02-21,63.92
2019-02-22,38.080000000000005
2019-02-23,8.84
2019-02-24,31.28
2019-02-25,54.400000000000006
2019-02-26,55.760000000000005
2019-02-27,43.52
2019-02-28,68.0
2019-03-01,38.76
2019-03-02,28.88
2019-03-03,24.32
2019-03-04,34.2
2019-03-05,47.88
2019-03-06,57.0
2019-03-07,48.64
2019-03-08,47.12
2019-03-09,21.28
2019-03-10,25.080000000000002
2019-03-11,42.56
2019-03-12,31.16
2019-03-13,31.92
2019-03-14,45.6
2019-03-15,39.52
2019-03-16,21.28
2019-03-17,17.48
2019-03-18,25.84
2019-03-19,48.64
2019-03-20,43.32
2019-03-21,43.32
2019-03-22,44.08
2019-03-23,12.16
2019-03-24,28.12
2019-03-25,35.72
2019-03-26,76.0
2019-03-27,47.88
2019-03-28,35.72
2019-03-29,50.92
2019-03-30,21.28
2019-03-31,12.92
2019-04-01,56.7
2019-04-02,68.4
2019-04-03,54.0
2019-04-04,81.9
2019-04-05,71.10000000000001
2019-04-06,18.0
2019-04-07,26.1
2019-04-08,50.4
2019-04-09,54.0
2019-04-10,25.2
2019-04-11,36.0
2019-04-12,70.2
2019-04-13,22.5
2019-04-14,12.6
2019-04-15,90.0
2019-04-16,58.5
2019-04-17,89.10000000000001
2019-04-18,67.5
2019-04-19,31.5
2019-04-20,9.0
2019-04-21,14.4
2019-04-22,80.10000000000001
2019-04-23,52.2
2019-04-24,58.5
2019-04-25,68.4
2019-04-26,28.8
2019-04-27,13.5
2019-04-28,26.1
2019-04-29,54.0
2019-04-30,73.8
2019-05-01,49.28
2019-05-02,64.0
2019-05-03,37.76
2019-05-04,24.96
2019-05-05,16.0
2019-05-06,39.04
2019-05-07,46.72
2019-05-08,26.240000000000002
2019-05-09,30.72
2019-05-10,21.76
2019-05-11,23.04
2019-05-12,16.0
2019-05-13,35.2
2019-05-14,42.24
2019-05-15,34.56
2019-05-16,32.0
2019-05-17,27.52
2019-05-18,16.64
2019-05-19,6.4
2019-05-20,37.12
2019-05-21,32.0
2019-05-22,34.56
2019-05-23,26.88
2019-05-24,22.400000000000002
2019-05-25,10.24
2019-05-26,20.48
2019-05-27,9.6
2019-05-28,34.56
2019-05-29,28.8
2019-05-30,18.56
2019-05-31,21.76
2019-06-01,21.200000000000003
2019-06-02,35.6
2019-06-03,34.800000000000004
2019-06-04,35.2
2019-06-05,35.2
2019-06-06,30.8
2019-06-07,31.6
2019-06-08,10.4
2019-06-09,31.6
2019-06-10,22.0
2019-06-11,40.0
2019-06-12,31.6
2019-06-13,22.400000000000002
2019-06-14,18.0
2019-06-15,26.0
2019-06-16,16.0
2019-06-17,13.600000000000001
2019-06-18,40.0
2019-06-19,35.2
2019-06-20,22.400000000000002
2019-06-21,18.400000000000002
2019-06-22,10.8
2019-06-23,21.6
2019-06-24,18.0
2019-06-25,22.8
2019-06-26,27.200000000000003
2019-06-27,8.8
2019-06-28,19.200000000000003
2019-06-29,10.8
2019-06-30,10.8
2019-07-01,4.68
2019-07-02,4.32
2019-07-03,4.32
2019-07-04,15.479999999999999
2019-07-05,5.04
2019-07-06,0.0
2019-07-07,19.8
2019-07-08,12.959999999999999
2019-07-09,0.0
2019-07-10,36.0
2019-07-11,21.96
2019-07-12,4.68
2019-07-13,0.0
2019-07-14,5.3999999999999995
2019-07-15,0.0
2019-07-16,8.64
2019-07-17,9.0
2019-07-18,9.0
2019-07-19,9.36
2019-07-20,0.0
2019-07-21,10.44
2019-07-22,9.0
2019-07-23,9.0
2019-07-24,4.68
2019-07-25,9.36
2019-07-26,9.719999999999999
2019-07-27,0.0
2019-07-28,5.3999999999999995
2019-07-29,9.36
2019-07-30,18.0
2019-07-31,13.68
2019-08-01,34.56
2019-08-02,6.4799999999999995
2019-08-03,29.16
2019-08-04,14.76
2019-08-05,28.799999999999997
2019-08-06,18.72
2019-08-07,28.799999999999997
2019-08-08,28.799999999999997
2019-08-09,22.32
2019-08-10,14.399999999999999
2019-08-11,29.16
2019-08-12,18.72
2019-08-13,30.959999999999997
2019-08-14,30.24
2019-08-15,24.84
2019-08-16,12.6
2019-08-17,10.799999999999999
2019-08-18,10.799999999999999
2019-08-19,24.119999999999997
2019-08-20,21.24
2019-08-21,27.72
2019-08-22,12.24
2019-08-23,15.12
2019-08-24,21.24
2019-08-25,14.04
2019-08-26,11.879999999999999
2019-08-27,11.879999999999999
2019-08-28,9.0
2019-08-29,36.0
2019-08-30,5.76
2019-08-31,10.08
2019-09-01,7.700000000000001
2019-09-02,14.3
2019-09-03,35.75
2019-09-04,35.75
2019-09-05,22.55
2019-09-06,55.00000000000001
2019-09-07,19.25
2019-09-08,18.700000000000003
2019-09-09,42.35
2019-09-10,48.95
2019-09-11,45.650000000000006
2019-09-12,32.45
2019-09-13,13.200000000000001
2019-09-14,19.8
2019-09-15,18.700000000000003
2019-09-16,31.900000000000002
2019-09-17,41.25
2019-09-18,39.050000000000004
2019-09-19,46.2
2019-09-20,23.1
2019-09-21,11.55
2019-09-22,19.25
2019-09-23,44.550000000000004
2019-09-24,32.45
2019-09-25,35.75
2019-09-26,40.150000000000006
2019-09-27,17.05
2019-09-28,28.05
2019-09-29,19.8
2019-09-30,46.2
2019-10-01,50.25
2019-10-02,53.6
2019-10-03,53.6
2019-10-04,56.28
2019-10-05,20.1
2019-10-06,29.48
2019-10-07,67.0
2019-10-08,62.980000000000004
2019-10-09,55.61000000000001
2019-10-10,33.5
2019-10-11,16.75
2019-10-12,35.510000000000005
2019-10-13,44.89
2019-10-14,42.88
2019-10-15,67.0
2019-10-16,67.0
2019-10-17,58.96
2019-10-18,64.32000000000001
2019-10-19,29.48
2019-10-20,19.43
2019-10-21,64.32000000000001
2019-10-22,43.550000000000004
2019-10-23,57.620000000000005
2019-10-24,41.54
2019-10-25,34.17
2019-10-26,31.490000000000002
2019-10-27,34.17
2019-10-28,52.260000000000005
2019-10-29,58.290000000000006
2019-10-30,61.64
2019-10-31,54.940000000000005
2019-11-01,32.12
2019-11-02,28.47
2019-11-03,16.06
2019-11-04,53.29
2019-11-05,56.94
2019-11-06,48.91
2019-11-07,36.5
2019-11-08,56.21
2019-11-09,23.36
2019-11-10,27.009999999999998
2019-11-11,40.15
2019-11-12,51.83
2019-11-13,42.339999999999996
2019-11-14,56.21
2019-11-15,49.64
2019-11-16,27.009999999999998
2019-11-17,22.63
2019-11-18,42.339999999999996
2019-11-19,73.0
2019-11-20,46.72
2019-11-21,70.08
2019-11-22,43.8
2019-11-23,22.63
2019-11-24,23.36
2019-11-25,40.879999999999995
2019-11-26,37.96
2019-11-27,32.12
2019-11-28,18.98
2019-11-29,14.6
2019-11-30,15.33
2019-12-01,29.680000000000003
2019-12-02,25.200000000000003
2019-12-03,56.00000000000001
2019-12-04,30.800000000000004
2019-12-05,48.720000000000006
2019-12-06,33.6
2019-12-07,23.520000000000003
2019-12-08,5.040000000000001
2019-12-09,40.32000000000001
2019-12-10,34.160000000000004
2019-12-11,35.84
2019-12-12,33.6
2019-12-13,22.400000000000002
2019-12-14,10.64
2019-12-15,10.64
2019-12-16,26.880000000000003
2019-12-17,38.080000000000005
2019-12-18,27.44
2019-12-19,18.48
2019-12-20,19.040000000000003
2019-12-21,10.64
2019-12-22,11.200000000000001
2019-12-23,12.32
2019-12-24,10.64
2019-12-25,0.0
2019-12-26,15.680000000000001
2019-12-27,14.560000000000002
2019-12-28,0.0
2019-12-29,0.0
2019-12-30,9.520000000000001
2019-12-31,10.080000000000002
2020-01-01,7.5
2020-01-02,16.0
2020-01-03,12.5
2020-01-04,7.0
2020-01-05,10.0
2020-01-06,30.5
2020-01-07,42.5
2020-01-08,24.0
2020-01-09,30.5
2020-01-10,30.0
2020-01-11,7.0
2020-01-12,13.5
2020-01-13,33.0
2020-01-14,34.0
2020-01-15,20.0
2020-01-16,29.0
2020-01-17,18.0
2020-01-18,10.5
2020-01-19,6.5
2020-01-20,22.0
2020-01-21,33.0
2020-01-22,26.5
2020-01-23,24.0
2020-01-24,29.5
2020-01-25,14.0
2020-01-26,6.5
2020-01-27,39.5
2020-01-28,50.0
2020-01-29,26.5
2020-01-30,18.0
2020-01-31,30.0
2020-02-01,28.29
2020-02-02,10.35
2020-02-03,16.56
2020-02-04,44.16
2020-02-05,29.669999999999998
2020-02-06,38.64
2020-02-07,36.57
2020-02-08,17.25
2020-02-09,20.7
2020-02-10,34.5
2020-02-11,37.26
2020-02-12,35.19
2020-02-13,44.849999999999994
2020-02-14,46.23
2020-02-15,27.599999999999998
2020-02-16,27.599999999999998
2020-02-17,43.47
2020-02-18,42.779999999999994
2020-02-19,43.47
2020-02-20,42.779999999999994
2020-02-21,55.199999999999996
2020-02-22,13.799999999999999
2020-02-23,27.599999999999998
2020-02-24,69.0
2020-02-25,48.3
2020-02-26,53.129999999999995
2020-02-27,28.29
2020-02-28,23.459999999999997
2020-02-29,30.36
2020-03-01,22.2
2020-03-02,49.58
2020-03-03,74.0
2020-03-04,74.0
2020-03-05,43.66
2020-03-06,57.72
2020-03-07,41.44
2020-03-08,44.4
2020-03-09,53.28
2020-03-10,52.54
2020-03-11,52.54
2020-03-12,51.06
2020-03-13,43.66
2020-03-14,14.8
2020-03-15,22.2
2020-03-16,34.04
2020-03-17,31.08
2020-03-18,31.08
2020-03-19,56.24
2020-03-20,42.18
2020-03-21,20.72
2020-03-22,20.72
2020-03-23,22.94
2020-03-24,58.46
2020-03-25,45.88
2020-03-26,53.28
2020-03-27,50.32
2020-03-28,24.419999999999998
2020-03-29,20.72
2020-03-30,44.4
2020-03-31,38.48
2020-04-01,73.72
2020-04-02,66.12
2020-04-03,51.68
2020-04-04,33.44
2020-04-05,54.72
2020-04-06,76.0
2020-04-07,55.480000000000004
2020-04-08,63.08
2020-04-09,55.480000000000004
