Date,Economic Bubble
2013-04-01,26.909999999999997
2013-04-02,26.909999999999997
2013-04-03,53.81999999999999
2013-04-04,0.0
2013-04-05,0.0
2013-04-06,33.809999999999995
2013-04-07,0.0
2013-04-08,26.909999999999997
2013-04-09,53.129999999999995
2013-04-10,26.909999999999997
2013-04-11,26.909999999999997
2013-04-12,27.599999999999998
2013-04-13,0.0
2013-04-14,66.92999999999999
2013-04-15,0.0
2013-04-16,0.0
2013-04-17,0.0
2013-04-18,26.22
2013-04-19,55.199999999999996
2013-04-20,0.0
2013-04-21,0.0
2013-04-22,0.0
2013-04-23,26.909999999999997
2013-04-24,40.019999999999996
2013-04-25,0.0
2013-04-26,0.0
2013-04-27,69.0
2013-04-28,33.809999999999995
2013-04-29,26.22
2013-04-30,0.0
2013-05-01,34.3
2013-05-02,0.0
2013-05-03,0.0
2013-05-04,0.0
2013-05-05,0.0
2013-05-06,34.3
2013-05-07,33.599999999999994
2013-05-08,33.599999999999994
2013-05-09,67.89999999999999
2013-05-10,36.4
2013-05-11,0.0
2013-05-12,44.8
2013-05-13,34.3
2013-05-14,0.0
2013-05-15,0.0
2013-05-16,0.0
2013-05-17,0.0
2013-05-18,0.0
2013-05-19,0.0
2013-05-20,0.0
2013-05-21,0.0
2013-05-22,0.0
2013-05-23,70.0
2013-05-24,0.0
2013-05-25,45.5
2013-05-26,0.0
2013-05-27,0.0
2013-05-28,0.0
2013-05-29,34.3
2013-05-30,0.0
2013-05-31,36.4
2013-06-01,0.0
2013-06-02,0.0
2013-06-03,23.56
2013-06-04,23.25
2013-06-05,0.0
2013-06-06,0.0
2013-06-07,0.0
2013-06-08,0.0
2013-06-09,0.0
2013-06-10,0.0
2013-06-11,0.0
2013-06-12,0.0
2013-06-13,0.0
2013-06-14,0.0
2013-06-15,31.0
2013-06-16,0.0
2013-06-17,0.0
2013-06-18,0.0
2013-06-19,0.0
2013-06-20,0.0
2013-06-21,0.0
2013-06-22,0.0
2013-06-23,0.0
2013-06-24,0.0
2013-06-25,23.56
2013-06-26,0.0
2013-06-27,0.0
2013-06-28,0.0
2013-06-29,0.0
2013-06-30,30.38
2013-07-01,0.0
2013-07-02,0.0
2013-07-03,0.0
2013-07-04,0.0
2013-07-05,0.0
2013-07-06,0.0
2013-07-07,0.0
2013-07-08,0.0
2013-07-09,21.78
2013-07-10,0.0
2013-07-11,11.44
2013-07-12,0.0
2013-07-13,0.0
2013-07-14,0.0
2013-07-15,0.0
2013-07-16,0.0
2013-07-17,0.0
2013-07-18,0.0
2013-07-19,11.44
2013-07-20,0.0
2013-07-21,0.0
2013-07-22,0.0
2013-07-23,0.0
2013-07-24,22.0
2013-07-25,0.0
2013-07-26,0.0
2013-07-27,0.0
2013-07-28,0.0
2013-07-29,0.0
2013-07-30,0.0
2013-07-31,0.0
2013-08-01,11.22
2013-08-02,0.0
2013-08-03,0.0
2013-08-04,0.0
2013-08-05,0.0
2013-08-06,0.0
2013-08-07,0.0
2013-08-08,0.0
2013-08-09,0.0
2013-08-10,0.0
2013-08-11,13.86
2013-08-12,0.0
2013-08-13,0.0
2013-08-14,0.0
2013-08-15,0.0
2013-08-16,0.0
2013-08-17,0.0
2013-08-18,0.0
2013-08-19,0.0
2013-08-20,11.0
2013-08-21,22.0
2013-08-22,0.0
2013-08-23,0.0
2013-08-24,0.0
2013-08-25,0.0
2013-08-26,0.0
2013-08-27,0.0
2013-08-28,0.0
2013-08-29,11.0
2013-08-30,0.0
2013-08-31,0.0
2013-09-01,32.24
2013-09-02,0.0
2013-09-03,25.419999999999998
2013-09-04,24.8
2013-09-05,0.0
2013-09-06,0.0
2013-09-07,62.0
2013-09-08,30.38
2013-09-09,24.8
2013-09-10,24.18
2013-09-11,24.8
2013-09-12,0.0
2013-09-13,25.419999999999998
2013-09-14,0.0
2013-09-15,0.0
2013-09-16,0.0
2013-09-17,0.0
2013-09-18,0.0
2013-09-19,24.8
2013-09-20,0.0
2013-09-21,31.62
2013-09-22,0.0
2013-09-23,25.419999999999998
2013-09-24,25.419999999999998
2013-09-25,25.419999999999998
2013-09-26,0.0
2013-09-27,0.0
2013-09-28,0.0
2013-09-29,0.0
2013-09-30,0.0
2013-10-01,0.0
2013-10-02,0.0
2013-10-03,0.0
2013-10-04,0.0
2013-10-05,17.82
2013-10-06,0.0
2013-10-07,14.04
2013-10-08,14.04
2013-10-09,14.219999999999999
2013-10-10,0.0
2013-10-11,0.0
2013-10-12,0.0
2013-10-13,0.0
2013-10-14,0.0
2013-10-15,14.04
2013-10-16,0.0
2013-10-17,0.0
2013-10-18,0.0
2013-10-19,0.0
2013-10-20,17.46
2013-10-21,13.86
2013-10-22,13.86
2013-10-23,14.04
2013-10-24,14.04
2013-10-25,14.58
2013-10-26,18.0
2013-10-27,17.46
2013-10-28,0.0
2013-10-29,13.68
2013-10-30,0.0
2013-10-31,0.0
2013-11-01,0.0
2013-11-02,39.65
2013-11-03,0.0
2013-11-04,31.200000000000003
2013-11-05,0.0
2013-11-06,0.0
2013-11-07,0.0
2013-11-08,33.15
2013-11-09,0.0
2013-11-10,0.0
2013-11-11,0.0
2013-11-12,30.55
2013-11-13,0.0
2013-11-14,31.85
2013-11-15,0.0
2013-11-16,0.0
2013-11-17,38.35
2013-11-18,0.0
2013-11-19,61.1
2013-11-20,31.200000000000003
2013-11-21,0.0
2013-11-22,65.0
2013-11-23,0.0
2013-11-24,38.35
2013-11-25,31.85
2013-11-26,63.7
2013-11-27,0.0
2013-11-28,40.95
2013-11-29,0.0
2013-11-30,0.0
2013-12-01,0.0
2013-12-02,45.599999999999994
2013-12-03,0.0
2013-12-04,47.5
2013-12-05,95.0
2013-12-06,0.0
2013-12-07,58.9
2013-12-08,57.949999999999996
2013-12-09,0.0
2013-12-10,46.55
2013-12-11,48.449999999999996
2013-12-12,49.4
2013-12-13,51.3
2013-12-14,59.849999999999994
2013-12-15,0.0
2013-12-16,49.4
2013-12-17,0.0
2013-12-18,0.0
2013-12-19,51.3
2013-12-20,0.0
2013-12-21,62.699999999999996
2013-12-22,0.0
2013-12-23,0.0
2013-12-24,61.75
2013-12-25,0.0
2013-12-26,57.949999999999996
2013-12-27,0.0
2013-12-28,0.0
2013-12-29,0.0
2013-12-30,0.0
2013-12-31,81.7
2014-01-01,0.0
2014-01-02,26.23
2014-01-03,0.0
2014-01-04,0.0
2014-01-05,0.0
2014-01-06,0.0
2014-01-07,0.0
2014-01-08,0.0
2014-01-09,0.0
2014-01-10,26.23
2014-01-11,0.0
2014-01-12,30.5
2014-01-13,0.0
2014-01-14,0.0
2014-01-15,25.009999999999998
2014-01-16,25.009999999999998
2014-01-17,26.23
2014-01-18,0.0
2014-01-19,0.0
2014-01-20,0.0
2014-01-21,0.0
2014-01-22,36.6
2014-01-23,37.21
2014-01-24,25.009999999999998
2014-01-25,61.0
2014-01-26,29.89
2014-01-27,0.0
2014-01-28,0.0
2014-01-29,24.4
2014-01-30,25.009999999999998
2014-01-31,0.0
2014-02-01,0.0
2014-02-02,24.3
2014-02-03,0.0
2014-02-04,0.0
2014-02-05,0.0
2014-02-06,30.0
2014-02-07,0.0
2014-02-08,0.0
2014-02-09,24.9
2014-02-10,0.0
2014-02-11,19.8
2014-02-12,20.099999999999998
2014-02-13,20.4
2014-02-14,0.0
2014-02-15,0.0
2014-02-16,0.0
2014-02-17,21.3
2014-02-18,20.099999999999998
2014-02-19,20.4
2014-02-20,0.0
2014-02-21,20.7
2014-02-22,0.0
2014-02-23,25.5
2014-02-24,20.099999999999998
2014-02-25,0.0
2014-02-26,20.099999999999998
2014-02-27,0.0
2014-02-28,0.0
2014-03-01,0.0
2014-03-02,0.0
2014-03-03,0.0
2014-03-04,24.5
2014-03-05,25.0
2014-03-06,50.0
2014-03-07,0.0
2014-03-08,0.0
2014-03-09,0.0
2014-03-10,0.0
2014-03-11,25.5
2014-03-12,0.0
2014-03-13,0.0
2014-03-14,0.0
2014-03-15,0.0
2014-03-16,0.0
2014-03-17,24.5
2014-03-18,25.0
2014-03-19,25.0
2014-03-20,0.0
2014-03-21,0.0
2014-03-22,0.0
2014-03-23,0.0
2014-03-24,0.0
2014-03-25,0.0
2014-03-26,25.0
2014-03-27,0.0
2014-03-28,26.0
2014-03-29,0.0
2014-03-30,0.0
2014-03-31,25.0
2014-04-01,0.0
2014-04-02,0.0
2014-04-03,0.0
2014-04-04,0.0
2014-04-05,0.0
2014-04-06,73.92
2014-04-07,0.0
2014-04-08,0.0
2014-04-09,0.0
2014-04-10,0.0
2014-04-11,63.910000000000004
2014-04-12,0.0
2014-04-13,0.0
2014-04-14,59.29
2014-04-15,0.0
2014-04-16,60.06
2014-04-17,0.0
2014-04-18,0.0
2014-04-19,77.0
2014-04-20,0.0
2014-04-21,0.0
2014-04-22,0.0
2014-04-23,0.0
2014-04-24,0.0
2014-04-25,0.0
2014-04-26,0.0
2014-04-27,0.0
2014-04-28,0.0
2014-04-29,0.0
2014-04-30,0.0
2014-05-01,36.48
2014-05-02,0.0
2014-05-03,0.0
2014-05-04,0.0
2014-05-05,0.0
2014-05-06,36.96
2014-05-07,37.44
2014-05-08,37.92
2014-05-09,0.0
2014-05-10,0.0
2014-05-11,0.0
2014-05-12,0.0
2014-05-13,0.0
2014-05-14,0.0
2014-05-15,0.0
2014-05-16,0.0
2014-05-17,0.0
2014-05-18,48.0
2014-05-19,0.0
2014-05-20,0.0
2014-05-21,0.0
2014-05-22,0.0
2014-05-23,0.0
2014-05-24,0.0
2014-05-25,0.0
2014-05-26,0.0
2014-05-27,0.0
2014-05-28,0.0
2014-05-29,0.0
2014-05-30,44.16
2014-05-31,0.0
2014-06-01,62.0
2014-06-02,0.0
2014-06-03,0.0
2014-06-04,0.0
2014-06-05,0.0
2014-06-06,0.0
2014-06-07,0.0
2014-06-08,0.0
2014-06-09,0.0
2014-06-10,48.36
2014-06-11,0.0
2014-06-12,0.0
2014-06-13,0.0
2014-06-14,62.0
2014-06-15,0.0
2014-06-16,0.0
2014-06-17,0.0
2014-06-18,0.0
2014-06-19,48.36
2014-06-20,50.839999999999996
2014-06-21,0.0
2014-06-22,0.0
2014-06-23,0.0
2014-06-24,47.74
2014-06-25,0.0
2014-06-26,0.0
2014-06-27,0.0
2014-06-28,0.0
2014-06-29,0.0
2014-06-30,0.0
2014-07-01,0.0
2014-07-02,0.0
2014-07-03,0.0
2014-07-04,0.0
2014-07-05,0.0
2014-07-06,0.0
2014-07-07,0.0
2014-07-08,0.0
2014-07-09,0.0
2014-07-10,0.0
2014-07-11,0.0
2014-07-12,0.0
2014-07-13,0.0
2014-07-14,0.0
2014-07-15,0.0
2014-07-16,0.0
2014-07-17,0.0
2014-07-18,0.0
2014-07-19,0.0
2014-07-20,26.0
2014-07-21,0.0
2014-07-22,30.0
2014-07-23,0.0
2014-07-24,20.400000000000002
2014-07-25,0.0
2014-07-26,0.0
2014-07-27,0.0
2014-07-28,40.0
2014-07-29,20.0
2014-07-30,0.0
2014-07-31,0.0
2014-08-01,0.0
2014-08-02,0.0
2014-08-03,0.0
2014-08-04,0.0
2014-08-05,0.0
2014-08-06,22.680000000000003
2014-08-07,0.0
2014-08-08,24.360000000000003
2014-08-09,0.0
2014-08-10,0.0
2014-08-11,0.0
2014-08-12,0.0
2014-08-13,0.0
2014-08-14,0.0
2014-08-15,0.0
2014-08-16,0.0
2014-08-17,0.0
2014-08-18,0.0
2014-08-19,22.680000000000003
2014-08-20,22.680000000000003
2014-08-21,0.0
2014-08-22,0.0
2014-08-23,0.0
2014-08-24,28.000000000000004
2014-08-25,0.0
2014-08-26,0.0
2014-08-27,0.0
2014-08-28,0.0
2014-08-29,0.0
2014-08-30,0.0
2014-08-31,0.0
2014-09-01,0.0
2014-09-02,56.99999999999999
2014-09-03,0.0
2014-09-04,0.0
2014-09-05,0.0
2014-09-06,35.339999999999996
2014-09-07,0.0
2014-09-08,28.499999999999996
2014-09-09,0.0
2014-09-10,27.929999999999996
2014-09-11,0.0
2014-09-12,0.0
2014-09-13,0.0
2014-09-14,0.0
2014-09-15,0.0
2014-09-16,0.0
2014-09-17,0.0
2014-09-18,0.0
2014-09-19,0.0
2014-09-20,0.0
2014-09-21,0.0
2014-09-22,0.0
2014-09-23,27.929999999999996
2014-09-24,0.0
2014-09-25,29.069999999999997
2014-09-26,0.0
2014-09-27,0.0
2014-09-28,0.0
2014-09-29,0.0
2014-09-30,0.0
2014-10-01,24.990000000000002
2014-10-02,0.0
2014-10-03,0.0
2014-10-04,0.0
2014-10-05,32.64
2014-10-06,0.0
2014-10-07,24.990000000000002
2014-10-08,0.0
2014-10-09,0.0
2014-10-10,26.52
2014-10-11,0.0
2014-10-12,0.0
2014-10-13,25.5
2014-10-14,0.0
2014-10-15,0.0
2014-10-16,25.5
2014-10-17,0.0
2014-10-18,0.0
2014-10-19,0.0
2014-10-20,51.0
2014-10-21,0.0
2014-10-22,24.990000000000002
2014-10-23,24.990000000000002
2014-10-24,0.0
2014-10-25,33.15
2014-10-26,0.0
2014-10-27,0.0
2014-10-28,24.48
2014-10-29,24.990000000000002
2014-10-30,25.5
2014-10-31,0.0
2014-11-01,0.0
2014-11-02,62.0
2014-11-03,0.0
2014-11-04,0.0
2014-11-05,0.0
2014-11-06,24.18
2014-11-07,0.0
2014-11-08,0.0
2014-11-09,62.0
2014-11-10,24.18
2014-11-11,48.98
2014-11-12,0.0
2014-11-13,0.0
2014-11-14,24.8
2014-11-15,0.0
2014-11-16,0.0
2014-11-17,23.56
2014-11-18,0.0
2014-11-19,24.8
2014-11-20,24.18
2014-11-21,0.0
2014-11-22,0.0
2014-11-23,0.0
2014-11-24,0.0
2014-11-25,0.0
2014-11-26,0.0
2014-11-27,0.0
2014-11-28,0.0
2014-11-29,0.0
2014-11-30,29.759999999999998
2014-12-01,29.28
2014-12-02,0.0
2014-12-03,61.0
2014-12-04,0.0
2014-12-05,0.0
2014-12-06,0.0
2014-12-07,0.0
2014-12-08,61.0
2014-12-09,30.5
2014-12-10,0.0
2014-12-11,47.58
2014-12-12,0.0
2014-12-13,0.0
2014-12-14,40.87
2014-12-15,32.33
2014-12-16,0.0
2014-12-17,0.0
2014-12-18,0.0
2014-12-19,35.38
2014-12-20,42.089999999999996
2014-12-21,42.699999999999996
2014-12-22,0.0
2014-12-23,0.0
2014-12-24,0.0
2014-12-25,47.58
2014-12-26,0.0
2014-12-27,0.0
2014-12-28,0.0
2014-12-29,0.0
2014-12-30,0.0
2014-12-31,36.6
2015-01-01,0.0
2015-01-02,0.0
2015-01-03,0.0
2015-01-04,0.0
2015-01-05,16.5
2015-01-06,33.0
2015-01-07,0.0
2015-01-08,0.0
2015-01-09,16.830000000000002
2015-01-10,0.0
2015-01-11,19.8
2015-01-12,0.0
2015-01-13,0.0
2015-01-14,0.0
2015-01-15,0.0
2015-01-16,16.830000000000002
2015-01-17,0.0
2015-01-18,20.130000000000003
2015-01-19,0.0
2015-01-20,15.84
2015-01-21,0.0
2015-01-22,16.17
2015-01-23,0.0
2015-01-24,0.0
2015-01-25,0.0
2015-01-26,0.0
2015-01-27,0.0
2015-01-28,0.0
2015-01-29,0.0
2015-01-30,0.0
2015-01-31,0.0
2015-02-01,0.0
2015-02-02,34.3
2015-02-03,0.0
2015-02-04,0.0
2015-02-05,0.0
2015-02-06,0.0
2015-02-07,0.0
2015-02-08,43.4
2015-02-09,0.0
2015-02-10,34.3
2015-02-11,34.3
2015-02-12,0.0
2015-02-13,36.4
2015-02-14,0.0
2015-02-15,0.0
2015-02-16,37.099999999999994
2015-02-17,52.5
2015-02-18,70.0
2015-02-19,0.0
2015-02-20,36.4
2015-02-21,0.0
2015-02-22,0.0
2015-02-23,34.3
2015-02-24,34.3
2015-02-25,0.0
2015-02-26,0.0
2015-02-27,35.0
2015-02-28,42.699999999999996
2015-03-01,0.0
2015-03-02,0.0
2015-03-03,35.88
2015-03-04,36.4
2015-03-05,36.92
2015-03-06,38.480000000000004
2015-03-07,46.800000000000004
2015-03-08,0.0
2015-03-09,37.44
2015-03-10,36.92
2015-03-11,36.92
2015-03-12,0.0
2015-03-13,0.0
2015-03-14,0.0
2015-03-15,0.0
2015-03-16,0.0
2015-03-17,37.96
2015-03-18,0.0
2015-03-19,37.96
2015-03-20,0.0
2015-03-21,0.0
2015-03-22,0.0
2015-03-23,0.0
2015-03-24,37.44
2015-03-25,0.0
2015-03-26,45.760000000000005
2015-03-27,0.0
2015-03-28,0.0
2015-03-29,52.0
2015-03-30,0.0
2015-03-31,38.480000000000004
2015-04-01,37.73
2015-04-02,38.71
2015-04-03,0.0
2015-04-04,0.0
2015-04-05,0.0
2015-04-06,38.22
2015-04-07,36.75
2015-04-08,36.75
2015-04-09,37.24
2015-04-10,0.0
2015-04-11,49.0
2015-04-12,48.51
2015-04-13,37.24
2015-04-14,35.769999999999996
2015-04-15,36.75
2015-04-16,0.0
2015-04-17,38.71
2015-04-18,0.0
2015-04-19,0.0
2015-04-20,36.75
2015-04-21,0.0
2015-04-22,0.0
2015-04-23,37.73
2015-04-24,38.71
2015-04-25,0.0
2015-04-26,48.51
2015-04-27,36.75
2015-04-28,36.75
2015-04-29,0.0
2015-04-30,37.24
2015-05-01,16.45
2015-05-02,0.0
2015-05-03,21.0
2015-05-04,16.099999999999998
2015-05-05,0.0
2015-05-06,0.0
2015-05-07,0.0
2015-05-08,17.15
2015-05-09,0.0
2015-05-10,0.0
2015-05-11,0.0
2015-05-12,16.099999999999998
2015-05-13,0.0
2015-05-14,16.799999999999997
2015-05-15,17.15
2015-05-16,0.0
2015-05-17,0.0
2015-05-18,0.0
2015-05-19,0.0
2015-05-20,0.0
2015-05-21,0.0
2015-05-22,0.0
2015-05-23,0.0
2015-05-24,0.0
2015-05-25,21.349999999999998
2015-05-26,0.0
2015-05-27,0.0
2015-05-28,16.799999999999997
2015-05-29,35.0
2015-05-30,0.0
2015-05-31,0.0
2015-06-01,0.0
2015-06-02,0.0
2015-06-03,34.2
2015-06-04,34.65
2015-06-05,0.0
2015-06-06,0.0
2015-06-07,0.0
2015-06-08,34.2
2015-06-09,34.2
2015-06-10,0.0
2015-06-11,0.0
2015-06-12,0.0
2015-06-13,0.0
2015-06-14,45.0
2015-06-15,34.65
2015-06-16,0.0
2015-06-17,0.0
2015-06-18,0.0
2015-06-19,0.0
2015-06-20,0.0
2015-06-21,0.0
2015-06-22,0.0
2015-06-23,0.0
2015-06-24,0.0
2015-06-25,0.0
2015-06-26,36.45
2015-06-27,0.0
2015-06-28,45.0
2015-06-29,0.0
2015-06-30,0.0
2015-07-01,16.32
2015-07-02,0.0
2015-07-03,0.0
2015-07-04,22.400000000000002
2015-07-05,0.0
2015-07-06,0.0
2015-07-07,16.0
2015-07-08,16.0
2015-07-09,0.0
2015-07-10,0.0
2015-07-11,0.0
2015-07-12,0.0
2015-07-13,0.0
2015-07-14,15.68
2015-07-15,0.0
2015-07-16,0.0
2015-07-17,0.0
2015-07-18,0.0
2015-07-19,0.0
2015-07-20,16.96
2015-07-21,16.0
2015-07-22,0.0
2015-07-23,16.32
2015-07-24,0.0
2015-07-25,0.0
2015-07-26,0.0
2015-07-27,0.0
2015-07-28,32.0
2015-07-29,0.0
2015-07-30,0.0
2015-07-31,0.0
2015-08-01,0.0
2015-08-02,0.0
2015-08-03,0.0
2015-08-04,0.0
2015-08-05,0.0
2015-08-06,0.0
2015-08-07,17.39
2015-08-08,0.0
2015-08-09,0.0
2015-08-10,0.0
2015-08-11,0.0
2015-08-12,0.0
2015-08-13,16.45
2015-08-14,0.0
2015-08-15,0.0
2015-08-16,0.0
2015-08-17,0.0
2015-08-18,0.0
2015-08-19,0.0
2015-08-20,0.0
2015-08-21,0.0
2015-08-22,0.0
2015-08-23,0.0
2015-08-24,0.0
2015-08-25,0.0
2015-08-26,47.0
2015-08-27,0.0
2015-08-28,0.0
2015-08-29,0.0
2015-08-30,0.0
2015-08-31,0.0
2015-09-01,33.92
2015-09-02,0.0
2015-09-03,0.0
2015-09-04,0.0
2015-09-05,44.160000000000004
2015-09-06,0.0
2015-09-07,0.0
2015-09-08,0.0
2015-09-09,0.0
2015-09-10,0.0
2015-09-11,0.0
2015-09-12,0.0
2015-09-13,0.0
2015-09-14,33.28
2015-09-15,0.0
2015-09-16,0.0
2015-09-17,33.28
2015-09-18,34.56
2015-09-19,44.160000000000004
2015-09-20,0.0
2015-09-21,0.0
2015-09-22,0.0
2015-09-23,32.64
2015-09-24,33.28
2015-09-25,0.0
2015-09-26,44.160000000000004
2015-09-27,42.24
2015-09-28,64.0
2015-09-29,64.0
2015-09-30,0.0
2015-10-01,0.0
2015-10-02,0.0
2015-10-03,0.0
2015-10-04,0.0
2015-10-05,25.0
2015-10-06,50.0
2015-10-07,0.0
2015-10-08,0.0
2015-10-09,0.0
2015-10-10,33.0
2015-10-11,0.0
2015-10-12,26.0
2015-10-13,0.0
2015-10-14,24.5
2015-10-15,24.5
2015-10-16,0.0
2015-10-17,0.0
2015-10-18,0.0
2015-10-19,0.0
2015-10-20,24.0
2015-10-21,0.0
2015-10-22,24.5
2015-10-23,0.0
2015-10-24,0.0
2015-10-25,0.0
2015-10-26,48.5
2015-10-27,24.0
2015-10-28,23.5
2015-10-29,0.0
2015-10-30,0.0
2015-10-31,0.0
2015-11-01,48.0
2015-11-02,0.0
2015-11-03,34.56
2015-11-04,35.04
2015-11-05,0.0
2015-11-06,36.0
2015-11-07,0.0
2015-11-08,0.0
2015-11-09,35.519999999999996
2015-11-10,0.0
2015-11-11,0.0
2015-11-12,36.48
2015-11-13,0.0
2015-11-14,0.0
2015-11-15,0.0
2015-11-16,0.0
2015-11-17,35.04
2015-11-18,0.0
2015-11-19,35.519999999999996
2015-11-20,0.0
2015-11-21,0.0
2015-11-22,45.6
2015-11-23,36.0
2015-11-24,0.0
2015-11-25,0.0
2015-11-26,0.0
2015-11-27,0.0
2015-11-28,0.0
2015-11-29,0.0
2015-11-30,0.0
2015-12-01,0.0
2015-12-02,0.0
2015-12-03,25.5
2015-12-04,26.52
2015-12-05,0.0
2015-12-06,33.15
2015-12-07,51.0
2015-12-08,0.0
2015-12-09,0.0
2015-12-10,0.0
2015-12-11,26.52
2015-12-12,33.660000000000004
2015-12-13,0.0
2015-12-14,0.0
2015-12-15,0.0
2015-12-16,0.0
2015-12-17,0.0
2015-12-18,29.07
2015-12-19,0.0
2015-12-20,0.0
2015-12-21,0.0
2015-12-22,29.07
2015-12-23,0.0
2015-12-24,0.0
2015-12-25,0.0
2015-12-26,0.0
2015-12-27,0.0
2015-12-28,29.07
2015-12-29,29.07
2015-12-30,0.0
2015-12-31,0.0
2016-01-01,0.0
2016-01-02,46.61
2016-01-03,0.0
2016-01-04,0.0
2016-01-05,0.0
2016-01-06,39.53
2016-01-07,38.94
2016-01-08,0.0
2016-01-09,0.0
2016-01-10,0.0
2016-01-11,37.76
2016-01-12,0.0
2016-01-13,0.0
2016-01-14,37.169999999999995
2016-01-15,0.0
2016-01-16,0.0
2016-01-17,0.0
2016-01-18,40.71
2016-01-19,0.0
2016-01-20,38.94
2016-01-21,0.0
2016-01-22,59.0
2016-01-23,0.0
2016-01-24,0.0
2016-01-25,0.0
2016-01-26,38.35
2016-01-27,38.35
2016-01-28,0.0
2016-01-29,0.0
2016-01-30,0.0
2016-01-31,46.019999999999996
2016-02-01,21.5
2016-02-02,21.5
2016-02-03,0.0
2016-02-04,0.0
2016-02-05,21.93
2016-02-06,0.0
2016-02-07,0.0
2016-02-08,21.07
2016-02-09,43.0
2016-02-10,21.5
2016-02-11,0.0
2016-02-12,22.79
2016-02-13,0.0
2016-02-14,25.37
2016-02-15,0.0
2016-02-16,0.0
2016-02-17,0.0
2016-02-18,0.0
2016-02-19,0.0
2016-02-20,0.0
2016-02-21,25.8
2016-02-22,21.07
2016-02-23,0.0
2016-02-24,21.07
2016-02-25,0.0
2016-02-26,0.0
2016-02-27,0.0
2016-02-28,25.8
2016-02-29,20.64
2016-03-01,72.0
2016-03-02,0.0
2016-03-03,48.239999999999995
2016-03-04,0.0
2016-03-05,57.599999999999994
2016-03-06,0.0
2016-03-07,0.0
2016-03-08,36.72
2016-03-09,24.48
2016-03-10,24.48
2016-03-11,0.0
2016-03-12,0.0
2016-03-13,29.52
2016-03-14,36.72
2016-03-15,24.48
2016-03-16,24.48
2016-03-17,0.0
2016-03-18,25.919999999999998
2016-03-19,0.0
2016-03-20,29.52
2016-03-21,0.0
2016-03-22,25.2
2016-03-23,25.2
2016-03-24,38.16
2016-03-25,0.0
2016-03-26,0.0
2016-03-27,0.0
2016-03-28,0.0
2016-03-29,0.0
2016-03-30,0.0
2016-03-31,0.0
2016-04-01,0.0
2016-04-02,0.0
2016-04-03,0.0
2016-04-04,21.78
2016-04-05,0.0
2016-04-06,21.78
2016-04-07,0.0
2016-04-08,0.0
2016-04-09,0.0
2016-04-10,0.0
2016-04-11,21.78
2016-04-12,0.0
2016-04-13,22.44
2016-04-14,0.0
2016-04-15,0.0
2016-04-16,27.720000000000002
2016-04-17,27.720000000000002
2016-04-18,0.0
2016-04-19,33.0
2016-04-20,66.0
2016-04-21,21.78
2016-04-22,44.88
2016-04-23,0.0
2016-04-24,27.060000000000002
2016-04-25,21.78
2016-04-26,0.0
2016-04-27,43.56
2016-04-28,21.78
2016-04-29,0.0
2016-04-30,0.0
2016-05-01,0.0
2016-05-02,0.0
2016-05-03,27.200000000000003
2016-05-04,27.200000000000003
2016-05-05,55.080000000000005
2016-05-06,29.240000000000002
2016-05-07,68.0
2016-05-08,34.68
2016-05-09,27.880000000000003
2016-05-10,27.200000000000003
2016-05-11,27.880000000000003
2016-05-12,0.0
2016-05-13,29.240000000000002
2016-05-14,0.0
2016-05-15,0.0
2016-05-16,0.0
2016-05-17,27.880000000000003
2016-05-18,0.0
2016-05-19,0.0
2016-05-20,0.0
2016-05-21,34.0
2016-05-22,34.68
2016-05-23,55.760000000000005
2016-05-24,0.0
2016-05-25,28.560000000000002
2016-05-26,0.0
2016-05-27,0.0
2016-05-28,0.0
2016-05-29,0.0
2016-05-30,66.64
2016-05-31,0.0
2016-06-01,15.19
2016-06-02,0.0
2016-06-03,0.0
2016-06-04,0.0
2016-06-05,0.0
2016-06-06,0.0
2016-06-07,0.0
2016-06-08,15.19
2016-06-09,0.0
2016-06-10,16.43
2016-06-11,18.29
2016-06-12,0.0
2016-06-13,0.0
2016-06-14,0.0
2016-06-15,15.5
2016-06-16,31.0
2016-06-17,0.0
2016-06-18,0.0
2016-06-19,0.0
2016-06-20,15.5
2016-06-21,0.0
2016-06-22,0.0
2016-06-23,0.0
2016-06-24,16.12
2016-06-25,0.0
2016-06-26,18.91
2016-06-27,15.5
2016-06-28,0.0
2016-06-29,0.0
2016-06-30,16.12
2016-07-01,0.0
2016-07-02,0.0
2016-07-03,20.65
2016-07-04,0.0
2016-07-05,35.0
2016-07-06,0.0
2016-07-07,0.0
2016-07-08,17.15
2016-07-09,19.599999999999998
2016-07-10,0.0
2016-07-11,17.15
2016-07-12,17.15
2016-07-13,17.5
2016-07-14,16.45
2016-07-15,0.0
2016-07-16,19.95
2016-07-17,0.0
2016-07-18,0.0
2016-07-19,16.799999999999997
2016-07-20,17.15
2016-07-21,0.0
2016-07-22,26.25
2016-07-23,19.599999999999998
2016-07-24,0.0
2016-07-25,0.0
2016-07-26,0.0
2016-07-27,0.0
2016-07-28,0.0
2016-07-29,0.0
2016-07-30,0.0
2016-07-31,0.0
2016-08-01,0.0
2016-08-02,24.48
2016-08-03,0.0
2016-08-04,0.0
2016-08-05,26.4
2016-08-06,30.24
2016-08-07,0.0
2016-08-08,0.0
2016-08-09,24.96
2016-08-10,0.0
2016-08-11,39.839999999999996
2016-08-12,26.4
2016-08-13,29.759999999999998
2016-08-14,30.24
2016-08-15,0.0
2016-08-16,0.0
2016-08-17,0.0
2016-08-18,26.4
2016-08-19,0.0
2016-08-20,46.559999999999995
2016-08-21,0.0
2016-08-22,25.919999999999998
2016-08-23,25.919999999999998
2016-08-24,0.0
2016-08-25,0.0
2016-08-26,0.0
2016-08-27,0.0
2016-08-28,28.32
2016-08-29,48.0
2016-08-30,24.0
2016-08-31,0.0
2016-09-01,60.0
2016-09-02,0.0
2016-09-03,0.0
2016-09-04,0.0
2016-09-05,0.0
2016-09-06,38.4
2016-09-07,0.0
2016-09-08,0.0
2016-09-09,0.0
2016-09-10,0.0
2016-09-11,44.4
2016-09-12,0.0
2016-09-13,0.0
2016-09-14,38.4
2016-09-15,0.0
2016-09-16,0.0
2016-09-17,45.6
2016-09-18,0.0
2016-09-19,0.0
2016-09-20,0.0
2016-09-21,38.4
2016-09-22,0.0
2016-09-23,40.199999999999996
2016-09-24,47.4
2016-09-25,0.0
2016-09-26,37.8
2016-09-27,0.0
2016-09-28,0.0
2016-09-29,38.4
2016-09-30,40.199999999999996
2016-10-01,67.64
2016-10-02,0.0
2016-10-03,37.24
2016-10-04,37.24
2016-10-05,37.24
2016-10-06,0.0
2016-10-07,0.0
2016-10-08,44.84
2016-10-09,0.0
2016-10-10,0.0
2016-10-11,0.0
2016-10-12,56.24
2016-10-13,38.0
2016-10-14,0.0
2016-10-15,46.36
2016-10-16,44.84
2016-10-17,75.24
2016-10-18,0.0
2016-10-19,76.0
2016-10-20,37.24
2016-10-21,38.76
2016-10-22,46.36
2016-10-23,0.0
2016-10-24,55.480000000000004
2016-10-25,73.72
2016-10-26,37.24
2016-10-27,0.0
2016-10-28,0.0
2016-10-29,0.0
2016-10-30,0.0
2016-10-31,37.24
2016-11-01,0.0
2016-11-02,20.74
2016-11-03,20.13
2016-11-04,21.349999999999998
2016-11-05,25.62
2016-11-06,0.0
2016-11-07,20.13
2016-11-08,0.0
2016-11-09,32.94
2016-11-10,20.74
2016-11-11,21.349999999999998
2016-11-12,0.0
2016-11-13,24.4
2016-11-14,61.0
2016-11-15,0.0
2016-11-16,0.0
2016-11-17,41.48
2016-11-18,21.349999999999998
2016-11-19,0.0
2016-11-20,0.0
2016-11-21,0.0
2016-11-22,0.0
2016-11-23,0.0
2016-11-24,0.0
2016-11-25,0.0
2016-11-26,23.18
2016-11-27,0.0
2016-11-28,56.12
2016-11-29,0.0
2016-11-30,19.52
2016-12-01,24.4
2016-12-02,25.009999999999998
2016-12-03,0.0
2016-12-04,0.0
2016-12-05,22.57
2016-12-06,23.18
2016-12-07,0.0
2016-12-08,24.4
2016-12-09,0.0
2016-12-10,60.39
2016-12-11,28.669999999999998
2016-12-12,0.0
2016-12-13,0.0
2016-12-14,61.0
2016-12-15,25.009999999999998
2016-12-16,26.23
2016-12-17,0.0
2016-12-18,0.0
2016-12-19,0.0
2016-12-20,0.0
2016-12-21,27.45
2016-12-22,28.06
2016-12-23,28.669999999999998
2016-12-24,0.0
2016-12-25,0.0
2016-12-26,0.0
2016-12-27,0.0
2016-12-28,0.0
2016-12-29,0.0
2016-12-30,0.0
2016-12-31,29.28
2017-01-01,0.0
2017-01-02,31.96
2017-01-03,29.92
2017-01-04,0.0
2017-01-05,0.0
2017-01-06,0.0
2017-01-07,0.0
2017-01-08,0.0
2017-01-09,0.0
2017-01-10,0.0
2017-01-11,0.0
2017-01-12,29.240000000000002
2017-01-13,0.0
2017-01-14,0.0
2017-01-15,0.0
2017-01-16,0.0
2017-01-17,28.560000000000002
2017-01-18,0.0
2017-01-19,0.0
2017-01-20,0.0
2017-01-21,0.0
2017-01-22,0.0
2017-01-23,54.400000000000006
2017-01-24,27.880000000000003
2017-01-25,28.560000000000002
2017-01-26,56.440000000000005
2017-01-27,0.0
2017-01-28,0.0
2017-01-29,68.0
2017-01-30,27.880000000000003
2017-01-31,41.480000000000004
2017-02-01,36.75
2017-02-02,0.0
2017-02-03,39.0
2017-02-04,30.0
2017-02-05,29.25
2017-02-06,0.0
2017-02-07,24.75
2017-02-08,0.0
2017-02-09,75.0
2017-02-10,26.25
2017-02-11,0.0
2017-02-12,30.0
2017-02-13,24.0
2017-02-14,24.75
2017-02-15,25.5
2017-02-16,24.75
2017-02-17,0.0
2017-02-18,60.75
2017-02-19,0.0
2017-02-20,0.0
2017-02-21,24.75
2017-02-22,0.0
2017-02-23,0.0
2017-02-24,25.5
2017-02-25,0.0
2017-02-26,29.25
2017-02-27,23.25
2017-02-28,35.25
2017-03-01,41.65
2017-03-02,85.0
2017-03-03,0.0
2017-03-04,0.0
2017-03-05,52.699999999999996
2017-03-06,42.5
2017-03-07,0.0
2017-03-08,44.199999999999996
2017-03-09,43.35
2017-03-10,0.0
2017-03-11,52.699999999999996
2017-03-12,50.15
2017-03-13,41.65
2017-03-14,44.199999999999996
2017-03-15,66.3
2017-03-16,45.05
2017-03-17,0.0
2017-03-18,0.0
2017-03-19,54.4
2017-03-20,0.0
2017-03-21,45.05
2017-03-22,45.05
2017-03-23,45.05
2017-03-24,0.0
2017-03-25,0.0
2017-03-26,0.0
2017-03-27,44.199999999999996
2017-03-28,0.0
2017-03-29,44.199999999999996
2017-03-30,45.9
2017-03-31,0.0
2017-04-01,25.830000000000002
2017-04-02,0.0
2017-04-03,20.79
2017-04-04,0.0
2017-04-05,21.42
2017-04-06,0.0
2017-04-07,0.0
2017-04-08,0.0
2017-04-09,26.46
2017-04-10,0.0
2017-04-11,0.0
2017-04-12,0.0
2017-04-13,0.0
2017-04-14,23.94
2017-04-15,0.0
2017-04-16,0.0
2017-04-17,21.42
2017-04-18,20.79
2017-04-19,32.13
2017-04-20,22.05
2017-04-21,33.39
2017-04-22,26.46
2017-04-23,0.0
2017-04-24,0.0
2017-04-25,63.0
2017-04-26,0.0
2017-04-27,21.42
2017-04-28,0.0
2017-04-29,0.0
2017-04-30,25.2
2017-05-01,24.91
2017-05-02,0.0
2017-05-03,12.72
2017-05-04,25.44
2017-05-05,13.25
2017-05-06,31.270000000000003
2017-05-07,0.0
2017-05-08,0.0
2017-05-09,12.72
2017-05-10,0.0
2017-05-11,13.25
2017-05-12,40.81
2017-05-13,15.9
2017-05-14,0.0
2017-05-15,0.0
2017-05-16,13.780000000000001
2017-05-17,0.0
2017-05-18,0.0
2017-05-19,0.0
2017-05-20,16.96
2017-05-21,0.0
2017-05-22,0.0
2017-05-23,53.0
2017-05-24,0.0
2017-05-25,27.560000000000002
2017-05-26,14.84
2017-05-27,0.0
2017-05-28,0.0
2017-05-29,0.0
2017-05-30,0.0
2017-05-31,0.0
2017-06-01,0.0
2017-06-02,0.0
2017-06-03,0.0
2017-06-04,0.0
2017-06-05,15.079999999999998
2017-06-06,0.0
2017-06-07,0.0
2017-06-08,0.0
2017-06-09,0.0
2017-06-10,18.56
2017-06-11,0.0
2017-06-12,0.0
2017-06-13,0.0
2017-06-14,0.0
2017-06-15,0.0
2017-06-16,0.0
2017-06-17,0.0
2017-06-18,18.56
2017-06-19,15.37
2017-06-20,28.419999999999998
2017-06-21,28.999999999999996
2017-06-22,0.0
2017-06-23,0.0
2017-06-24,0.0
2017-06-25,0.0
2017-06-26,15.37
2017-06-27,0.0
2017-06-28,0.0
2017-06-29,0.0
2017-06-30,0.0
2017-07-01,0.0
2017-07-02,0.0
2017-07-03,0.0
2017-07-04,0.0
2017-07-05,0.0
2017-07-06,0.0
2017-07-07,19.78
2017-07-08,0.0
2017-07-09,23.0
2017-07-10,19.32
2017-07-11,0.0
2017-07-12,19.32
2017-07-13,0.0
2017-07-14,0.0
2017-07-15,0.0
2017-07-16,0.0
2017-07-17,0.0
2017-07-18,19.78
2017-07-19,19.55
2017-07-20,0.0
2017-07-21,0.0
2017-07-22,22.540000000000003
2017-07-23,0.0
2017-07-24,0.0
2017-07-25,19.32
2017-07-26,0.0
2017-07-27,19.32
2017-07-28,0.0
2017-07-29,0.0
2017-07-30,0.0
2017-07-31,0.0
2017-08-01,46.2
2017-08-02,44.550000000000004
2017-08-03,0.0
2017-08-04,0.0
2017-08-05,55.00000000000001
2017-08-06,0.0
2017-08-07,0.0
2017-08-08,44.550000000000004
2017-08-09,0.0
2017-08-10,47.85
2017-08-11,0.0
2017-08-12,0.0
2017-08-13,0.0
2017-08-14,0.0
2017-08-15,0.0
2017-08-16,46.75000000000001
2017-08-17,0.0
2017-08-18,0.0
2017-08-19,0.0
2017-08-20,0.0
2017-08-21,44.0
2017-08-22,0.0
2017-08-23,0.0
2017-08-24,0.0
2017-08-25,0.0
2017-08-26,53.900000000000006
2017-08-27,0.0
2017-08-28,0.0
2017-08-29,0.0
2017-08-30,0.0
2017-08-31,0.0
2017-09-01,11.66
2017-09-02,0.0
2017-09-03,0.0
2017-09-04,0.0
2017-09-05,10.78
2017-09-06,0.0
2017-09-07,0.0
2017-09-08,11.22
2017-09-09,0.0
2017-09-10,0.0
2017-09-11,11.0
2017-09-12,0.0
2017-09-13,22.0
2017-09-14,11.0
2017-09-15,0.0
2017-09-16,0.0
2017-09-17,0.0
2017-09-18,0.0
2017-09-19,21.56
2017-09-20,0.0
2017-09-21,0.0
2017-09-22,0.0
2017-09-23,0.0
2017-09-24,0.0
2017-09-25,0.0
2017-09-26,11.0
2017-09-27,0.0
2017-09-28,0.0
2017-09-29,0.0
2017-09-30,0.0
2017-10-01,0.0
2017-10-02,0.0
2017-10-03,0.0
2017-10-04,0.0
2017-10-05,28.999999999999996
2017-10-06,0.0
2017-10-07,0.0
2017-10-08,33.64
2017-10-09,28.419999999999998
2017-10-10,28.419999999999998
2017-10-11,0.0
2017-10-12,0.0
2017-10-13,0.0
2017-10-14,0.0
2017-10-15,0.0
2017-10-16,0.0
2017-10-17,0.0
2017-10-18,57.99999999999999
2017-10-19,28.999999999999996
2017-10-20,0.0
2017-10-21,0.0
2017-10-22,0.0
2017-10-23,28.419999999999998
2017-10-24,42.919999999999995
2017-10-25,28.419999999999998
2017-10-26,57.99999999999999
2017-10-27,0.0
2017-10-28,0.0
2017-10-29,34.22
2017-10-30,28.419999999999998
2017-10-31,29.58
2017-11-01,34.84
2017-11-02,67.0
2017-11-03,35.510000000000005
2017-11-04,40.870000000000005
2017-11-05,0.0
2017-11-06,0.0
2017-11-07,0.0
2017-11-08,0.0
2017-11-09,33.5
2017-11-10,0.0
2017-11-11,40.870000000000005
2017-11-12,40.2
2017-11-13,33.5
2017-11-14,33.5
2017-11-15,33.5
2017-11-16,0.0
2017-11-17,0.0
2017-11-18,0.0
2017-11-19,0.0
2017-11-20,51.59
2017-11-21,35.510000000000005
2017-11-22,0.0
2017-11-23,40.870000000000005
2017-11-24,38.86
2017-11-25,0.0
2017-11-26,0.0
2017-11-27,32.160000000000004
2017-11-28,32.160000000000004
2017-11-29,32.830000000000005
2017-11-30,33.5
2017-12-01,68.0
2017-12-02,0.0
2017-12-03,39.0
2017-12-04,100.0
2017-12-05,66.0
2017-12-06,67.0
2017-12-07,33.0
2017-12-08,51.0
2017-12-09,40.0
2017-12-10,40.0
2017-12-11,50.0
2017-12-12,100.0
2017-12-13,0.0
2017-12-14,69.0
2017-12-15,70.0
2017-12-16,42.0
2017-12-17,41.0
2017-12-18,51.0
2017-12-19,70.0
2017-12-20,36.0
2017-12-21,74.0
2017-12-22,39.0
2017-12-23,0.0
2017-12-24,0.0
2017-12-25,0.0
2017-12-26,0.0
2017-12-27,0.0
2017-12-28,0.0
2017-12-29,38.0
2017-12-30,82.0
2017-12-31,41.0
2018-01-01,64.0
2018-01-02,0.0
2018-01-03,0.0
2018-01-04,0.0
2018-01-05,55.68
2018-01-06,62.08
2018-01-07,0.0
2018-01-08,52.480000000000004
2018-01-09,51.84
2018-01-10,0.0
2018-01-11,0.0
2018-01-12,53.120000000000005
2018-01-13,0.0
2018-01-14,61.44
2018-01-15,56.32
2018-01-16,52.480000000000004
2018-01-17,0.0
2018-01-18,0.0
2018-01-19,54.4
2018-01-20,0.0
2018-01-21,0.0
2018-01-22,0.0
2018-01-23,0.0
2018-01-24,51.84
2018-01-25,0.0
2018-01-26,0.0
2018-01-27,0.0
2018-01-28,0.0
2018-01-29,51.84
2018-01-30,0.0
2018-01-31,0.0
2018-02-01,33.21
2018-02-02,0.0
2018-02-03,0.0
2018-02-04,0.0
2018-02-05,0.0
2018-02-06,0.0
2018-02-07,0.0
2018-02-08,0.0
2018-02-09,0.0
2018-02-10,0.0
2018-02-11,39.690000000000005
2018-02-12,66.42
2018-02-13,33.21
2018-02-14,34.02
2018-02-15,51.84
2018-02-16,0.0
2018-02-17,81.0
2018-02-18,40.5
2018-02-19,70.47
2018-02-20,0.0
2018-02-21,0.0
2018-02-22,33.21
2018-02-23,34.02
2018-02-24,0.0
2018-02-25,0.0
2018-02-26,33.21
2018-02-27,34.02
2018-02-28,33.21
2018-03-01,56.88
2018-03-02,0.0
2018-03-03,0.0
2018-03-04,48.190000000000005
2018-03-05,38.71
2018-03-06,39.5
2018-03-07,0.0
2018-03-08,0.0
2018-03-09,41.08
2018-03-10,0.0
2018-03-11,0.0
2018-03-12,39.5
2018-03-13,79.0
2018-03-14,0.0
2018-03-15,40.29
2018-03-16,41.08
2018-03-17,0.0
2018-03-18,0.0
2018-03-19,0.0
2018-03-20,0.0
2018-03-21,0.0
2018-03-22,40.29
2018-03-23,41.870000000000005
2018-03-24,48.980000000000004
2018-03-25,48.190000000000005
2018-03-26,41.08
2018-03-27,41.08
2018-03-28,0.0
2018-03-29,41.870000000000005
2018-03-30,45.03
2018-03-31,0.0
2018-04-01,0.0
2018-04-02,51.839999999999996
2018-04-03,0.0
2018-04-04,0.0
2018-04-05,0.0
2018-04-06,51.12
2018-04-07,0.0
2018-04-08,59.04
2018-04-09,49.68
2018-04-10,48.96
2018-04-11,49.68
2018-04-12,50.4
2018-04-13,51.12
2018-04-14,0.0
2018-04-15,58.32
2018-04-16,72.0
2018-04-17,0.0
2018-04-18,49.68
2018-04-19,0.0
2018-04-20,51.12
2018-04-21,0.0
2018-04-22,60.48
2018-04-23,0.0
2018-04-24,48.239999999999995
2018-04-25,0.0
2018-04-26,0.0
2018-04-27,0.0
2018-04-28,0.0
2018-04-29,0.0
2018-04-30,48.96
2018-05-01,19.200000000000003
2018-05-02,18.8
2018-05-03,0.0
2018-05-04,19.6
2018-05-05,0.0
2018-05-06,0.0
2018-05-07,0.0
2018-05-08,0.0
2018-05-09,19.200000000000003
2018-05-10,19.6
2018-05-11,39.6
2018-05-12,24.0
2018-05-13,24.400000000000002
2018-05-14,39.6
2018-05-15,19.6
2018-05-16,19.6
2018-05-17,0.0
2018-05-18,0.0
2018-05-19,23.200000000000003
2018-05-20,0.0
2018-05-21,20.0
2018-05-22,0.0
2018-05-23,0.0
2018-05-24,20.400000000000002
2018-05-25,21.6
2018-05-26,0.0
2018-05-27,0.0
2018-05-28,23.200000000000003
2018-05-29,20.0
2018-05-30,19.6
2018-05-31,40.0
2018-06-01,16.38
2018-06-02,0.0
2018-06-03,0.0
2018-06-04,0.0
2018-06-05,0.0
2018-06-06,16.38
2018-06-07,16.38
2018-06-08,0.0
2018-06-09,0.0
2018-06-10,19.5
2018-06-11,31.59
2018-06-12,15.21
2018-06-13,0.0
2018-06-14,16.38
2018-06-15,0.0
2018-06-16,39.0
2018-06-17,19.89
2018-06-18,0.0
2018-06-19,15.99
2018-06-20,0.0
2018-06-21,24.96
2018-06-22,17.16
2018-06-23,19.11
2018-06-24,0.0
2018-06-25,33.15
2018-06-26,0.0
2018-06-27,16.38
2018-06-28,16.77
2018-06-29,17.16
2018-06-30,19.5
2018-07-01,0.0
2018-07-02,30.78
2018-07-03,0.0
2018-07-04,0.0
2018-07-05,33.44
2018-07-06,31.54
2018-07-07,0.0
2018-07-08,0.0
2018-07-09,0.0
2018-07-10,0.0
2018-07-11,29.64
2018-07-12,0.0
2018-07-13,0.0
2018-07-14,0.0
2018-07-15,0.0
2018-07-16,0.0
2018-07-17,31.54
2018-07-18,0.0
2018-07-19,0.0
2018-07-20,0.0
2018-07-21,0.0
2018-07-22,36.480000000000004
2018-07-23,0.0
2018-07-24,0.0
2018-07-25,0.0
2018-07-26,0.0
2018-07-27,0.0
2018-07-28,0.0
2018-07-29,38.0
2018-07-30,0.0
2018-07-31,30.78
2018-08-01,27.0
2018-08-02,26.46
2018-08-03,0.0
2018-08-04,0.0
2018-08-05,31.32
2018-08-06,54.0
2018-08-07,0.0
2018-08-08,0.0
2018-08-09,0.0
2018-08-10,0.0
2018-08-11,0.0
2018-08-12,31.32
2018-08-13,27.0
2018-08-14,0.0
2018-08-15,0.0
2018-08-16,0.0
2018-08-17,0.0
2018-08-18,0.0
2018-08-19,0.0
2018-08-20,0.0
2018-08-21,0.0
2018-08-22,0.0
2018-08-23,27.540000000000003
2018-08-24,0.0
2018-08-25,31.860000000000003
2018-08-26,31.32
2018-08-27,0.0
2018-08-28,0.0
2018-08-29,26.46
2018-08-30,0.0
2018-08-31,27.0
2018-09-01,31.200000000000003
2018-09-02,0.0
2018-09-03,0.0
2018-09-04,26.0
2018-09-05,52.0
2018-09-06,0.0
2018-09-07,0.0
2018-09-08,30.68
2018-09-09,0.0
2018-09-10,0.0
2018-09-11,25.48
2018-09-12,25.48
2018-09-13,26.0
2018-09-14,26.52
2018-09-15,31.200000000000003
2018-09-16,0.0
2018-09-17,0.0
2018-09-18,0.0
2018-09-19,0.0
2018-09-20,26.0
2018-09-21,0.0
2018-09-22,31.720000000000002
2018-09-23,0.0
2018-09-24,26.0
2018-09-25,25.48
2018-09-26,26.0
2018-09-27,0.0
2018-09-28,0.0
2018-09-29,31.720000000000002
2018-09-30,0.0
2018-10-01,30.0
2018-10-02,0.0
2018-10-03,30.599999999999998
2018-10-04,0.0
2018-10-05,31.2
2018-10-06,0.0
2018-10-07,36.0
2018-10-08,0.0
2018-10-09,0.0
2018-10-10,30.599999999999998
2018-10-11,31.2
2018-10-12,33.0
2018-10-13,0.0
2018-10-14,0.0
2018-10-15,31.2
2018-10-16,0.0
2018-10-17,46.8
2018-10-18,31.799999999999997
2018-10-19,32.4
2018-10-20,0.0
2018-10-21,36.6
2018-10-22,0.0
2018-10-23,0.0
2018-10-24,60.0
2018-10-25,0.0
2018-10-26,33.0
2018-10-27,0.0
2018-10-28,37.199999999999996
2018-10-29,30.599999999999998
2018-10-30,31.2
2018-10-31,0.0
2018-11-01,47.43
2018-11-02,0.0
2018-11-03,0.0
2018-11-04,0.0
2018-11-05,0.0
2018-11-06,0.0
2018-11-07,0.0
2018-11-08,0.0
2018-11-09,0.0
2018-11-10,0.0
2018-11-11,0.0
2018-11-12,0.0
2018-11-13,0.0
2018-11-14,44.88
2018-11-15,44.37
2018-11-16,46.410000000000004
2018-11-17,0.0
2018-11-18,0.0
2018-11-19,0.0
2018-11-20,45.9
2018-11-21,0.0
2018-11-22,0.0
2018-11-23,0.0
2018-11-24,0.0
2018-11-25,51.0
2018-11-26,0.0
2018-11-27,0.0
2018-11-28,0.0
2018-11-29,0.0
2018-11-30,0.0
2018-12-01,0.0
2018-12-02,0.0
2018-12-03,0.0
2018-12-04,0.0
2018-12-05,15.36
2018-12-06,0.0
2018-12-07,24.48
2018-12-08,18.72
2018-12-09,0.0
2018-12-10,0.0
2018-12-11,15.84
2018-12-12,15.84
2018-12-13,48.0
2018-12-14,31.2
2018-12-15,0.0
2018-12-16,19.2
2018-12-17,0.0
2018-12-18,0.0
2018-12-19,0.0
2018-12-20,0.0
2018-12-21,0.0
2018-12-22,39.839999999999996
2018-12-23,0.0
2018-12-24,19.68
2018-12-25,0.0
2018-12-26,0.0
2018-12-27,0.0
2018-12-28,0.0
2018-12-29,0.0
2018-12-30,19.2
2018-12-31,0.0
2019-01-01,0.0
2019-01-02,0.0
2019-01-03,46.980000000000004
2019-01-04,0.0
2019-01-05,0.0
2019-01-06,0.0
2019-01-07,0.0
2019-01-08,0.0
2019-01-09,0.0
2019-01-10,44.82
2019-01-11,0.0
2019-01-12,0.0
2019-01-13,0.0
2019-01-14,0.0
2019-01-15,0.0
2019-01-16,44.82
2019-01-17,44.28
2019-01-18,0.0
2019-01-19,0.0
2019-01-20,0.0
2019-01-21,0.0
2019-01-22,0.0
2019-01-23,0.0
2019-01-24,0.0
2019-01-25,0.0
2019-01-26,0.0
2019-01-27,54.0
2019-01-28,0.0
2019-01-29,44.28
2019-01-30,0.0
2019-01-31,0.0
2019-02-01,0.0
2019-02-02,0.0
2019-02-03,0.0
2019-02-04,0.0
2019-02-05,0.0
2019-02-06,0.0
2019-02-07,0.0
2019-02-08,0.0
2019-02-09,0.0
2019-02-10,0.0
2019-02-11,19.0
2019-02-12,0.0
2019-02-13,0.0
2019-02-14,0.0
2019-02-15,0.0
2019-02-16,0.0
2019-02-17,0.0
2019-02-18,0.0
2019-02-19,19.76
2019-02-20,0.0
2019-02-21,0.0
2019-02-22,0.0
2019-02-23,0.0
2019-02-24,0.0
2019-02-25,0.0
2019-02-26,0.0
2019-02-27,38.0
2019-02-28,0.0
2019-03-01,0.0
2019-03-02,0.0
2019-03-03,0.0
2019-03-04,0.0
2019-03-05,0.0
2019-03-06,35.28
2019-03-07,0.0
2019-03-08,24.99
2019-03-09,29.4
2019-03-10,29.4
2019-03-11,49.0
2019-03-12,0.0
2019-03-13,0.0
2019-03-14,49.0
2019-03-15,24.99
2019-03-16,0.0
2019-03-17,0.0
2019-03-18,25.48
2019-03-19,0.0
2019-03-20,0.0
2019-03-21,0.0
2019-03-22,0.0
2019-03-23,0.0
2019-03-24,27.439999999999998
2019-03-25,0.0
2019-03-26,24.99
2019-03-27,25.48
2019-03-28,0.0
2019-03-29,25.48
2019-03-30,0.0
2019-03-31,0.0
2019-04-01,24.8
2019-04-02,0.0
2019-04-03,24.8
2019-04-04,49.6
2019-04-05,26.04
2019-04-06,0.0
2019-04-07,29.759999999999998
2019-04-08,24.8
2019-04-09,0.0
2019-04-10,0.0
2019-04-11,24.8
2019-04-12,0.0
2019-04-13,31.0
2019-04-14,0.0
2019-04-15,24.8
2019-04-16,25.419999999999998
2019-04-17,51.46
2019-04-18,26.04
2019-04-19,0.0
2019-04-20,62.0
2019-04-21,32.86
2019-04-22,0.0
2019-04-23,50.839999999999996
2019-04-24,0.0
2019-04-25,24.8
2019-04-26,25.419999999999998
2019-04-27,60.76
2019-04-28,0.0
2019-04-29,24.8
2019-04-30,0.0
2019-05-01,46.059999999999995
2019-05-02,0.0
2019-05-03,0.0
2019-05-04,0.0
2019-05-05,0.0
2019-05-06,0.0
2019-05-07,46.059999999999995
2019-05-08,23.029999999999998
2019-05-09,0.0
2019-05-10,0.0
2019-05-11,0.0
2019-05-12,29.139999999999997
2019-05-13,23.97
2019-05-14,47.0
2019-05-15,0.0
2019-05-16,23.5
2019-05-17,0.0
2019-05-18,0.0
2019-05-19,0.0
2019-05-20,0.0
2019-05-21,0.0
2019-05-22,23.97
2019-05-23,0.0
2019-05-24,24.91
2019-05-25,0.0
2019-05-26,0.0
2019-05-27,0.0
2019-05-28,0.0
2019-05-29,0.0
2019-05-30,0.0
2019-05-31,0.0
2019-06-01,0.0
2019-06-02,38.54
2019-06-03,0.0
2019-06-04,0.0
2019-06-05,0.0
2019-06-06,0.0
2019-06-07,0.0
2019-06-08,0.0
2019-06-09,0.0
2019-06-10,0.0
2019-06-11,0.0
2019-06-12,0.0
2019-06-13,33.62
2019-06-14,0.0
2019-06-15,0.0
2019-06-16,0.0
2019-06-17,0.0
2019-06-18,0.0
2019-06-19,33.62
2019-06-20,0.0
2019-06-21,0.0
2019-06-22,0.0
2019-06-23,41.0
2019-06-24,0.0
2019-06-25,0.0
2019-06-26,0.0
2019-06-27,0.0
2019-06-28,0.0
2019-06-29,0.0
2019-06-30,0.0
2019-07-01,0.0
2019-07-02,22.68
2019-07-03,22.950000000000003
2019-07-04,26.46
2019-07-05,0.0
2019-07-06,0.0
2019-07-07,0.0
2019-07-08,22.41
2019-07-09,22.950000000000003
2019-07-10,0.0
2019-07-11,0.0
2019-07-12,23.220000000000002
2019-07-13,0.0
2019-07-14,0.0
2019-07-15,0.0
2019-07-16,0.0
2019-07-17,0.0
2019-07-18,0.0
2019-07-19,0.0
2019-07-20,26.73
2019-07-21,27.0
2019-07-22,0.0
2019-07-23,0.0
2019-07-24,0.0
2019-07-25,23.76
2019-07-26,0.0
2019-07-27,0.0
2019-07-28,0.0
2019-07-29,0.0
2019-07-30,23.220000000000002
2019-07-31,23.490000000000002
2019-08-01,28.900000000000002
2019-08-02,0.0
2019-08-03,0.0
2019-08-04,0.0
2019-08-05,0.0
2019-08-06,0.0
2019-08-07,0.0
2019-08-08,0.0
2019-08-09,0.0
2019-08-10,0.0
2019-08-11,34.0
2019-08-12,0.0
2019-08-13,0.0
2019-08-14,0.0
2019-08-15,0.0
2019-08-16,0.0
2019-08-17,0.0
2019-08-18,33.32
2019-08-19,0.0
2019-08-20,0.0
2019-08-21,0.0
2019-08-22,0.0
2019-08-23,0.0
2019-08-24,0.0
2019-08-25,32.64
2019-08-26,0.0
2019-08-27,0.0
2019-08-28,0.0
2019-08-29,0.0
2019-08-30,0.0
2019-08-31,31.28
2019-09-01,0.0
2019-09-02,13.799999999999999
2019-09-03,12.299999999999999
2019-09-04,0.0
2019-09-05,0.0
2019-09-06,0.0
2019-09-07,0.0
2019-09-08,0.0
2019-09-09,0.0
2019-09-10,0.0
2019-09-11,12.6
2019-09-12,0.0
2019-09-13,0.0
2019-09-14,15.299999999999999
2019-09-15,14.399999999999999
2019-09-16,12.299999999999999
2019-09-17,12.0
2019-09-18,0.0
2019-09-19,0.0
2019-09-20,12.6
2019-09-21,0.0
2019-09-22,0.0
2019-09-23,0.0
2019-09-24,24.9
2019-09-25,12.6
2019-09-26,25.5
2019-09-27,0.0
2019-09-28,0.0
2019-09-29,30.0
2019-09-30,0.0
2019-10-01,17.0
2019-10-02,0.0
2019-10-03,16.66
2019-10-04,0.0
2019-10-05,0.0
2019-10-06,0.0
2019-10-07,0.0
2019-10-08,0.0
2019-10-09,0.0
2019-10-10,0.0
2019-10-11,0.0
2019-10-12,0.0
2019-10-13,0.0
2019-10-14,0.0
2019-10-15,0.0
2019-10-16,34.0
2019-10-17,17.0
2019-10-18,0.0
2019-10-19,0.0
2019-10-20,0.0
2019-10-21,0.0
2019-10-22,15.98
2019-10-23,0.0
2019-10-24,16.66
2019-10-25,0.0
2019-10-26,21.42
2019-10-27,0.0
2019-10-28,0.0
2019-10-29,0.0
2019-10-30,0.0
2019-10-31,0.0
2019-11-01,0.0
2019-11-02,26.459999999999997
2019-11-03,0.0
2019-11-04,0.0
2019-11-05,0.0
2019-11-06,21.419999999999998
2019-11-07,21.419999999999998
2019-11-08,21.419999999999998
2019-11-09,25.2
2019-11-10,0.0
2019-11-11,0.0
2019-11-12,31.5
2019-11-13,21.419999999999998
2019-11-14,0.0
2019-11-15,0.0
2019-11-16,25.2
2019-11-17,0.0
2019-11-18,42.0
2019-11-19,0.0
2019-11-20,21.84
2019-11-21,0.0
2019-11-22,21.84
2019-11-23,0.0
2019-11-24,25.2
2019-11-25,0.0
2019-11-26,0.0
2019-11-27,0.0
2019-11-28,0.0
2019-11-29,23.939999999999998
2019-11-30,0.0
2019-12-01,0.0
2019-12-02,13.629999999999999
2019-12-03,0.0
2019-12-04,0.0
2019-12-05,14.499999999999998
2019-12-06,14.79
2019-12-07,0.0
2019-12-08,16.82
2019-12-09,14.499999999999998
2019-12-10,14.79
2019-12-11,28.999999999999996
2019-12-12,0.0
2019-12-13,14.499999999999998
2019-12-14,17.11
2019-12-15,0.0
2019-12-16,0.0
2019-12-17,0.0
2019-12-18,0.0
2019-12-19,0.0
2019-12-20,15.659999999999998
2019-12-21,0.0
2019-12-22,0.0
2019-12-23,0.0
2019-12-24,0.0
2019-12-25,0.0
2019-12-26,0.0
2019-12-27,0.0
2019-12-28,0.0
2019-12-29,0.0
2019-12-30,15.659999999999998
2019-12-31,0.0
2020-01-01,0.0
2020-01-02,22.56
2020-01-03,0.0
2020-01-04,0.0
2020-01-05,0.0
2020-01-06,0.0
2020-01-07,21.599999999999998
2020-01-08,0.0
2020-01-09,43.199999999999996
2020-01-10,21.119999999999997
2020-01-11,0.0
2020-01-12,0.0
2020-01-13,0.0
2020-01-14,0.0
2020-01-15,0.0
2020-01-16,0.0
2020-01-17,21.599999999999998
2020-01-18,24.48
2020-01-19,48.0
2020-01-20,22.08
2020-01-21,0.0
2020-01-22,0.0
2020-01-23,0.0
2020-01-24,0.0
2020-01-25,0.0
2020-01-26,0.0
2020-01-27,20.16
2020-01-28,31.2
2020-01-29,0.0
2020-01-30,42.72
2020-01-31,0.0
2020-02-01,0.0
2020-02-02,32.33
2020-02-03,25.44
2020-02-04,27.560000000000002
2020-02-05,0.0
2020-02-06,0.0
2020-02-07,28.62
2020-02-08,0.0
2020-02-09,0.0
2020-02-10,0.0
2020-02-11,0.0
2020-02-12,0.0
2020-02-13,0.0
2020-02-14,28.62
2020-02-15,0.0
2020-02-16,0.0
2020-02-17,0.0
2020-02-18,53.0
2020-02-19,0.0
2020-02-20,27.03
2020-02-21,0.0
2020-02-22,0.0
2020-02-23,31.8
2020-02-24,0.0
2020-02-25,0.0
2020-02-26,25.970000000000002
2020-02-27,26.5
2020-02-28,0.0
2020-02-29,0.0
2020-03-01,0.0
2020-03-02,41.25
2020-03-03,27.500000000000004
2020-03-04,0.0
2020-03-05,28.05
2020-03-06,0.0
2020-03-07,33.550000000000004
2020-03-08,0.0
2020-03-09,28.05
2020-03-10,55.00000000000001
2020-03-11,27.500000000000004
2020-03-12,0.0
2020-03-13,28.05
2020-03-14,0.0
2020-03-15,0.0
2020-03-16,55.00000000000001
2020-03-17,0.0
2020-03-18,0.0
2020-03-19,0.0
2020-03-20,26.950000000000003
2020-03-21,0.0
2020-03-22,31.35
2020-03-23,25.85
2020-03-24,41.25
2020-03-25,26.950000000000003
2020-03-26,28.05
2020-03-27,25.85
2020-03-28,0.0
2020-03-29,0.0
2020-03-30,0.0
2020-03-31,0.0
2020-04-01,0.0
2020-04-02,57.0
2020-04-03,38.0
2020-04-04,43.32
2020-04-05,0.0
2020-04-06,37.24
2020-04-07,38.0
2020-04-08,76.0
2020-04-09,0.0
