Date,Federal Reserve
2013-04-01,42.48
2013-04-02,44.839999999999996
2013-04-03,46.61
2013-04-04,44.25
2013-04-05,40.12
2013-04-06,22.419999999999998
2013-04-07,25.369999999999997
2013-04-08,44.839999999999996
2013-04-09,48.97
2013-04-10,59.0
2013-04-11,58.41
2013-04-12,44.25
2013-04-13,28.91
2013-04-14,38.35
2013-04-15,50.739999999999995
2013-04-16,52.51
2013-04-17,51.33
2013-04-18,46.61
2013-04-19,40.12
2013-04-20,26.549999999999997
2013-04-21,29.5
2013-04-22,56.64
2013-04-23,54.279999999999994
2013-04-24,54.87
2013-04-25,57.23
2013-04-26,41.89
2013-04-27,30.68
2013-04-28,31.27
2013-04-29,52.51
2013-04-30,55.459999999999994
2013-05-01,55.00000000000001
2013-05-02,51.7
2013-05-03,37.400000000000006
2013-05-04,17.05
2013-05-05,13.750000000000002
2013-05-06,44.550000000000004
2013-05-07,40.7
2013-05-08,49.50000000000001
2013-05-09,46.2
2013-05-10,36.300000000000004
2013-05-11,17.6
2013-05-12,22.0
2013-05-13,37.400000000000006
2013-05-14,45.1
2013-05-15,45.650000000000006
2013-05-16,40.7
2013-05-17,30.250000000000004
2013-05-18,25.3
2013-05-19,17.05
2013-05-20,29.150000000000002
2013-05-21,35.75
2013-05-22,42.900000000000006
2013-05-23,40.150000000000006
2013-05-24,39.050000000000004
2013-05-25,19.25
2013-05-26,15.400000000000002
2013-05-27,21.450000000000003
2013-05-28,35.75
2013-05-29,31.900000000000002
2013-05-30,30.800000000000004
2013-05-31,36.85
2013-06-01,15.180000000000001
2013-06-02,18.86
2013-06-03,29.44
2013-06-04,23.0
2013-06-05,28.52
2013-06-06,26.68
2013-06-07,28.98
2013-06-08,21.16
2013-06-09,15.180000000000001
2013-06-10,21.62
2013-06-11,33.120000000000005
2013-06-12,26.220000000000002
2013-06-13,23.0
2013-06-14,26.68
2013-06-15,16.1
2013-06-16,17.94
2013-06-17,25.3
2013-06-18,36.800000000000004
2013-06-19,46.0
2013-06-20,37.260000000000005
2013-06-21,30.82
2013-06-22,17.02
2013-06-23,19.32
2013-06-24,26.220000000000002
2013-06-25,26.220000000000002
2013-06-26,27.14
2013-06-27,29.44
2013-06-28,25.3
2013-06-29,14.26
2013-06-30,22.540000000000003
2013-07-01,31.05
2013-07-02,37.35
2013-07-03,30.150000000000002
2013-07-04,17.1
2013-07-05,25.2
2013-07-06,13.950000000000001
2013-07-07,21.150000000000002
2013-07-08,36.0
2013-07-09,34.2
2013-07-10,42.75
2013-07-11,43.65
2013-07-12,32.4
2013-07-13,16.650000000000002
2013-07-14,19.35
2013-07-15,31.5
2013-07-16,31.05
2013-07-17,42.300000000000004
2013-07-18,35.1
2013-07-19,36.45
2013-07-20,27.0
2013-07-21,21.150000000000002
2013-07-22,35.1
2013-07-23,34.2
2013-07-24,35.550000000000004
2013-07-25,25.650000000000002
2013-07-26,35.1
2013-07-27,22.95
2013-07-28,26.55
2013-07-29,45.0
2013-07-30,39.6
2013-07-31,44.550000000000004
2013-08-01,31.82
2013-08-02,28.81
2013-08-03,16.77
2013-08-04,21.5
2013-08-05,29.24
2013-08-06,28.81
2013-08-07,39.99
2013-08-08,40.42
2013-08-09,36.55
2013-08-10,21.07
2013-08-11,13.33
2013-08-12,28.38
2013-08-13,31.39
2013-08-14,33.54
2013-08-15,34.83
2013-08-16,40.42
2013-08-17,15.049999999999999
2013-08-18,13.76
2013-08-19,32.25
2013-08-20,37.41
2013-08-21,43.0
2013-08-22,40.42
2013-08-23,32.68
2013-08-24,19.35
2013-08-25,20.21
2013-08-26,32.25
2013-08-27,40.42
2013-08-28,41.71
2013-08-29,36.98
2013-08-30,36.12
2013-08-31,18.49
2013-09-01,14.580000000000002
2013-09-02,19.98
2013-09-03,22.68
2013-09-04,23.220000000000002
2013-09-05,29.700000000000003
2013-09-06,22.68
2013-09-07,9.72
2013-09-08,17.28
2013-09-09,30.78
2013-09-10,22.68
2013-09-11,27.540000000000003
2013-09-12,21.6
2013-09-13,20.520000000000003
2013-09-14,13.5
2013-09-15,18.36
2013-09-16,29.700000000000003
2013-09-17,25.380000000000003
2013-09-18,54.0
2013-09-19,27.540000000000003
2013-09-20,31.32
2013-09-21,11.34
2013-09-22,14.580000000000002
2013-09-23,25.380000000000003
2013-09-24,23.220000000000002
2013-09-25,26.46
2013-09-26,27.540000000000003
2013-09-27,30.78
2013-09-28,18.900000000000002
2013-09-29,9.18
2013-09-30,25.92
2013-10-01,42.88
2013-10-02,37.76
2013-10-03,28.16
2013-10-04,28.8
2013-10-05,16.64
2013-10-06,21.76
2013-10-07,30.72
2013-10-08,37.12
2013-10-09,64.0
2013-10-10,40.96
2013-10-11,32.0
2013-10-12,14.08
2013-10-13,19.2
2013-10-14,37.12
2013-10-15,30.72
2013-10-16,30.72
2013-10-17,30.72
2013-10-18,25.6
2013-10-19,10.88
2013-10-20,13.44
2013-10-21,27.52
2013-10-22,32.64
2013-10-23,30.72
2013-10-24,33.92
2013-10-25,31.36
2013-10-26,13.44
2013-10-27,16.0
2013-10-28,35.84
2013-10-29,30.72
2013-10-30,40.96
2013-10-31,31.36
2013-11-01,37.05
2013-11-02,25.08
2013-11-03,27.36
2013-11-04,44.459999999999994
2013-11-05,46.739999999999995
2013-11-06,49.019999999999996
2013-11-07,35.339999999999996
2013-11-08,33.629999999999995
2013-11-09,17.099999999999998
2013-11-10,29.069999999999997
2013-11-11,34.199999999999996
2013-11-12,42.18
2013-11-13,41.61
2013-11-14,49.589999999999996
2013-11-15,49.019999999999996
2013-11-16,24.509999999999998
2013-11-17,23.369999999999997
2013-11-18,49.589999999999996
2013-11-19,56.99999999999999
2013-11-20,46.739999999999995
2013-11-21,56.99999999999999
2013-11-22,51.87
2013-11-23,30.779999999999998
2013-11-24,29.069999999999997
2013-11-25,36.48
2013-11-26,46.739999999999995
2013-11-27,33.629999999999995
2013-11-28,21.09
2013-11-29,27.929999999999996
2013-11-30,21.09
2013-12-01,16.8
2013-12-02,29.680000000000003
2013-12-03,27.44
2013-12-04,34.720000000000006
2013-12-05,36.400000000000006
2013-12-06,33.040000000000006
2013-12-07,15.680000000000001
2013-12-08,22.400000000000002
2013-12-09,34.160000000000004
2013-12-10,39.2
2013-12-11,29.120000000000005
2013-12-12,33.6
2013-12-13,35.28
2013-12-14,14.000000000000002
2013-12-15,13.440000000000001
2013-12-16,29.120000000000005
2013-12-17,37.52
2013-12-18,56.00000000000001
2013-12-19,35.84
2013-12-20,23.520000000000003
2013-12-21,12.32
2013-12-22,14.000000000000002
2013-12-23,25.200000000000003
2013-12-24,19.040000000000003
2013-12-25,14.000000000000002
2013-12-26,17.360000000000003
2013-12-27,14.560000000000002
2013-12-28,10.080000000000002
2013-12-29,9.520000000000001
2013-12-30,20.160000000000004
2013-12-31,13.440000000000001
2014-01-01,15.5
2014-01-02,27.0
2014-01-03,21.5
2014-01-04,17.0
2014-01-05,22.0
2014-01-06,30.5
2014-01-07,42.5
2014-01-08,38.0
2014-01-09,44.5
2014-01-10,43.0
2014-01-11,23.5
2014-01-12,23.5
2014-01-13,40.0
2014-01-14,43.0
2014-01-15,50.0
2014-01-16,41.5
2014-01-17,37.5
2014-01-18,20.0
2014-01-19,18.5
2014-01-20,23.0
2014-01-21,31.0
2014-01-22,39.5
2014-01-23,42.0
2014-01-24,37.5
2014-01-25,20.0
2014-01-26,22.5
2014-01-27,28.5
2014-01-28,34.5
2014-01-29,40.5
2014-01-30,46.5
2014-01-31,32.0
2014-02-01,15.600000000000001
2014-02-02,20.8
2014-02-03,42.120000000000005
2014-02-04,52.0
2014-02-05,44.2
2014-02-06,37.96
2014-02-07,45.760000000000005
2014-02-08,29.12
2014-02-09,24.96
2014-02-10,36.4
2014-02-11,47.84
2014-02-12,44.72
2014-02-13,36.4
2014-02-14,35.88
2014-02-15,22.36
2014-02-16,19.76
2014-02-17,33.28
2014-02-18,42.120000000000005
2014-02-19,49.4
2014-02-20,36.4
2014-02-21,41.08
2014-02-22,19.76
2014-02-23,32.76
2014-02-24,41.08
2014-02-25,39.0
2014-02-26,48.36
2014-02-27,45.24
2014-02-28,42.64
2014-03-01,23.76
2014-03-02,17.28
2014-03-03,36.18
2014-03-04,45.900000000000006
2014-03-05,37.800000000000004
2014-03-06,39.42
2014-03-07,32.940000000000005
2014-03-08,16.740000000000002
2014-03-09,36.72
2014-03-10,38.88
2014-03-11,24.3
2014-03-12,29.700000000000003
2014-03-13,41.040000000000006
2014-03-14,44.28
2014-03-15,23.76
2014-03-16,21.060000000000002
2014-03-17,37.800000000000004
2014-03-18,36.72
2014-03-19,54.0
2014-03-20,41.580000000000005
2014-03-21,50.220000000000006
2014-03-22,23.76
2014-03-23,25.380000000000003
2014-03-24,39.42
2014-03-25,44.28
2014-03-26,33.480000000000004
2014-03-27,43.74
2014-03-28,35.64
2014-03-29,17.82
2014-03-30,22.14
2014-03-31,31.860000000000003
2014-04-01,39.0
2014-04-02,45.6
2014-04-03,43.8
2014-04-04,38.4
2014-04-05,18.599999999999998
2014-04-06,19.2
2014-04-07,36.6
2014-04-08,60.0
2014-04-09,45.6
2014-04-10,41.4
2014-04-11,39.6
2014-04-12,17.4
2014-04-13,21.599999999999998
2014-04-14,40.8
2014-04-15,55.199999999999996
2014-04-16,42.6
2014-04-17,35.4
2014-04-18,30.599999999999998
2014-04-19,15.0
2014-04-20,28.799999999999997
2014-04-21,41.4
2014-04-22,42.0
2014-04-23,43.199999999999996
2014-04-24,43.8
2014-04-25,36.6
2014-04-26,11.4
2014-04-27,19.8
2014-04-28,48.0
2014-04-29,46.199999999999996
2014-04-30,48.6
2014-05-01,45.0
2014-05-02,45.5
2014-05-03,16.0
2014-05-04,23.5
2014-05-05,50.0
2014-05-06,46.5
2014-05-07,47.5
2014-05-08,43.5
2014-05-09,42.5
2014-05-10,21.0
2014-05-11,20.5
2014-05-12,43.5
2014-05-13,38.5
2014-05-14,41.0
2014-05-15,47.0
2014-05-16,33.0
2014-05-17,13.0
2014-05-18,13.0
2014-05-19,39.0
2014-05-20,37.0
2014-05-21,39.5
2014-05-22,36.0
2014-05-23,30.5
2014-05-24,16.0
2014-05-25,22.0
2014-05-26,19.5
2014-05-27,34.5
2014-05-28,32.0
2014-05-29,38.0
2014-05-30,34.5
2014-05-31,21.0
2014-06-01,14.0
2014-06-02,23.200000000000003
2014-06-03,18.0
2014-06-04,33.2
2014-06-05,32.4
2014-06-06,18.400000000000002
2014-06-07,11.600000000000001
2014-06-08,15.200000000000001
2014-06-09,23.6
2014-06-10,22.0
2014-06-11,31.6
2014-06-12,21.200000000000003
2014-06-13,24.400000000000002
2014-06-14,11.200000000000001
2014-06-15,13.600000000000001
2014-06-16,20.8
2014-06-17,25.6
2014-06-18,40.0
2014-06-19,21.6
2014-06-20,17.2
2014-06-21,10.8
2014-06-22,10.4
2014-06-23,22.8
2014-06-24,24.0
2014-06-25,26.0
2014-06-26,20.8
2014-06-27,22.8
2014-06-28,20.0
2014-06-29,15.200000000000001
2014-06-30,28.8
2014-07-01,19.38
2014-07-02,25.080000000000002
2014-07-03,23.18
2014-07-04,16.34
2014-07-05,15.2
2014-07-06,19.38
2014-07-07,25.080000000000002
2014-07-08,22.8
2014-07-09,31.54
2014-07-10,25.46
2014-07-11,22.04
2014-07-12,14.06
2014-07-13,17.1
2014-07-14,27.36
2014-07-15,29.26
2014-07-16,33.44
2014-07-17,28.88
2014-07-18,23.94
2014-07-19,14.82
2014-07-20,15.2
2014-07-21,25.46
2014-07-22,23.94
2014-07-23,27.740000000000002
2014-07-24,25.84
2014-07-25,24.7
2014-07-26,19.0
2014-07-27,15.96
2014-07-28,24.7
2014-07-29,31.54
2014-07-30,33.82
2014-07-31,38.0
2014-08-01,22.68
2014-08-02,17.28
2014-08-03,12.6
2014-08-04,32.76
2014-08-05,25.56
2014-08-06,30.599999999999998
2014-08-07,30.24
2014-08-08,26.64
2014-08-09,16.56
2014-08-10,17.64
2014-08-11,24.48
2014-08-12,20.88
2014-08-13,17.64
2014-08-14,28.08
2014-08-15,18.72
2014-08-16,17.28
2014-08-17,11.16
2014-08-18,26.279999999999998
2014-08-19,22.68
2014-08-20,30.24
2014-08-21,26.279999999999998
2014-08-22,29.88
2014-08-23,18.0
2014-08-24,13.32
2014-08-25,25.2
2014-08-26,30.599999999999998
2014-08-27,36.0
2014-08-28,29.16
2014-08-29,18.0
2014-08-30,12.24
2014-08-31,11.16
2014-09-01,10.35
2014-09-02,22.95
2014-09-03,18.0
2014-09-04,23.85
2014-09-05,21.150000000000002
2014-09-06,9.9
2014-09-07,8.1
2014-09-08,18.45
2014-09-09,18.0
2014-09-10,20.25
2014-09-11,26.55
2014-09-12,21.150000000000002
2014-09-13,7.2
2014-09-14,7.65
2014-09-15,23.85
2014-09-16,23.400000000000002
2014-09-17,45.0
2014-09-18,30.150000000000002
2014-09-19,23.400000000000002
2014-09-20,12.15
2014-09-21,9.9
2014-09-22,27.900000000000002
2014-09-23,26.55
2014-09-24,22.5
2014-09-25,21.150000000000002
2014-09-26,22.5
2014-09-27,18.900000000000002
2014-09-28,14.4
2014-09-29,32.4
2014-09-30,30.6
2014-10-01,42.120000000000005
2014-10-02,37.96
2014-10-03,40.56
2014-10-04,8.84
2014-10-05,16.64
2014-10-06,32.76
2014-10-07,42.64
2014-10-08,44.72
2014-10-09,42.64
2014-10-10,27.04
2014-10-11,17.68
2014-10-12,14.040000000000001
2014-10-13,22.880000000000003
2014-10-14,43.160000000000004
2014-10-15,31.720000000000002
2014-10-16,35.88
2014-10-17,34.32
2014-10-18,12.48
2014-10-19,17.68
2014-10-20,40.04
2014-10-21,39.52
2014-10-22,37.44
2014-10-23,38.480000000000004
2014-10-24,28.6
2014-10-25,13.52
2014-10-26,15.08
2014-10-27,35.36
2014-10-28,36.4
2014-10-29,52.0
2014-10-30,43.68
2014-10-31,35.36
2014-11-01,13.92
2014-11-02,16.32
2014-11-03,28.32
2014-11-04,25.919999999999998
2014-11-05,28.32
2014-11-06,24.48
2014-11-07,33.6
2014-11-08,13.44
2014-11-09,13.44
2014-11-10,48.0
2014-11-11,25.439999999999998
2014-11-12,32.64
2014-11-13,34.56
2014-11-14,24.48
2014-11-15,15.84
2014-11-16,20.64
2014-11-17,27.36
2014-11-18,31.2
2014-11-19,25.919999999999998
2014-11-20,29.279999999999998
2014-11-21,32.16
2014-11-22,15.84
2014-11-23,20.16
2014-11-24,34.56
2014-11-25,31.68
2014-11-26,22.08
2014-11-27,6.72
2014-11-28,13.92
2014-11-29,12.0
2014-11-30,16.32
2014-12-01,28.560000000000002
2014-12-02,46.410000000000004
2014-12-03,48.96
2014-12-04,38.76
2014-12-05,38.76
2014-12-06,20.91
2014-12-07,18.87
2014-12-08,38.25
2014-12-09,51.0
2014-12-10,38.25
2014-12-11,35.7
2014-12-12,31.62
2014-12-13,13.26
2014-12-14,17.85
2014-12-15,28.560000000000002
2014-12-16,37.230000000000004
2014-12-17,42.33
2014-12-18,31.62
2014-12-19,26.52
2014-12-20,12.75
2014-12-21,12.75
2014-12-22,20.91
2014-12-23,10.71
2014-12-24,13.26
2014-12-25,5.61
2014-12-26,15.3
2014-12-27,12.75
2014-12-28,9.69
2014-12-29,19.89
2014-12-30,20.4
2014-12-31,22.95
2015-01-01,7.199999999999999
2015-01-02,14.399999999999999
2015-01-03,12.0
2015-01-04,8.64
2015-01-05,25.439999999999998
2015-01-06,21.119999999999997
2015-01-07,28.32
2015-01-08,29.279999999999998
2015-01-09,27.84
2015-01-10,16.8
2015-01-11,12.0
2015-01-12,25.439999999999998
2015-01-13,26.4
2015-01-14,48.0
2015-01-15,31.68
2015-01-16,26.88
2015-01-17,12.959999999999999
2015-01-18,12.959999999999999
2015-01-19,14.399999999999999
2015-01-20,24.96
2015-01-21,28.32
2015-01-22,30.72
2015-01-23,23.52
2015-01-24,11.04
2015-01-25,12.959999999999999
2015-01-26,24.96
2015-01-27,24.0
2015-01-28,34.08
2015-01-29,32.64
2015-01-30,22.56
2015-01-31,8.64
2015-02-01,22.05
2015-02-02,30.87
2015-02-03,27.439999999999998
2015-02-04,44.589999999999996
2015-02-05,36.26
2015-02-06,39.2
2015-02-07,16.169999999999998
2015-02-08,17.64
2015-02-09,38.71
2015-02-10,49.0
2015-02-11,39.2
2015-02-12,37.73
2015-02-13,31.849999999999998
2015-02-14,17.15
2015-02-15,15.68
2015-02-16,25.48
2015-02-17,37.73
2015-02-18,44.1
2015-02-19,41.65
2015-02-20,35.28
2015-02-21,36.26
2015-02-22,35.769999999999996
2015-02-23,47.04
2015-02-24,44.589999999999996
2015-02-25,48.51
2015-02-26,36.75
2015-02-27,36.75
2015-02-28,17.15
2015-03-01,20.67
2015-03-02,26.5
2015-03-03,29.68
2015-03-04,30.740000000000002
2015-03-05,32.33
2015-03-06,27.560000000000002
2015-03-07,14.31
2015-03-08,20.14
2015-03-09,26.5
2015-03-10,27.560000000000002
2015-03-11,36.57
2015-03-12,24.380000000000003
2015-03-13,27.560000000000002
2015-03-14,12.72
2015-03-15,12.72
2015-03-16,31.270000000000003
2015-03-17,34.45
2015-03-18,53.0
2015-03-19,36.57
2015-03-20,24.91
2015-03-21,13.780000000000001
2015-03-22,16.43
2015-03-23,39.22
2015-03-24,33.92
2015-03-25,22.26
2015-03-26,32.86
2015-03-27,28.09
2015-03-28,14.84
2015-03-29,13.780000000000001
2015-03-30,25.970000000000002
2015-03-31,40.28
2015-04-01,50.739999999999995
2015-04-02,43.07
2015-04-03,39.53
2015-04-04,23.009999999999998
2015-04-05,20.65
2015-04-06,37.76
2015-04-07,40.71
2015-04-08,43.07
2015-04-09,51.919999999999995
2015-04-10,40.71
2015-04-11,20.65
2015-04-12,33.04
2015-04-13,50.739999999999995
2015-04-14,41.3
2015-04-15,47.199999999999996
2015-04-16,46.61
2015-04-17,38.35
2015-04-18,22.419999999999998
2015-04-19,27.729999999999997
2015-04-20,48.97
2015-04-21,54.279999999999994
2015-04-22,57.23
2015-04-23,41.3
2015-04-24,44.25
2015-04-25,23.599999999999998
2015-04-26,24.779999999999998
2015-04-27,46.61
2015-04-28,53.099999999999994
2015-04-29,59.0
2015-04-30,53.69
2015-05-01,44.2
2015-05-02,15.600000000000001
2015-05-03,20.28
2015-05-04,37.96
2015-05-05,43.68
2015-05-06,39.0
2015-05-07,47.32
2015-05-08,42.120000000000005
2015-05-09,24.44
2015-05-10,26.0
2015-05-11,36.4
2015-05-12,47.84
2015-05-13,36.4
2015-05-14,52.0
2015-05-15,30.68
2015-05-16,13.52
2015-05-17,17.16
2015-05-18,39.0
2015-05-19,41.08
2015-05-20,37.96
2015-05-21,28.6
2015-05-22,33.28
2015-05-23,25.48
2015-05-24,7.800000000000001
2015-05-25,15.08
2015-05-26,36.4
2015-05-27,23.400000000000002
2015-05-28,36.92
2015-05-29,27.560000000000002
2015-05-30,3.64
2015-05-31,21.84
2015-06-01,27.6
2015-06-02,30.360000000000003
2015-06-03,33.58
2015-06-04,34.5
2015-06-05,34.5
2015-06-06,16.560000000000002
2015-06-07,12.88
2015-06-08,28.52
2015-06-09,29.44
2015-06-10,29.900000000000002
2015-06-11,33.58
2015-06-12,25.3
2015-06-13,16.560000000000002
2015-06-14,12.42
2015-06-15,21.16
2015-06-16,34.04
2015-06-17,46.0
2015-06-18,34.04
2015-06-19,26.220000000000002
2015-06-20,11.96
2015-06-21,10.58
2015-06-22,27.6
2015-06-23,35.88
2015-06-24,30.82
2015-06-25,33.58
2015-06-26,27.6
2015-06-27,13.8
2015-06-28,12.88
2015-06-29,38.64
2015-06-30,42.32
2015-07-01,32.8
2015-07-02,41.0
2015-07-03,24.599999999999998
2015-07-04,17.22
2015-07-05,19.27
2015-07-06,29.52
2015-07-07,28.7
2015-07-08,34.85
2015-07-09,32.39
2015-07-10,31.159999999999997
2015-07-11,18.04
2015-07-12,13.53
2015-07-13,22.959999999999997
2015-07-14,26.24
2015-07-15,31.569999999999997
2015-07-16,34.03
2015-07-17,27.47
2015-07-18,15.989999999999998
2015-07-19,21.32
2015-07-20,34.03
2015-07-21,25.419999999999998
2015-07-22,26.24
2015-07-23,33.21
2015-07-24,21.73
2015-07-25,13.94
2015-07-26,17.63
2015-07-27,32.39
2015-07-28,31.159999999999997
2015-07-29,38.129999999999995
2015-07-30,32.8
2015-07-31,22.959999999999997
2015-08-01,19.89
2015-08-02,21.84
2015-08-03,34.71
2015-08-04,30.42
2015-08-05,34.32
2015-08-06,34.32
2015-08-07,28.86
2015-08-08,17.94
2015-08-09,13.26
2015-08-10,33.93
2015-08-11,27.3
2015-08-12,29.25
2015-08-13,30.03
2015-08-14,25.740000000000002
2015-08-15,8.97
2015-08-16,15.600000000000001
2015-08-17,26.52
2015-08-18,33.93
2015-08-19,28.470000000000002
2015-08-20,24.57
2015-08-21,22.23
2015-08-22,12.09
2015-08-23,13.26
2015-08-24,39.0
2015-08-25,34.71
2015-08-26,34.32
2015-08-27,32.370000000000005
2015-08-28,35.1
2015-08-29,19.89
2015-08-30,15.99
2015-08-31,37.050000000000004
2015-09-01,10.2
2015-09-02,15.0
2015-09-03,10.2
2015-09-04,10.2
2015-09-05,6.6
2015-09-06,6.6
2015-09-07,8.4
2015-09-08,12.0
2015-09-09,16.2
2015-09-10,13.799999999999999
2015-09-11,14.399999999999999
2015-09-12,6.6
2015-09-13,7.8
2015-09-14,17.4
2015-09-15,23.4
2015-09-16,34.199999999999996
2015-09-17,60.0
2015-09-18,20.4
2015-09-19,11.4
2015-09-20,8.4
2015-09-21,13.2
2015-09-22,18.0
2015-09-23,12.6
2015-09-24,14.399999999999999
2015-09-25,15.6
2015-09-26,6.0
2015-09-27,6.0
2015-09-28,13.2
2015-09-29,15.6
2015-09-30,17.4
2015-10-01,33.92
2015-10-02,29.68
2015-10-03,14.31
2015-10-04,13.25
2015-10-05,39.75
2015-10-06,36.04
2015-10-07,42.400000000000006
2015-10-08,38.690000000000005
2015-10-09,28.62
2015-10-10,14.31
2015-10-11,17.490000000000002
2015-10-12,37.1
2015-10-13,40.28
2015-10-14,43.46
2015-10-15,40.28
2015-10-16,30.21
2015-10-17,15.9
2015-10-18,20.14
2015-10-19,37.63
2015-10-20,37.1
2015-10-21,37.1
2015-10-22,39.22
2015-10-23,36.04
2015-10-24,23.32
2015-10-25,22.790000000000003
2015-10-26,43.46
2015-10-27,39.22
2015-10-28,53.0
2015-10-29,45.580000000000005
2015-10-30,31.8
2015-10-31,12.190000000000001
2015-11-01,22.96
2015-11-02,37.52
2015-11-03,46.480000000000004
2015-11-04,48.720000000000006
2015-11-05,55.440000000000005
2015-11-06,49.28
2015-11-07,10.64
2015-11-08,24.080000000000002
2015-11-09,40.32000000000001
2015-11-10,49.28
2015-11-11,45.36000000000001
2015-11-12,56.00000000000001
2015-11-13,40.32000000000001
2015-11-14,12.88
2015-11-15,24.64
2015-11-16,44.24
2015-11-17,49.28
2015-11-18,49.28
2015-11-19,52.64000000000001
2015-11-20,42.56
2015-11-21,22.96
2015-11-22,21.28
2015-11-23,45.92
2015-11-24,40.32000000000001
2015-11-25,32.480000000000004
2015-11-26,15.680000000000001
2015-11-27,22.96
2015-11-28,21.840000000000003
2015-11-29,22.400000000000002
2015-11-30,42.00000000000001
2015-12-01,24.32
2015-12-02,23.04
2015-12-03,21.12
2015-12-04,30.080000000000002
2015-12-05,10.88
2015-12-06,12.16
2015-12-07,24.32
2015-12-08,21.76
2015-12-09,24.32
2015-12-10,23.04
2015-12-11,17.92
2015-12-12,9.6
2015-12-13,8.96
2015-12-14,18.56
2015-12-15,26.240000000000002
2015-12-16,64.0
2015-12-17,28.16
2015-12-18,21.76
2015-12-19,8.32
2015-12-20,4.48
2015-12-21,11.52
2015-12-22,15.36
2015-12-23,9.6
2015-12-24,9.6
2015-12-25,8.32
2015-12-26,4.48
2015-12-27,6.4
2015-12-28,10.88
2015-12-29,11.52
2015-12-30,10.88
2015-12-31,10.24
2016-01-01,14.4
2016-01-02,13.5
2016-01-03,13.950000000000001
2016-01-04,30.6
2016-01-05,31.5
2016-01-06,34.65
2016-01-07,31.95
2016-01-08,26.1
2016-01-09,15.3
2016-01-10,9.9
2016-01-11,26.55
2016-01-12,35.550000000000004
2016-01-13,35.1
2016-01-14,37.35
2016-01-15,28.35
2016-01-16,14.85
2016-01-17,15.3
2016-01-18,21.6
2016-01-19,34.65
2016-01-20,31.95
2016-01-21,29.25
2016-01-22,22.05
2016-01-23,15.75
2016-01-24,11.700000000000001
2016-01-25,27.45
2016-01-26,25.2
2016-01-27,45.0
2016-01-28,40.5
2016-01-29,27.0
2016-01-30,21.6
2016-01-31,17.55
2016-02-01,44.37
2016-02-02,35.7
2016-02-03,41.82
2016-02-04,43.35
2016-02-05,29.07
2016-02-06,23.46
2016-02-07,24.990000000000002
2016-02-08,30.09
2016-02-09,42.33
2016-02-10,48.96
2016-02-11,51.0
2016-02-12,46.410000000000004
2016-02-13,25.5
2016-02-14,19.38
2016-02-15,31.11
2016-02-16,39.78
2016-02-17,37.230000000000004
2016-02-18,38.25
2016-02-19,36.21
2016-02-20,17.85
2016-02-21,22.95
2016-02-22,41.82
2016-02-23,43.35
2016-02-24,35.7
2016-02-25,44.37
2016-02-26,50.49
2016-02-27,23.46
2016-02-28,21.42
2016-02-29,34.68
2016-03-01,37.1
2016-03-02,41.34
2016-03-03,38.690000000000005
2016-03-04,33.39
2016-03-05,15.370000000000001
2016-03-06,18.55
2016-03-07,32.86
2016-03-08,33.92
2016-03-09,34.980000000000004
2016-03-10,34.980000000000004
2016-03-11,33.39
2016-03-12,17.490000000000002
2016-03-13,31.8
2016-03-14,37.63
2016-03-15,36.57
2016-03-16,53.0
2016-03-17,40.28
2016-03-18,32.33
2016-03-19,16.96
2016-03-20,19.61
2016-03-21,32.33
2016-03-22,28.09
2016-03-23,46.11
2016-03-24,34.980000000000004
2016-03-25,27.03
2016-03-26,15.9
2016-03-27,23.32
2016-03-28,29.150000000000002
2016-03-29,44.52
2016-03-30,38.690000000000005
2016-03-31,31.270000000000003
2016-04-01,37.17
2016-04-02,19.53
2016-04-03,24.57
2016-04-04,44.73
2016-04-05,45.99
2016-04-06,48.51
2016-04-07,55.44
2016-04-08,39.69
2016-04-09,24.57
2016-04-10,25.2
2016-04-11,54.18
2016-04-12,50.4
2016-04-13,49.14
2016-04-14,48.51
2016-04-15,44.1
2016-04-16,24.57
2016-04-17,25.830000000000002
2016-04-18,59.22
2016-04-19,52.92
2016-04-20,57.96
2016-04-21,55.44
2016-04-22,40.95
2016-04-23,23.31
2016-04-24,30.240000000000002
2016-04-25,56.7
2016-04-26,60.480000000000004
2016-04-27,60.480000000000004
2016-04-28,63.0
2016-04-29,44.1
2016-04-30,24.57
2016-05-01,32.76
2016-05-02,47.84
2016-05-03,45.24
2016-05-04,39.0
2016-05-05,52.0
2016-05-06,43.160000000000004
2016-05-07,22.36
2016-05-08,22.880000000000003
2016-05-09,47.32
2016-05-10,48.88
2016-05-11,50.96
2016-05-12,45.24
2016-05-13,41.08
2016-05-14,20.28
2016-05-15,20.28
2016-05-16,38.480000000000004
2016-05-17,40.56
2016-05-18,50.440000000000005
2016-05-19,41.6
2016-05-20,35.36
2016-05-21,26.0
2016-05-22,19.240000000000002
2016-05-23,37.96
2016-05-24,32.24
2016-05-25,36.4
2016-05-26,33.28
2016-05-27,29.12
2016-05-28,16.12
2016-05-29,14.040000000000001
2016-05-30,18.72
2016-05-31,28.6
2016-06-01,33.21
2016-06-02,40.18
2016-06-03,34.44
2016-06-04,19.68
2016-06-05,18.86
2016-06-06,32.39
2016-06-07,40.18
2016-06-08,29.52
2016-06-09,37.309999999999995
2016-06-10,34.03
2016-06-11,16.4
2016-06-12,16.4
2016-06-13,33.21
2016-06-14,28.7
2016-06-15,41.0
2016-06-16,34.44
2016-06-17,29.52
2016-06-18,15.579999999999998
2016-06-19,12.299999999999999
2016-06-20,25.83
2016-06-21,34.85
2016-06-22,27.88
2016-06-23,36.9
2016-06-24,34.85
2016-06-25,18.86
2016-06-26,20.09
2016-06-27,30.749999999999996
2016-06-28,34.03
2016-06-29,32.39
2016-06-30,26.24
2016-07-01,19.08
2016-07-02,12.24
2016-07-03,15.84
2016-07-04,15.479999999999999
2016-07-05,29.88
2016-07-06,19.8
2016-07-07,20.52
2016-07-08,23.759999999999998
2016-07-09,15.84
2016-07-10,15.84
2016-07-11,20.16
2016-07-12,29.88
2016-07-13,27.0
2016-07-14,21.24
2016-07-15,16.56
2016-07-16,12.959999999999999
2016-07-17,15.84
2016-07-18,22.32
2016-07-19,16.56
2016-07-20,27.0
2016-07-21,25.919999999999998
2016-07-22,22.32
2016-07-23,14.399999999999999
2016-07-24,15.84
2016-07-25,27.72
2016-07-26,27.0
2016-07-27,28.08
2016-07-28,36.0
2016-07-29,26.279999999999998
2016-07-30,16.919999999999998
2016-07-31,12.959999999999999
2016-08-01,21.349999999999998
2016-08-02,21.349999999999998
2016-08-03,20.299999999999997
2016-08-04,27.299999999999997
2016-08-05,17.849999999999998
2016-08-06,12.6
2016-08-07,10.149999999999999
2016-08-08,24.15
2016-08-09,20.65
2016-08-10,28.0
2016-08-11,19.25
2016-08-12,11.899999999999999
2016-08-13,11.549999999999999
2016-08-14,13.649999999999999
2016-08-15,22.4
2016-08-16,18.9
2016-08-17,22.75
2016-08-18,24.849999999999998
2016-08-19,16.099999999999998
2016-08-20,15.749999999999998
2016-08-21,14.7
2016-08-22,18.2
2016-08-23,21.0
2016-08-24,19.95
2016-08-25,35.0
2016-08-26,27.65
2016-08-27,15.049999999999999
2016-08-28,11.899999999999999
2016-08-29,30.799999999999997
2016-08-30,22.75
2016-08-31,24.15
2016-09-01,21.5
2016-09-02,15.48
2016-09-03,5.16
2016-09-04,11.61
2016-09-05,10.75
2016-09-06,18.919999999999998
2016-09-07,19.78
2016-09-08,21.5
2016-09-09,21.5
2016-09-10,8.6
2016-09-11,9.03
2016-09-12,22.36
2016-09-13,28.38
2016-09-14,21.07
2016-09-15,21.07
2016-09-16,15.48
2016-09-17,7.74
2016-09-18,9.459999999999999
2016-09-19,18.919999999999998
2016-09-20,23.22
2016-09-21,43.0
2016-09-22,30.96
2016-09-23,18.919999999999998
2016-09-24,11.18
2016-09-25,11.61
2016-09-26,19.35
2016-09-27,30.099999999999998
2016-09-28,23.65
2016-09-29,19.35
2016-09-30,20.21
2016-10-01,14.26
2016-10-02,16.560000000000002
2016-10-03,28.52
2016-10-04,37.260000000000005
2016-10-05,41.86
2016-10-06,33.120000000000005
2016-10-07,25.76
2016-10-08,22.540000000000003
2016-10-09,14.26
2016-10-10,30.82
2016-10-11,38.18
2016-10-12,31.740000000000002
2016-10-13,32.2
2016-10-14,34.5
2016-10-15,15.64
2016-10-16,14.72
2016-10-17,46.0
2016-10-18,43.24
2016-10-19,32.660000000000004
2016-10-20,34.04
2016-10-21,36.34
2016-10-22,17.48
2016-10-23,17.02
2016-10-24,41.86
2016-10-25,41.4
2016-10-26,31.740000000000002
2016-10-27,44.620000000000005
2016-10-28,23.92
2016-10-29,20.240000000000002
2016-10-30,17.02
2016-10-31,27.14
2016-11-01,40.599999999999994
2016-11-02,42.339999999999996
2016-11-03,42.339999999999996
2016-11-04,38.279999999999994
2016-11-05,18.56
2016-11-06,19.72
2016-11-07,37.699999999999996
2016-11-08,34.8
2016-11-09,40.599999999999994
2016-11-10,49.879999999999995
2016-11-11,37.699999999999996
2016-11-12,23.779999999999998
2016-11-13,24.939999999999998
2016-11-14,46.98
2016-11-15,46.4
2016-11-16,52.199999999999996
2016-11-17,57.99999999999999
2016-11-18,49.3
2016-11-19,21.459999999999997
2016-11-20,26.68
2016-11-21,36.54
2016-11-22,31.9
2016-11-23,26.68
2016-11-24,15.079999999999998
2016-11-25,17.4
2016-11-26,14.499999999999998
2016-11-27,17.98
2016-11-28,38.279999999999994
2016-11-29,57.419999999999995
2016-11-30,51.62
2016-12-01,23.650000000000002
2016-12-02,15.950000000000001
2016-12-03,11.0
2016-12-04,13.750000000000002
2016-12-05,30.250000000000004
2016-12-06,27.500000000000004
2016-12-07,24.200000000000003
2016-12-08,21.450000000000003
2016-12-09,19.25
2016-12-10,12.100000000000001
2016-12-11,11.0
2016-12-12,17.05
2016-12-13,25.85
2016-12-14,55.00000000000001
2016-12-15,34.1
2016-12-16,12.100000000000001
2016-12-17,8.25
2016-12-18,7.700000000000001
2016-12-19,11.55
2016-12-20,13.200000000000001
2016-12-21,9.9
2016-12-22,11.55
2016-12-23,7.15
2016-12-24,4.4
2016-12-25,5.5
2016-12-26,4.4
2016-12-27,10.450000000000001
2016-12-28,8.25
2016-12-29,7.700000000000001
2016-12-30,9.9
2016-12-31,4.95
2017-01-01,12.6
2017-01-02,21.84
2017-01-03,35.699999999999996
2017-01-04,38.22
2017-01-05,30.66
2017-01-06,28.14
2017-01-07,15.12
2017-01-08,18.9
2017-01-09,34.44
2017-01-10,39.059999999999995
2017-01-11,38.22
2017-01-12,42.0
2017-01-13,30.66
2017-01-14,18.06
2017-01-15,19.74
2017-01-16,23.52
2017-01-17,36.96
2017-01-18,33.6
2017-01-19,39.48
2017-01-20,33.6
2017-01-21,18.48
2017-01-22,23.099999999999998
2017-01-23,34.44
2017-01-24,34.86
2017-01-25,36.12
2017-01-26,32.76
2017-01-27,31.919999999999998
2017-01-28,13.86
2017-01-29,23.939999999999998
2017-01-30,26.88
2017-01-31,39.9
2017-02-01,43.239999999999995
2017-02-02,41.83
2017-02-03,40.89
2017-02-04,17.86
2017-02-05,25.38
2017-02-06,37.129999999999995
2017-02-07,41.36
2017-02-08,42.3
2017-02-09,37.129999999999995
2017-02-10,32.9
2017-02-11,18.33
2017-02-12,21.619999999999997
2017-02-13,45.12
2017-02-14,47.0
2017-02-15,43.239999999999995
2017-02-16,43.71
2017-02-17,34.78
2017-02-18,17.39
2017-02-19,20.68
2017-02-20,27.729999999999997
2017-02-21,39.01
2017-02-22,43.71
2017-02-23,40.419999999999995
2017-02-24,38.07
2017-02-25,19.74
2017-02-26,25.38
2017-02-27,38.07
2017-02-28,45.12
2017-03-01,24.96
2017-03-02,23.92
2017-03-03,28.080000000000002
2017-03-04,13.0
2017-03-05,17.68
2017-03-06,23.400000000000002
2017-03-07,23.400000000000002
2017-03-08,30.16
2017-03-09,28.6
2017-03-10,21.84
2017-03-11,12.48
2017-03-12,12.48
2017-03-13,27.04
2017-03-14,28.080000000000002
2017-03-15,52.0
2017-03-16,33.800000000000004
2017-03-17,23.400000000000002
2017-03-18,9.88
2017-03-19,12.48
2017-03-20,28.6
2017-03-21,27.04
2017-03-22,25.48
2017-03-23,21.32
2017-03-24,21.32
2017-03-25,10.92
2017-03-26,13.52
2017-03-27,25.48
2017-03-28,30.68
2017-03-29,25.48
2017-03-30,23.92
2017-03-31,21.84
2017-04-01,13.52
2017-04-02,23.400000000000002
2017-04-03,44.2
2017-04-04,50.440000000000005
2017-04-05,52.0
2017-04-06,50.96
2017-04-07,31.200000000000003
2017-04-08,22.36
2017-04-09,20.8
2017-04-10,33.800000000000004
2017-04-11,43.160000000000004
2017-04-12,40.56
2017-04-13,41.08
2017-04-14,30.16
2017-04-15,16.64
2017-04-16,21.84
2017-04-17,38.480000000000004
2017-04-18,47.32
2017-04-19,44.72
2017-04-20,46.800000000000004
2017-04-21,36.92
2017-04-22,24.44
2017-04-23,16.64
2017-04-24,51.480000000000004
2017-04-25,46.28
2017-04-26,40.04
2017-04-27,43.68
2017-04-28,37.96
2017-04-29,15.08
2017-04-30,23.400000000000002
2017-05-01,40.95
2017-05-02,41.85
2017-05-03,45.0
2017-05-04,35.550000000000004
2017-05-05,36.45
2017-05-06,18.0
2017-05-07,19.8
2017-05-08,34.2
2017-05-09,32.4
2017-05-10,32.4
2017-05-11,29.25
2017-05-12,28.8
2017-05-13,9.0
2017-05-14,15.75
2017-05-15,29.7
2017-05-16,24.3
2017-05-17,27.900000000000002
2017-05-18,27.45
2017-05-19,28.35
2017-05-20,10.35
2017-05-21,13.05
2017-05-22,25.2
2017-05-23,30.6
2017-05-24,30.150000000000002
2017-05-25,24.3
2017-05-26,17.55
2017-05-27,10.35
2017-05-28,11.25
2017-05-29,11.25
2017-05-30,24.3
2017-05-31,26.1
2017-06-01,18.36
2017-06-02,16.919999999999998
2017-06-03,12.24
2017-06-04,11.16
2017-06-05,16.2
2017-06-06,15.12
2017-06-07,18.0
2017-06-08,15.84
2017-06-09,14.76
2017-06-10,6.12
2017-06-11,11.16
2017-06-12,15.84
2017-06-13,18.36
2017-06-14,36.0
2017-06-15,23.4
2017-06-16,15.84
2017-06-17,10.44
2017-06-18,5.04
2017-06-19,17.64
2017-06-20,15.479999999999999
2017-06-21,13.68
2017-06-22,18.0
2017-06-23,14.76
2017-06-24,6.4799999999999995
2017-06-25,9.0
2017-06-26,18.0
2017-06-27,15.12
2017-06-28,17.64
2017-06-29,18.72
2017-06-30,12.959999999999999
2017-07-01,11.0
2017-07-02,11.44
2017-07-03,12.32
2017-07-04,9.24
2017-07-05,22.88
2017-07-06,22.0
2017-07-07,21.56
2017-07-08,13.2
2017-07-09,12.32
2017-07-10,20.24
2017-07-11,27.28
2017-07-12,34.32
2017-07-13,29.04
2017-07-14,25.52
2017-07-15,14.52
2017-07-16,22.0
2017-07-17,27.28
2017-07-18,22.0
2017-07-19,25.52
2017-07-20,24.2
2017-07-21,30.36
2017-07-22,26.4
2017-07-23,21.12
2017-07-24,44.0
2017-07-25,32.56
2017-07-26,35.64
2017-07-27,28.6
2017-07-28,25.96
2017-07-29,24.2
2017-07-30,14.96
2017-07-31,21.12
2017-08-01,28.86
2017-08-02,34.32
2017-08-03,29.25
2017-08-04,33.93
2017-08-05,15.99
2017-08-06,16.77
2017-08-07,27.69
2017-08-08,23.79
2017-08-09,28.86
2017-08-10,31.200000000000003
2017-08-11,39.0
2017-08-12,24.96
2017-08-13,20.28
2017-08-14,24.18
2017-08-15,31.59
2017-08-16,30.03
2017-08-17,27.69
2017-08-18,17.16
2017-08-19,13.65
2017-08-20,17.55
2017-08-21,19.5
2017-08-22,28.080000000000002
2017-08-23,29.25
2017-08-24,27.69
2017-08-25,23.79
2017-08-26,16.38
2017-08-27,19.89
2017-08-28,30.810000000000002
2017-08-29,26.91
2017-08-30,38.61
2017-08-31,33.54
2017-09-01,19.27
2017-09-02,9.84
2017-09-03,10.66
2017-09-04,16.81
2017-09-05,20.5
2017-09-06,28.29
2017-09-07,23.369999999999997
2017-09-08,20.5
2017-09-09,12.299999999999999
2017-09-10,7.789999999999999
2017-09-11,15.579999999999998
2017-09-12,22.959999999999997
2017-09-13,25.419999999999998
2017-09-14,21.32
2017-09-15,22.139999999999997
2017-09-16,12.299999999999999
2017-09-17,10.66
2017-09-18,29.52
2017-09-19,27.88
2017-09-20,41.0
2017-09-21,31.159999999999997
2017-09-22,24.189999999999998
2017-09-23,12.709999999999999
2017-09-24,13.94
2017-09-25,25.83
2017-09-26,26.24
2017-09-27,22.549999999999997
2017-09-28,25.009999999999998
2017-09-29,24.189999999999998
2017-09-30,9.84
2017-10-01,16.72
2017-10-02,32.56
2017-10-03,33.0
2017-10-04,34.32
2017-10-05,31.24
2017-10-06,26.84
2017-10-07,14.52
2017-10-08,20.68
2017-10-09,35.64
2017-10-10,36.08
2017-10-11,39.160000000000004
2017-10-12,35.64
2017-10-13,32.12
2017-10-14,14.96
2017-10-15,14.08
2017-10-16,35.2
2017-10-17,37.4
2017-10-18,39.6
2017-10-19,35.2
2017-10-20,33.44
2017-10-21,14.96
2017-10-22,14.52
2017-10-23,40.92
2017-10-24,44.0
2017-10-25,33.88
2017-10-26,43.56
2017-10-27,43.12
2017-10-28,17.6
2017-10-29,18.48
2017-10-30,40.04
2017-10-31,43.12
2017-11-01,42.00000000000001
2017-11-02,56.00000000000001
2017-11-03,49.84
2017-11-04,16.8
2017-11-05,19.6
2017-11-06,42.00000000000001
2017-11-07,44.800000000000004
2017-11-08,35.28
2017-11-09,38.080000000000005
2017-11-10,33.040000000000006
2017-11-11,10.64
2017-11-12,16.8
2017-11-13,37.52
2017-11-14,33.6
2017-11-15,41.440000000000005
2017-11-16,35.28
2017-11-17,29.680000000000003
2017-11-18,19.040000000000003
2017-11-19,16.240000000000002
2017-11-20,42.00000000000001
2017-11-21,30.240000000000002
2017-11-22,19.6
2017-11-23,16.240000000000002
2017-11-24,14.000000000000002
2017-11-25,13.440000000000001
2017-11-26,16.8
2017-11-27,33.040000000000006
2017-11-28,38.64
2017-11-29,45.92
2017-11-30,45.92
2017-12-01,29.7
2017-12-02,17.1
2017-12-03,20.7
2017-12-04,41.4
2017-12-05,37.800000000000004
2017-12-06,32.4
2017-12-07,39.15
2017-12-08,31.5
2017-12-09,13.950000000000001
2017-12-10,18.900000000000002
2017-12-11,34.65
2017-12-12,38.25
2017-12-13,45.0
2017-12-14,44.1
2017-12-15,27.900000000000002
2017-12-16,10.8
2017-12-17,17.55
2017-12-18,28.35
2017-12-19,27.0
2017-12-20,25.650000000000002
2017-12-21,22.95
2017-12-22,14.85
2017-12-23,11.700000000000001
2017-12-24,9.9
2017-12-25,10.35
2017-12-26,12.6
2017-12-27,13.05
2017-12-28,9.0
2017-12-29,16.2
2017-12-30,9.0
2017-12-31,11.25
2018-01-01,9.5
2018-01-02,21.66
2018-01-03,21.28
2018-01-04,24.32
2018-01-05,22.8
2018-01-06,14.44
2018-01-07,12.16
2018-01-08,22.04
2018-01-09,26.6
2018-01-10,30.4
2018-01-11,31.92
2018-01-12,29.26
2018-01-13,14.44
2018-01-14,15.96
2018-01-15,18.62
2018-01-16,23.94
2018-01-17,29.64
2018-01-18,33.82
2018-01-19,28.12
2018-01-20,19.76
2018-01-21,14.82
2018-01-22,38.0
2018-01-23,25.080000000000002
2018-01-24,30.4
2018-01-25,33.06
2018-01-26,19.0
2018-01-27,11.78
2018-01-28,16.72
2018-01-29,29.26
2018-01-30,28.12
2018-01-31,31.16
2018-02-01,35.769999999999996
2018-02-02,40.67
2018-02-03,30.87
2018-02-04,19.6
2018-02-05,44.1
2018-02-06,49.0
2018-02-07,33.81
2018-02-08,36.75
2018-02-09,39.69
2018-02-10,23.52
2018-02-11,16.169999999999998
2018-02-12,31.849999999999998
2018-02-13,37.24
2018-02-14,31.849999999999998
2018-02-15,35.28
2018-02-16,38.71
2018-02-17,17.15
2018-02-18,18.13
2018-02-19,24.99
2018-02-20,32.83
2018-02-21,38.22
2018-02-22,35.28
2018-02-23,25.48
2018-02-24,13.719999999999999
2018-02-25,17.15
2018-02-26,30.38
2018-02-27,44.589999999999996
2018-02-28,36.26
2018-03-01,31.2
2018-03-02,20.16
2018-03-03,10.08
2018-03-04,14.879999999999999
2018-03-05,29.759999999999998
2018-03-06,28.799999999999997
2018-03-07,29.279999999999998
2018-03-08,29.759999999999998
2018-03-09,28.32
2018-03-10,15.84
2018-03-11,16.32
2018-03-12,24.48
2018-03-13,29.279999999999998
2018-03-14,28.32
2018-03-15,30.72
2018-03-16,27.36
2018-03-17,9.6
2018-03-18,12.959999999999999
2018-03-19,24.96
2018-03-20,37.44
2018-03-21,48.0
2018-03-22,42.239999999999995
2018-03-23,27.84
2018-03-24,14.399999999999999
2018-03-25,12.48
2018-03-26,29.759999999999998
2018-03-27,29.759999999999998
2018-03-28,33.12
2018-03-29,32.64
2018-03-30,18.72
2018-03-31,13.92
2018-04-01,12.48
2018-04-02,35.88
2018-04-03,35.36
2018-04-04,34.84
2018-04-05,31.720000000000002
2018-04-06,35.36
2018-04-07,16.12
2018-04-08,20.28
2018-04-09,35.88
2018-04-10,34.32
2018-04-11,40.04
2018-04-12,39.0
2018-04-13,34.84
2018-04-14,15.600000000000001
2018-04-15,24.44
2018-04-16,45.24
2018-04-17,47.84
2018-04-18,46.800000000000004
2018-04-19,46.800000000000004
2018-04-20,38.480000000000004
2018-04-21,19.76
2018-04-22,19.76
2018-04-23,52.0
2018-04-24,44.2
2018-04-25,40.56
2018-04-26,41.6
2018-04-27,40.04
2018-04-28,18.2
2018-04-29,22.36
2018-04-30,43.68
2018-05-01,38.72
2018-05-02,44.0
2018-05-03,31.68
2018-05-04,27.28
2018-05-05,15.4
2018-05-06,18.48
2018-05-07,31.24
2018-05-08,34.76
2018-05-09,27.72
2018-05-10,29.48
2018-05-11,27.28
2018-05-12,13.2
2018-05-13,10.12
2018-05-14,31.24
2018-05-15,30.8
2018-05-16,25.080000000000002
2018-05-17,32.12
2018-05-18,22.0
2018-05-19,11.0
2018-05-20,11.44
2018-05-21,24.2
2018-05-22,21.56
2018-05-23,26.4
2018-05-24,22.44
2018-05-25,17.16
2018-05-26,10.56
2018-05-27,10.56
2018-05-28,11.44
2018-05-29,18.04
2018-05-30,22.0
2018-05-31,25.52
2018-06-01,12.920000000000002
2018-06-02,6.460000000000001
2018-06-03,4.42
2018-06-04,13.260000000000002
2018-06-05,11.56
2018-06-06,13.940000000000001
2018-06-07,13.940000000000001
2018-06-08,10.540000000000001
2018-06-09,6.800000000000001
2018-06-10,8.5
2018-06-11,15.64
2018-06-12,15.3
2018-06-13,34.0
2018-06-14,20.060000000000002
2018-06-15,11.9
2018-06-16,8.16
2018-06-17,5.44
2018-06-18,11.56
2018-06-19,13.600000000000001
2018-06-20,12.58
2018-06-21,12.58
2018-06-22,10.200000000000001
2018-06-23,6.12
2018-06-24,6.460000000000001
2018-06-25,8.84
2018-06-26,10.200000000000001
2018-06-27,8.5
2018-06-28,13.940000000000001
2018-06-29,11.56
2018-06-30,5.44
2018-07-01,10.5
2018-07-02,19.8
2018-07-03,18.599999999999998
2018-07-04,11.4
2018-07-05,18.9
2018-07-06,17.099999999999998
2018-07-07,12.0
2018-07-08,11.4
2018-07-09,16.5
2018-07-10,19.2
2018-07-11,18.599999999999998
2018-07-12,22.2
2018-07-13,20.099999999999998
2018-07-14,9.0
2018-07-15,11.7
2018-07-16,21.599999999999998
2018-07-17,26.099999999999998
2018-07-18,20.7
2018-07-19,30.0
2018-07-20,29.099999999999998
2018-07-21,15.6
2018-07-22,15.299999999999999
2018-07-23,22.5
2018-07-24,27.0
2018-07-25,23.4
2018-07-26,23.7
2018-07-27,19.8
2018-07-28,12.299999999999999
2018-07-29,13.799999999999999
2018-07-30,19.5
2018-07-31,26.099999999999998
2018-08-01,23.87
2018-08-02,21.7
2018-08-03,19.22
2018-08-04,12.709999999999999
2018-08-05,15.19
2018-08-06,18.91
2018-08-07,22.01
2018-08-08,20.15
2018-08-09,22.94
2018-08-10,23.25
2018-08-11,15.19
2018-08-12,9.92
2018-08-13,27.59
2018-08-14,28.52
2018-08-15,19.53
2018-08-16,22.32
2018-08-17,19.22
2018-08-18,16.12
2018-08-19,11.78
2018-08-20,23.56
2018-08-21,20.46
2018-08-22,31.0
2018-08-23,30.07
2018-08-24,22.32
2018-08-25,12.709999999999999
2018-08-26,12.709999999999999
2018-08-27,22.94
2018-08-28,24.8
2018-08-29,24.49
2018-08-30,19.84
2018-08-31,19.84
2018-09-01,6.84
2018-09-02,7.56
2018-09-03,7.56
2018-09-04,14.04
2018-09-05,13.32
2018-09-06,12.24
2018-09-07,11.52
2018-09-08,8.64
2018-09-09,8.28
2018-09-10,14.04
2018-09-11,14.399999999999999
2018-09-12,16.2
2018-09-13,14.04
2018-09-14,12.959999999999999
2018-09-15,7.199999999999999
2018-09-16,9.36
2018-09-17,15.479999999999999
2018-09-18,16.56
2018-09-19,18.0
2018-09-20,14.04
2018-09-21,11.879999999999999
2018-09-22,7.56
2018-09-23,11.16
2018-09-24,16.919999999999998
2018-09-25,20.88
2018-09-26,36.0
2018-09-27,22.32
2018-09-28,17.64
2018-09-29,6.84
2018-09-30,9.36
2018-10-01,24.48
2018-10-02,32.64
2018-10-03,33.15
2018-10-04,24.990000000000002
2018-10-05,22.95
2018-10-06,15.81
2018-10-07,9.18
2018-10-08,23.46
2018-10-09,28.05
2018-10-10,36.72
2018-10-11,51.0
2018-10-12,34.17
2018-10-13,18.36
2018-10-14,17.34
2018-10-15,29.580000000000002
2018-10-16,33.660000000000004
2018-10-17,34.17
2018-10-18,28.560000000000002
2018-10-19,27.54
2018-10-20,11.73
2018-10-21,15.3
2018-10-22,26.52
2018-10-23,31.11
2018-10-24,38.25
2018-10-25,34.68
2018-10-26,29.07
2018-10-27,12.75
2018-10-28,10.71
2018-10-29,34.68
2018-10-30,31.62
2018-10-31,29.580000000000002
2018-11-01,33.15
2018-11-02,21.42
2018-11-03,12.75
2018-11-04,16.830000000000002
2018-11-05,34.17
2018-11-06,32.64
2018-11-07,31.11
2018-11-08,38.76
2018-11-09,38.25
2018-11-10,20.91
2018-11-11,14.280000000000001
2018-11-12,33.15
2018-11-13,38.25
2018-11-14,36.21
2018-11-15,34.68
2018-11-16,28.05
2018-11-17,15.81
2018-11-18,21.42
2018-11-19,31.11
2018-11-20,25.5
2018-11-21,23.46
2018-11-22,9.69
2018-11-23,16.32
2018-11-24,13.77
2018-11-25,16.830000000000002
2018-11-26,31.62
2018-11-27,34.68
2018-11-28,51.0
2018-11-29,51.0
2018-11-30,36.72
2018-12-01,11.39
2018-12-02,15.41
2018-12-03,38.190000000000005
2018-12-04,38.190000000000005
2018-12-05,30.150000000000002
2018-12-06,31.490000000000002
2018-12-07,24.790000000000003
2018-12-08,10.72
2018-12-09,16.080000000000002
2018-12-10,24.12
2018-12-11,27.470000000000002
2018-12-12,28.810000000000002
2018-12-13,24.790000000000003
2018-12-14,23.450000000000003
2018-12-15,10.05
2018-12-16,8.040000000000001
2018-12-17,30.82
2018-12-18,32.160000000000004
2018-12-19,67.0
2018-12-20,40.2
2018-12-21,27.470000000000002
2018-12-22,22.110000000000003
2018-12-23,19.43
2018-12-24,29.48
2018-12-25,29.48
2018-12-26,28.14
2018-12-27,17.42
2018-12-28,12.06
2018-12-29,11.39
2018-12-30,7.37
2018-12-31,6.03
2019-01-01,11.18
2019-01-02,27.09
2019-01-03,27.09
2019-01-04,36.12
2019-01-05,21.07
2019-01-06,18.49
2019-01-07,33.11
2019-01-08,33.97
2019-01-09,37.41
2019-01-10,40.42
2019-01-11,31.39
2019-01-12,18.49
2019-01-13,15.91
2019-01-14,33.97
2019-01-15,33.97
2019-01-16,35.26
2019-01-17,34.83
2019-01-18,26.66
2019-01-19,18.49
2019-01-20,13.76
2019-01-21,19.78
2019-01-22,32.25
2019-01-23,35.69
2019-01-24,34.83
2019-01-25,39.13
2019-01-26,16.34
2019-01-27,13.33
2019-01-28,31.39
2019-01-29,31.82
2019-01-30,43.0
2019-01-31,38.7
2019-02-01,32.25
2019-02-02,14.62
2019-02-03,20.21
2019-02-04,31.82
2019-02-05,30.53
2019-02-06,30.96
2019-02-07,36.12
2019-02-08,28.38
2019-02-09,10.75
2019-02-10,22.79
2019-02-11,24.94
2019-02-12,33.54
2019-02-13,34.4
2019-02-14,34.4
2019-02-15,28.38
2019-02-16,10.75
2019-02-17,16.34
2019-02-18,19.78
2019-02-19,43.0
2019-02-20,29.669999999999998
2019-02-21,27.95
2019-02-22,29.669999999999998
2019-02-23,23.65
2019-02-24,19.78
2019-02-25,26.23
2019-02-26,33.54
2019-02-27,34.4
2019-02-28,24.94
2019-03-01,25.650000000000002
2019-03-02,10.8
2019-03-03,11.25
2019-03-04,27.45
2019-03-05,28.35
2019-03-06,26.1
2019-03-07,27.900000000000002
2019-03-08,28.35
2019-03-09,12.6
2019-03-10,18.0
2019-03-11,32.85
2019-03-12,26.1
2019-03-13,22.95
2019-03-14,31.05
2019-03-15,20.25
2019-03-16,10.35
2019-03-17,14.4
2019-03-18,28.35
2019-03-19,34.65
2019-03-20,45.0
2019-03-21,35.550000000000004
2019-03-22,29.7
2019-03-23,12.6
2019-03-24,18.900000000000002
2019-03-25,33.75
2019-03-26,33.75
2019-03-27,34.2
2019-03-28,30.150000000000002
2019-03-29,31.05
2019-03-30,15.3
2019-03-31,19.35
2019-04-01,44.82
2019-04-02,36.72
2019-04-03,38.34
2019-04-04,51.300000000000004
2019-04-05,50.220000000000006
2019-04-06,21.6
2019-04-07,19.44
2019-04-08,45.900000000000006
2019-04-09,54.0
2019-04-10,49.68000000000001
2019-04-11,39.42
2019-04-12,38.88
2019-04-13,15.120000000000001
2019-04-14,18.900000000000002
2019-04-15,41.580000000000005
2019-04-16,41.580000000000005
2019-04-17,42.660000000000004
2019-04-18,46.980000000000004
2019-04-19,30.240000000000002
2019-04-20,18.900000000000002
2019-04-21,22.68
2019-04-22,40.5
2019-04-23,41.040000000000006
2019-04-24,49.68000000000001
2019-04-25,37.260000000000005
2019-04-26,35.64
2019-04-27,16.740000000000002
2019-04-28,24.3
2019-04-29,43.74
2019-04-30,49.68000000000001
2019-05-01,41.0
2019-05-02,40.18
2019-05-03,32.39
2019-05-04,15.17
2019-05-05,14.76
2019-05-06,27.47
2019-05-07,26.24
2019-05-08,27.47
2019-05-09,25.419999999999998
2019-05-10,28.29
2019-05-11,10.66
2019-05-12,11.479999999999999
2019-05-13,26.24
2019-05-14,27.06
2019-05-15,22.139999999999997
2019-05-16,23.779999999999998
2019-05-17,20.09
2019-05-18,10.66
2019-05-19,17.63
2019-05-20,21.32
2019-05-21,22.959999999999997
2019-05-22,22.549999999999997
2019-05-23,22.139999999999997
2019-05-24,19.27
2019-05-25,10.25
2019-05-26,5.33
2019-05-27,9.84
2019-05-28,21.73
2019-05-29,21.73
2019-05-30,20.5
2019-05-31,17.22
2019-06-01,6.66
2019-06-02,8.14
2019-06-03,16.28
2019-06-04,18.13
2019-06-05,18.5
2019-06-06,15.17
2019-06-07,14.06
2019-06-08,7.77
2019-06-09,8.879999999999999
2019-06-10,13.32
2019-06-11,14.06
2019-06-12,12.58
2019-06-13,13.32
2019-06-14,12.58
2019-06-15,11.1
2019-06-16,7.03
2019-06-17,15.54
2019-06-18,21.83
2019-06-19,37.0
2019-06-20,22.2
2019-06-21,12.58
2019-06-22,7.77
2019-06-23,12.209999999999999
2019-06-24,15.17
2019-06-25,15.54
2019-06-26,15.17
2019-06-27,17.39
2019-06-28,13.69
2019-06-29,8.51
2019-06-30,10.73
2019-07-01,11.600000000000001
2019-07-02,8.8
2019-07-03,10.4
2019-07-04,5.2
2019-07-05,8.0
2019-07-06,7.6000000000000005
2019-07-07,6.0
2019-07-08,11.200000000000001
2019-07-09,8.4
2019-07-10,16.400000000000002
2019-07-11,12.4
2019-07-12,10.8
2019-07-13,6.0
2019-07-14,8.8
2019-07-15,11.200000000000001
2019-07-16,10.8
2019-07-17,9.600000000000001
2019-07-18,11.200000000000001
2019-07-19,9.200000000000001
2019-07-20,6.0
2019-07-21,7.6000000000000005
2019-07-22,12.0
2019-07-23,9.600000000000001
2019-07-24,8.8
2019-07-25,8.0
2019-07-26,9.200000000000001
2019-07-27,5.2
2019-07-28,7.2
2019-07-29,10.8
2019-07-30,18.0
2019-07-31,40.0
2019-08-01,38.0
2019-08-02,22.42
2019-08-03,15.96
2019-08-04,13.68
2019-08-05,17.1
2019-08-06,28.5
2019-08-07,25.080000000000002
2019-08-08,20.9
2019-08-09,14.44
2019-08-10,12.16
2019-08-11,13.3
2019-08-12,15.58
2019-08-13,18.62
2019-08-14,24.7
2019-08-15,24.32
2019-08-16,18.240000000000002
2019-08-17,11.78
2019-08-18,9.88
2019-08-19,21.28
2019-08-20,20.9
2019-08-21,29.26
2019-08-22,22.8
2019-08-23,34.58
2019-08-24,12.92
2019-08-25,14.44
2019-08-26,17.48
2019-08-27,20.14
2019-08-28,20.9
2019-08-29,21.66
2019-08-30,13.68
2019-08-31,9.88
2019-09-01,6.16
2019-09-02,6.16
2019-09-03,12.32
2019-09-04,11.44
2019-09-05,11.44
2019-09-06,12.32
2019-09-07,7.04
2019-09-08,7.04
2019-09-09,9.68
2019-09-10,12.32
2019-09-11,12.32
2019-09-12,13.2
2019-09-13,10.56
2019-09-14,4.84
2019-09-15,4.84
2019-09-16,12.32
2019-09-17,16.72
2019-09-18,44.0
2019-09-19,25.52
2019-09-20,16.72
2019-09-21,9.68
2019-09-22,8.36
2019-09-23,14.52
2019-09-24,14.52
2019-09-25,12.76
2019-09-26,13.64
2019-09-27,11.88
2019-09-28,7.92
2019-09-29,7.48
2019-09-30,14.96
2019-10-01,19.35
2019-10-02,18.45
2019-10-03,20.25
2019-10-04,16.2
2019-10-05,9.0
2019-10-06,8.55
2019-10-07,20.25
2019-10-08,21.150000000000002
2019-10-09,20.7
2019-10-10,18.900000000000002
2019-10-11,18.45
2019-10-12,9.450000000000001
2019-10-13,9.0
2019-10-14,16.650000000000002
2019-10-15,18.45
2019-10-16,17.55
2019-10-17,19.35
2019-10-18,19.8
2019-10-19,10.35
2019-10-20,9.9
2019-10-21,20.25
2019-10-22,22.95
2019-10-23,25.650000000000002
2019-10-24,18.45
2019-10-25,18.0
2019-10-26,9.0
2019-10-27,11.25
2019-10-28,22.05
2019-10-29,23.400000000000002
2019-10-30,45.0
2019-10-31,32.4
2019-11-01,34.76
2019-11-02,24.2
2019-11-03,17.6
2019-11-04,43.56
2019-11-05,36.96
2019-11-06,34.32
2019-11-07,41.8
2019-11-08,34.32
2019-11-09,19.8
2019-11-10,14.96
2019-11-11,34.32
2019-11-12,31.68
2019-11-13,36.52
2019-11-14,44.0
2019-11-15,37.84
2019-11-16,19.36
2019-11-17,18.48
2019-11-18,43.56
2019-11-19,41.36
2019-11-20,38.72
2019-11-21,41.8
2019-11-22,36.96
2019-11-23,18.48
2019-11-24,19.36
2019-11-25,31.24
2019-11-26,34.32
2019-11-27,22.0
2019-11-28,15.84
2019-11-29,17.16
2019-11-30,17.6
2019-12-01,12.870000000000001
2019-12-02,24.57
2019-12-03,27.3
2019-12-04,22.23
2019-12-05,26.130000000000003
2019-12-06,23.79
2019-12-07,9.36
2019-12-08,16.38
2019-12-09,24.57
2019-12-10,30.42
2019-12-11,32.370000000000005
2019-12-12,29.25
2019-12-13,21.84
2019-12-14,12.48
2019-12-15,8.97
2019-12-16,22.62
2019-12-17,24.57
2019-12-18,26.52
2019-12-19,39.0
2019-12-20,23.400000000000002
2019-12-21,9.36
2019-12-22,7.800000000000001
2019-12-23,12.48
2019-12-24,13.65
2019-12-25,7.0200000000000005
2019-12-26,11.700000000000001
2019-12-27,13.26
2019-12-28,10.530000000000001
2019-12-29,8.58
2019-12-30,11.31
2019-12-31,10.92
2020-01-01,8.399999999999999
2020-01-02,21.349999999999998
2020-01-03,19.25
2020-01-04,8.399999999999999
2020-01-05,13.649999999999999
2020-01-06,22.049999999999997
2020-01-07,24.5
2020-01-08,24.15
2020-01-09,29.4
2020-01-10,24.849999999999998
2020-01-11,16.45
2020-01-12,11.2
2020-01-13,24.849999999999998
2020-01-14,29.4
2020-01-15,25.9
2020-01-16,27.299999999999997
2020-01-17,24.5
2020-01-18,16.799999999999997
2020-01-19,10.149999999999999
2020-01-20,16.45
2020-01-21,25.2
2020-01-22,29.749999999999996
2020-01-23,24.15
2020-01-24,28.7
2020-01-25,11.2
2020-01-26,14.35
2020-01-27,23.099999999999998
2020-01-28,30.799999999999997
2020-01-29,35.0
2020-01-30,27.65
2020-01-31,27.65
2020-02-01,16.400000000000002
2020-02-02,14.8
2020-02-03,30.400000000000002
2020-02-04,30.0
2020-02-05,27.6
2020-02-06,33.2
2020-02-07,32.4
2020-02-08,12.8
2020-02-09,13.600000000000001
2020-02-10,33.6
2020-02-11,37.2
2020-02-12,38.800000000000004
2020-02-13,34.0
2020-02-14,31.200000000000003
2020-02-15,14.4
2020-02-16,20.400000000000002
2020-02-17,24.400000000000002
2020-02-18,34.800000000000004
2020-02-19,39.2
2020-02-20,32.0
2020-02-21,31.6
2020-02-22,17.2
2020-02-23,19.6
2020-02-24,38.0
2020-02-25,32.800000000000004
2020-02-26,32.800000000000004
2020-02-27,40.0
2020-02-28,39.2
2020-02-29,22.400000000000002
2020-03-01,5.0
2020-03-02,11.0
2020-03-03,29.0
2020-03-04,16.0
2020-03-05,13.0
2020-03-06,11.0
2020-03-07,5.0
2020-03-08,6.0
2020-03-09,13.0
2020-03-10,11.0
2020-03-11,13.0
2020-03-12,23.0
2020-03-13,21.0
2020-03-14,16.0
2020-03-15,100.0
2020-03-16,68.0
2020-03-17,20.0
2020-03-18,17.0
2020-03-19,15.0
2020-03-20,12.0
2020-03-21,10.0
2020-03-22,13.0
2020-03-23,26.0
2020-03-24,18.0
2020-03-25,17.0
2020-03-26,19.0
2020-03-27,19.0
2020-03-28,29.0
2020-03-29,19.0
2020-03-30,18.0
2020-03-31,17.0
2020-04-01,48.18
2020-04-02,57.67
2020-04-03,56.94
2020-04-04,36.5
2020-04-05,39.42
2020-04-06,52.56
2020-04-07,58.4
2020-04-08,53.29
2020-04-09,73.0
