Date,Market Timing
2013-04-01,0.0
2013-04-02,13.200000000000001
2013-04-03,0.0
2013-04-04,0.0
2013-04-05,13.600000000000001
2013-04-06,0.0
2013-04-07,32.800000000000004
2013-04-08,13.200000000000001
2013-04-09,12.8
2013-04-10,13.200000000000001
2013-04-11,26.0
2013-04-12,0.0
2013-04-13,16.400000000000002
2013-04-14,0.0
2013-04-15,25.200000000000003
2013-04-16,12.8
2013-04-17,0.0
2013-04-18,12.8
2013-04-19,13.600000000000001
2013-04-20,0.0
2013-04-21,16.8
2013-04-22,26.400000000000002
2013-04-23,12.8
2013-04-24,0.0
2013-04-25,40.0
2013-04-26,28.0
2013-04-27,16.8
2013-04-28,0.0
2013-04-29,13.200000000000001
2013-04-30,13.200000000000001
2013-05-01,26.5
2013-05-02,26.5
2013-05-03,27.560000000000002
2013-05-04,0.0
2013-05-05,0.0
2013-05-06,53.0
2013-05-07,25.970000000000002
2013-05-08,25.970000000000002
2013-05-09,26.5
2013-05-10,0.0
2013-05-11,0.0
2013-05-12,34.980000000000004
2013-05-13,27.03
2013-05-14,26.5
2013-05-15,0.0
2013-05-16,0.0
2013-05-17,28.62
2013-05-18,0.0
2013-05-19,32.86
2013-05-20,52.470000000000006
2013-05-21,0.0
2013-05-22,0.0
2013-05-23,0.0
2013-05-24,28.62
2013-05-25,0.0
2013-05-26,36.57
2013-05-27,33.39
2013-05-28,0.0
2013-05-29,0.0
2013-05-30,27.03
2013-05-31,0.0
2013-06-01,0.0
2013-06-02,0.0
2013-06-03,37.62
2013-06-04,18.81
2013-06-05,19.38
2013-06-06,19.38
2013-06-07,29.069999999999997
2013-06-08,0.0
2013-06-09,0.0
2013-06-10,56.99999999999999
2013-06-11,18.81
2013-06-12,38.76
2013-06-13,19.38
2013-06-14,20.52
2013-06-15,24.509999999999998
2013-06-16,0.0
2013-06-17,29.069999999999997
2013-06-18,0.0
2013-06-19,38.76
2013-06-20,19.38
2013-06-21,0.0
2013-06-22,24.509999999999998
2013-06-23,25.08
2013-06-24,38.19
2013-06-25,19.38
2013-06-26,0.0
2013-06-27,19.38
2013-06-28,19.95
2013-06-29,24.509999999999998
2013-06-30,24.509999999999998
2013-07-01,21.6
2013-07-02,22.14
2013-07-03,0.0
2013-07-04,0.0
2013-07-05,26.46
2013-07-06,27.540000000000003
2013-07-07,27.540000000000003
2013-07-08,22.14
2013-07-09,21.060000000000002
2013-07-10,21.6
2013-07-11,0.0
2013-07-12,44.82
2013-07-13,0.0
2013-07-14,26.46
2013-07-15,0.0
2013-07-16,21.6
2013-07-17,43.2
2013-07-18,32.940000000000005
2013-07-19,0.0
2013-07-20,54.0
2013-07-21,54.0
2013-07-22,21.6
2013-07-23,42.660000000000004
2013-07-24,21.6
2013-07-25,0.0
2013-07-26,0.0
2013-07-27,27.0
2013-07-28,27.0
2013-07-29,0.0
2013-07-30,21.060000000000002
2013-07-31,0.0
2013-08-01,0.0
2013-08-02,0.0
2013-08-03,15.5
2013-08-04,31.0
2013-08-05,12.4
2013-08-06,0.0
2013-08-07,12.4
2013-08-08,12.4
2013-08-09,0.0
2013-08-10,0.0
2013-08-11,15.81
2013-08-12,12.4
2013-08-13,12.09
2013-08-14,25.11
2013-08-15,0.0
2013-08-16,13.02
2013-08-17,0.0
2013-08-18,0.0
2013-08-19,24.49
2013-08-20,12.4
2013-08-21,0.0
2013-08-22,12.4
2013-08-23,0.0
2013-08-24,30.69
2013-08-25,14.879999999999999
2013-08-26,11.78
2013-08-27,23.87
2013-08-28,23.87
2013-08-29,12.09
2013-08-30,12.709999999999999
2013-08-31,0.0
2013-09-01,25.200000000000003
2013-09-02,0.0
2013-09-03,19.6
2013-09-04,19.6
2013-09-05,20.0
2013-09-06,0.0
2013-09-07,0.0
2013-09-08,23.6
2013-09-09,19.6
2013-09-10,0.0
2013-09-11,0.0
2013-09-12,39.6
2013-09-13,20.400000000000002
2013-09-14,24.8
2013-09-15,24.0
2013-09-16,19.200000000000003
2013-09-17,19.6
2013-09-18,0.0
2013-09-19,0.0
2013-09-20,20.8
2013-09-21,24.8
2013-09-22,0.0
2013-09-23,20.0
2013-09-24,20.0
2013-09-25,20.0
2013-09-26,20.400000000000002
2013-09-27,32.0
2013-09-28,0.0
2013-09-29,24.8
2013-09-30,40.0
2013-10-01,23.400000000000002
2013-10-02,0.0
2013-10-03,12.15
2013-10-04,12.6
2013-10-05,15.3
2013-10-06,14.85
2013-10-07,11.700000000000001
2013-10-08,0.0
2013-10-09,24.3
2013-10-10,12.15
2013-10-11,0.0
2013-10-12,0.0
2013-10-13,14.85
2013-10-14,18.45
2013-10-15,12.15
2013-10-16,0.0
2013-10-17,23.85
2013-10-18,0.0
2013-10-19,0.0
2013-10-20,30.150000000000002
2013-10-21,12.15
2013-10-22,23.85
2013-10-23,12.15
2013-10-24,12.15
2013-10-25,12.6
2013-10-26,0.0
2013-10-27,45.0
2013-10-28,0.0
2013-10-29,11.700000000000001
2013-10-30,11.700000000000001
2013-10-31,36.9
2013-11-01,18.04
2013-11-02,20.5
2013-11-03,20.09
2013-11-04,16.4
2013-11-05,32.39
2013-11-06,15.989999999999998
2013-11-07,16.4
2013-11-08,17.22
2013-11-09,20.5
2013-11-10,0.0
2013-11-11,16.4
2013-11-12,0.0
2013-11-13,15.989999999999998
2013-11-14,41.0
2013-11-15,0.0
2013-11-16,0.0
2013-11-17,19.68
2013-11-18,15.989999999999998
2013-11-19,0.0
2013-11-20,31.979999999999997
2013-11-21,15.989999999999998
2013-11-22,16.81
2013-11-23,0.0
2013-11-24,0.0
2013-11-25,15.989999999999998
2013-11-26,0.0
2013-11-27,17.22
2013-11-28,0.0
2013-11-29,19.68
2013-11-30,0.0
2013-12-01,18.799999999999997
2013-12-02,15.51
2013-12-03,47.0
2013-12-04,24.439999999999998
2013-12-05,15.979999999999999
2013-12-06,16.45
2013-12-07,0.0
2013-12-08,0.0
2013-12-09,15.979999999999999
2013-12-10,15.979999999999999
2013-12-11,16.45
2013-12-12,33.37
2013-12-13,16.919999999999998
2013-12-14,20.209999999999997
2013-12-15,0.0
2013-12-16,0.0
2013-12-17,0.0
2013-12-18,0.0
2013-12-19,17.39
2013-12-20,18.33
2013-12-21,21.619999999999997
2013-12-22,21.619999999999997
2013-12-23,0.0
2013-12-24,0.0
2013-12-25,25.38
2013-12-26,0.0
2013-12-27,18.799999999999997
2013-12-28,21.619999999999997
2013-12-29,20.68
2013-12-30,17.86
2013-12-31,0.0
2014-01-01,0.0
2014-01-02,0.0
2014-01-03,32.68
2014-01-04,18.62
2014-01-05,0.0
2014-01-06,15.2
2014-01-07,15.2
2014-01-08,0.0
2014-01-09,15.96
2014-01-10,0.0
2014-01-11,18.62
2014-01-12,38.0
2014-01-13,0.0
2014-01-14,23.18
2014-01-15,31.16
2014-01-16,15.58
2014-01-17,15.96
2014-01-18,19.38
2014-01-19,19.38
2014-01-20,24.32
2014-01-21,14.82
2014-01-22,0.0
2014-01-23,15.2
2014-01-24,15.58
2014-01-25,18.62
2014-01-26,18.62
2014-01-27,0.0
2014-01-28,0.0
2014-01-29,15.2
2014-01-30,0.0
2014-01-31,15.58
2014-02-01,0.0
2014-02-02,25.650000000000002
2014-02-03,31.05
2014-02-04,21.150000000000002
2014-02-05,21.6
2014-02-06,31.95
2014-02-07,25.650000000000002
2014-02-08,0.0
2014-02-09,0.0
2014-02-10,21.150000000000002
2014-02-11,0.0
2014-02-12,21.150000000000002
2014-02-13,21.150000000000002
2014-02-14,22.5
2014-02-15,26.55
2014-02-16,0.0
2014-02-17,45.0
2014-02-18,42.75
2014-02-19,42.75
2014-02-20,21.6
2014-02-21,0.0
2014-02-22,27.0
2014-02-23,0.0
2014-02-24,21.150000000000002
2014-02-25,21.150000000000002
2014-02-26,20.7
2014-02-27,21.150000000000002
2014-02-28,0.0
2014-03-01,24.0
2014-03-02,24.0
2014-03-03,19.0
2014-03-04,29.5
2014-03-05,0.0
2014-03-06,30.0
2014-03-07,20.5
2014-03-08,0.0
2014-03-09,0.0
2014-03-10,20.0
2014-03-11,0.0
2014-03-12,20.0
2014-03-13,0.0
2014-03-14,0.0
2014-03-15,50.0
2014-03-16,0.0
2014-03-17,20.0
2014-03-18,0.0
2014-03-19,20.0
2014-03-20,20.5
2014-03-21,21.0
2014-03-22,25.5
2014-03-23,24.5
2014-03-24,0.0
2014-03-25,19.5
2014-03-26,20.0
2014-03-27,20.5
2014-03-28,0.0
2014-03-29,24.5
2014-03-30,24.5
2014-03-31,30.0
2014-04-01,31.919999999999998
2014-04-02,21.659999999999997
2014-04-03,21.659999999999997
2014-04-04,22.229999999999997
2014-04-05,0.0
2014-04-06,27.36
2014-04-07,0.0
2014-04-08,0.0
2014-04-09,21.659999999999997
2014-04-10,22.229999999999997
2014-04-11,0.0
2014-04-12,56.99999999999999
2014-04-13,0.0
2014-04-14,0.0
2014-04-15,21.09
2014-04-16,21.659999999999997
2014-04-17,22.799999999999997
2014-04-18,36.48
2014-04-19,0.0
2014-04-20,0.0
2014-04-21,45.029999999999994
2014-04-22,0.0
2014-04-23,43.31999999999999
2014-04-24,22.229999999999997
2014-04-25,0.0
2014-04-26,0.0
2014-04-27,27.36
2014-04-28,21.659999999999997
2014-04-29,0.0
2014-04-30,42.74999999999999
2014-05-01,35.6
2014-05-02,18.8
2014-05-03,0.0
2014-05-04,0.0
2014-05-05,17.6
2014-05-06,0.0
2014-05-07,0.0
2014-05-08,18.0
2014-05-09,18.400000000000002
2014-05-10,0.0
2014-05-11,0.0
2014-05-12,0.0
2014-05-13,0.0
2014-05-14,36.0
2014-05-15,0.0
2014-05-16,18.400000000000002
2014-05-17,0.0
2014-05-18,23.200000000000003
2014-05-19,18.0
2014-05-20,27.6
2014-05-21,40.0
2014-05-22,0.0
2014-05-23,0.0
2014-05-24,27.200000000000003
2014-05-25,28.400000000000002
2014-05-26,26.0
2014-05-27,0.0
2014-05-28,20.0
2014-05-29,20.400000000000002
2014-05-30,21.6
2014-05-31,0.0
2014-06-01,0.0
2014-06-02,0.0
2014-06-03,0.0
2014-06-04,38.22
2014-06-05,0.0
2014-06-06,20.28
2014-06-07,0.0
2014-06-08,0.0
2014-06-09,0.0
2014-06-10,0.0
2014-06-11,19.11
2014-06-12,0.0
2014-06-13,0.0
2014-06-14,0.0
2014-06-15,26.130000000000003
2014-06-16,19.5
2014-06-17,0.0
2014-06-18,0.0
2014-06-19,0.0
2014-06-20,0.0
2014-06-21,0.0
2014-06-22,0.0
2014-06-23,0.0
2014-06-24,39.0
2014-06-25,0.0
2014-06-26,0.0
2014-06-27,0.0
2014-06-28,0.0
2014-06-29,0.0
2014-06-30,0.0
2014-07-01,0.0
2014-07-02,52.800000000000004
2014-07-03,18.48
2014-07-04,66.0
2014-07-05,24.42
2014-07-06,0.0
2014-07-07,0.0
2014-07-08,16.5
2014-07-09,0.0
2014-07-10,34.980000000000004
2014-07-11,0.0
2014-07-12,21.12
2014-07-13,0.0
2014-07-14,34.32
2014-07-15,17.16
2014-07-16,34.980000000000004
2014-07-17,17.16
2014-07-18,0.0
2014-07-19,21.78
2014-07-20,0.0
2014-07-21,17.16
2014-07-22,0.0
2014-07-23,17.16
2014-07-24,17.16
2014-07-25,17.82
2014-07-26,21.78
2014-07-27,21.78
2014-07-28,17.16
2014-07-29,33.660000000000004
2014-07-30,0.0
2014-07-31,25.740000000000002
2014-08-01,20.4
2014-08-02,24.599999999999998
2014-08-03,0.0
2014-08-04,19.8
2014-08-05,0.0
2014-08-06,39.6
2014-08-07,30.0
2014-08-08,0.0
2014-08-09,24.599999999999998
2014-08-10,0.0
2014-08-11,19.2
2014-08-12,0.0
2014-08-13,0.0
2014-08-14,0.0
2014-08-15,0.0
2014-08-16,0.0
2014-08-17,0.0
2014-08-18,19.8
2014-08-19,19.2
2014-08-20,0.0
2014-08-21,19.8
2014-08-22,60.0
2014-08-23,24.0
2014-08-24,24.0
2014-08-25,38.4
2014-08-26,28.799999999999997
2014-08-27,19.2
2014-08-28,19.2
2014-08-29,0.0
2014-08-30,24.0
2014-08-31,0.0
2014-09-01,42.24
2014-09-02,0.0
2014-09-03,0.0
2014-09-04,0.0
2014-09-05,0.0
2014-09-06,0.0
2014-09-07,44.0
2014-09-08,0.0
2014-09-09,34.32
2014-09-10,0.0
2014-09-11,0.0
2014-09-12,0.0
2014-09-13,22.44
2014-09-14,0.0
2014-09-15,26.4
2014-09-16,17.16
2014-09-17,0.0
2014-09-18,17.6
2014-09-19,18.48
2014-09-20,22.88
2014-09-21,22.0
2014-09-22,17.6
2014-09-23,17.6
2014-09-24,17.6
2014-09-25,0.0
2014-09-26,18.92
2014-09-27,23.76
2014-09-28,0.0
2014-09-29,26.4
2014-09-30,0.0
2014-10-01,19.0
2014-10-02,19.0
2014-10-03,39.52
2014-10-04,49.4
2014-10-05,0.0
2014-10-06,0.0
2014-10-07,19.0
2014-10-08,19.0
2014-10-09,19.76
2014-10-10,0.0
2014-10-11,24.32
2014-10-12,24.32
2014-10-13,0.0
2014-10-14,0.0
2014-10-15,47.12
2014-10-16,28.12
2014-10-17,20.52
2014-10-18,25.080000000000002
2014-10-19,49.4
2014-10-20,0.0
2014-10-21,18.240000000000002
2014-10-22,38.0
2014-10-23,19.0
2014-10-24,19.76
2014-10-25,0.0
2014-10-26,0.0
2014-10-27,76.0
2014-10-28,28.12
2014-10-29,28.12
2014-10-30,0.0
2014-10-31,20.52
2014-11-01,0.0
2014-11-02,51.0
2014-11-03,0.0
2014-11-04,39.27
2014-11-05,0.0
2014-11-06,39.27
2014-11-07,0.0
2014-11-08,0.0
2014-11-09,0.0
2014-11-10,0.0
2014-11-11,0.0
2014-11-12,39.27
2014-11-13,0.0
2014-11-14,0.0
2014-11-15,0.0
2014-11-16,0.0
2014-11-17,38.76
2014-11-18,42.33
2014-11-19,0.0
2014-11-20,0.0
2014-11-21,40.8
2014-11-22,48.96
2014-11-23,0.0
2014-11-24,39.27
2014-11-25,39.78
2014-11-26,42.84
2014-11-27,0.0
2014-11-28,47.94
2014-11-29,0.0
2014-11-30,48.45
2014-12-01,12.959999999999999
2014-12-02,12.959999999999999
2014-12-03,0.0
2014-12-04,13.32
2014-12-05,0.0
2014-12-06,16.919999999999998
2014-12-07,16.919999999999998
2014-12-08,20.16
2014-12-09,13.32
2014-12-10,0.0
2014-12-11,0.0
2014-12-12,14.399999999999999
2014-12-13,17.64
2014-12-14,0.0
2014-12-15,0.0
2014-12-16,14.04
2014-12-17,14.399999999999999
2014-12-18,0.0
2014-12-19,15.479999999999999
2014-12-20,0.0
2014-12-21,19.08
2014-12-22,0.0
2014-12-23,0.0
2014-12-24,36.0
2014-12-25,0.0
2014-12-26,0.0
2014-12-27,18.36
2014-12-28,0.0
2014-12-29,15.479999999999999
2014-12-30,15.479999999999999
2014-12-31,0.0
2015-01-01,0.0
2015-01-02,24.48
2015-01-03,27.200000000000003
2015-01-04,26.520000000000003
2015-01-05,0.0
2015-01-06,21.76
2015-01-07,21.76
2015-01-08,22.44
2015-01-09,0.0
2015-01-10,27.200000000000003
2015-01-11,26.520000000000003
2015-01-12,21.080000000000002
2015-01-13,0.0
2015-01-14,0.0
2015-01-15,0.0
2015-01-16,68.0
2015-01-17,27.200000000000003
2015-01-18,0.0
2015-01-19,23.12
2015-01-20,43.52
2015-01-21,21.76
2015-01-22,21.080000000000002
2015-01-23,22.44
2015-01-24,26.520000000000003
2015-01-25,27.200000000000003
2015-01-26,21.080000000000002
2015-01-27,42.160000000000004
2015-01-28,21.76
2015-01-29,0.0
2015-01-30,0.0
2015-01-31,26.520000000000003
2015-02-01,0.0
2015-02-02,55.00000000000001
2015-02-03,27.500000000000004
2015-02-04,18.150000000000002
2015-02-05,0.0
2015-02-06,0.0
2015-02-07,23.1
2015-02-08,0.0
2015-02-09,35.75
2015-02-10,27.500000000000004
2015-02-11,18.150000000000002
2015-02-12,18.150000000000002
2015-02-13,0.0
2015-02-14,0.0
2015-02-15,0.0
2015-02-16,19.8
2015-02-17,0.0
2015-02-18,18.700000000000003
2015-02-19,18.700000000000003
2015-02-20,19.25
2015-02-21,23.1
2015-02-22,0.0
2015-02-23,0.0
2015-02-24,0.0
2015-02-25,18.150000000000002
2015-02-26,18.700000000000003
2015-02-27,18.700000000000003
2015-02-28,0.0
2015-03-01,31.11
2015-03-02,50.49
2015-03-03,0.0
2015-03-04,0.0
2015-03-05,24.990000000000002
2015-03-06,26.52
2015-03-07,32.13
2015-03-08,32.64
2015-03-09,26.01
2015-03-10,51.0
2015-03-11,25.5
2015-03-12,26.01
2015-03-13,27.03
2015-03-14,0.0
2015-03-15,0.0
2015-03-16,0.0
2015-03-17,26.01
2015-03-18,26.01
2015-03-19,0.0
2015-03-20,0.0
2015-03-21,0.0
2015-03-22,48.96
2015-03-23,25.5
2015-03-24,26.01
2015-03-25,43.86
2015-03-26,0.0
2015-03-27,0.0
2015-03-28,36.21
2015-03-29,0.0
2015-03-30,26.01
2015-03-31,26.52
2015-04-01,0.0
2015-04-02,0.0
2015-04-03,9.02
2015-04-04,0.0
2015-04-05,0.0
2015-04-06,0.0
2015-04-07,16.4
2015-04-08,0.0
2015-04-09,0.0
2015-04-10,8.61
2015-04-11,0.0
2015-04-12,10.66
2015-04-13,8.2
2015-04-14,7.789999999999999
2015-04-15,0.0
2015-04-16,16.4
2015-04-17,0.0
2015-04-18,21.73
2015-04-19,10.66
2015-04-20,0.0
2015-04-21,0.0
2015-04-22,41.0
2015-04-23,0.0
2015-04-24,0.0
2015-04-25,10.66
2015-04-26,0.0
2015-04-27,0.0
2015-04-28,8.2
2015-04-29,16.4
2015-04-30,0.0
2015-05-01,0.0
2015-05-02,31.08
2015-05-03,0.0
2015-05-04,24.05
2015-05-05,0.0
2015-05-06,0.0
2015-05-07,24.419999999999998
2015-05-08,25.16
2015-05-09,0.0
2015-05-10,32.93
2015-05-11,24.419999999999998
2015-05-12,24.05
2015-05-13,0.0
2015-05-14,0.0
2015-05-15,0.0
2015-05-16,0.0
2015-05-17,31.82
2015-05-18,24.05
2015-05-19,0.0
2015-05-20,0.0
2015-05-21,25.53
2015-05-22,26.64
2015-05-23,34.04
2015-05-24,0.0
2015-05-25,0.0
2015-05-26,0.0
2015-05-27,24.419999999999998
2015-05-28,37.0
2015-05-29,0.0
2015-05-30,0.0
2015-05-31,32.19
2015-06-01,0.0
2015-06-02,0.0
2015-06-03,20.0
2015-06-04,0.0
2015-06-05,31.5
2015-06-06,0.0
2015-06-07,0.0
2015-06-08,0.0
2015-06-09,20.0
2015-06-10,0.0
2015-06-11,0.0
2015-06-12,0.0
2015-06-13,26.5
2015-06-14,0.0
2015-06-15,20.0
2015-06-16,20.0
2015-06-17,50.0
2015-06-18,20.0
2015-06-19,21.0
2015-06-20,25.5
2015-06-21,26.0
2015-06-22,0.0
2015-06-23,39.5
2015-06-24,0.0
2015-06-25,20.5
2015-06-26,0.0
2015-06-27,25.0
2015-06-28,0.0
2015-06-29,0.0
2015-06-30,0.0
2015-07-01,28.05
2015-07-02,19.25
2015-07-03,0.0
2015-07-04,0.0
2015-07-05,51.7
2015-07-06,0.0
2015-07-07,0.0
2015-07-08,18.150000000000002
2015-07-09,18.700000000000003
2015-07-10,19.25
2015-07-11,23.650000000000002
2015-07-12,0.0
2015-07-13,55.00000000000001
2015-07-14,18.150000000000002
2015-07-15,18.150000000000002
2015-07-16,0.0
2015-07-17,19.25
2015-07-18,48.95
2015-07-19,50.6
2015-07-20,19.25
2015-07-21,0.0
2015-07-22,0.0
2015-07-23,0.0
2015-07-24,0.0
2015-07-25,23.650000000000002
2015-07-26,0.0
2015-07-27,18.150000000000002
2015-07-28,0.0
2015-07-29,18.700000000000003
2015-07-30,0.0
2015-07-31,0.0
2015-08-01,21.0
2015-08-02,21.0
2015-08-03,16.5
2015-08-04,32.0
2015-08-05,0.0
2015-08-06,16.5
2015-08-07,17.0
2015-08-08,20.5
2015-08-09,21.0
2015-08-10,0.0
2015-08-11,0.0
2015-08-12,0.0
2015-08-13,16.5
2015-08-14,17.0
2015-08-15,20.5
2015-08-16,21.0
2015-08-17,32.5
2015-08-18,16.0
2015-08-19,0.0
2015-08-20,32.5
2015-08-21,50.0
2015-08-22,0.0
2015-08-23,0.0
2015-08-24,16.0
2015-08-25,48.0
2015-08-26,31.5
2015-08-27,16.0
2015-08-28,24.5
2015-08-29,0.0
2015-08-30,20.0
2015-08-31,0.0
2015-09-01,43.199999999999996
2015-09-02,58.32
2015-09-03,0.0
2015-09-04,45.36
2015-09-05,37.44
2015-09-06,38.879999999999995
2015-09-07,54.0
2015-09-08,28.799999999999997
2015-09-09,28.08
2015-09-10,28.08
2015-09-11,43.92
2015-09-12,36.72
2015-09-13,72.0
2015-09-14,28.799999999999997
2015-09-15,42.48
2015-09-16,28.08
2015-09-17,0.0
2015-09-18,29.52
2015-09-19,0.0
2015-09-20,0.0
2015-09-21,56.16
2015-09-22,0.0
2015-09-23,0.0
2015-09-24,28.799999999999997
2015-09-25,29.52
2015-09-26,0.0
2015-09-27,36.72
2015-09-28,41.76
2015-09-29,41.04
2015-09-30,28.08
2015-10-01,12.58
2015-10-02,0.0
2015-10-03,17.0
2015-10-04,16.66
2015-10-05,12.920000000000002
2015-10-06,0.0
2015-10-07,19.040000000000003
2015-10-08,0.0
2015-10-09,0.0
2015-10-10,34.0
2015-10-11,0.0
2015-10-12,13.260000000000002
2015-10-13,12.58
2015-10-14,0.0
2015-10-15,0.0
2015-10-16,12.920000000000002
2015-10-17,0.0
2015-10-18,16.32
2015-10-19,0.0
2015-10-20,0.0
2015-10-21,12.58
2015-10-22,18.700000000000003
2015-10-23,0.0
2015-10-24,16.32
2015-10-25,16.32
2015-10-26,12.24
2015-10-27,12.24
2015-10-28,0.0
2015-10-29,0.0
2015-10-30,0.0
2015-10-31,16.32
2015-11-01,0.0
2015-11-02,0.0
2015-11-03,24.64
2015-11-04,0.0
2015-11-05,0.0
2015-11-06,0.0
2015-11-07,0.0
2015-11-08,32.480000000000004
2015-11-09,49.84
2015-11-10,24.64
2015-11-11,26.320000000000004
2015-11-12,0.0
2015-11-13,53.2
2015-11-14,0.0
2015-11-15,0.0
2015-11-16,0.0
2015-11-17,0.0
2015-11-18,49.84
2015-11-19,0.0
2015-11-20,25.76
2015-11-21,31.92
2015-11-22,0.0
2015-11-23,0.0
2015-11-24,25.76
2015-11-25,56.00000000000001
2015-11-26,33.040000000000006
2015-11-27,30.800000000000004
2015-11-28,31.92
2015-11-29,0.0
2015-11-30,0.0
2015-12-01,18.36
2015-12-02,12.6
2015-12-03,12.6
2015-12-04,0.0
2015-12-05,16.56
2015-12-06,16.56
2015-12-07,12.6
2015-12-08,0.0
2015-12-09,0.0
2015-12-10,25.2
2015-12-11,19.439999999999998
2015-12-12,0.0
2015-12-13,32.76
2015-12-14,12.6
2015-12-15,19.439999999999998
2015-12-16,12.959999999999999
2015-12-17,13.32
2015-12-18,14.399999999999999
2015-12-19,17.64
2015-12-20,0.0
2015-12-21,0.0
2015-12-22,14.399999999999999
2015-12-23,15.12
2015-12-24,17.28
2015-12-25,0.0
2015-12-26,36.0
2015-12-27,0.0
2015-12-28,0.0
2015-12-29,14.399999999999999
2015-12-30,14.76
2015-12-31,0.0
2016-01-01,26.22
2016-01-02,0.0
2016-01-03,0.0
2016-01-04,0.0
2016-01-05,19.38
2016-01-06,0.0
2016-01-07,0.0
2016-01-08,0.0
2016-01-09,0.0
2016-01-10,0.0
2016-01-11,18.62
2016-01-12,0.0
2016-01-13,38.0
2016-01-14,0.0
2016-01-15,0.0
2016-01-16,0.0
2016-01-17,0.0
2016-01-18,0.0
2016-01-19,37.62
2016-01-20,38.0
2016-01-21,19.0
2016-01-22,0.0
2016-01-23,0.0
2016-01-24,0.0
2016-01-25,0.0
2016-01-26,0.0
2016-01-27,18.62
2016-01-28,0.0
2016-01-29,0.0
2016-01-30,0.0
2016-01-31,0.0
2016-02-01,0.0
2016-02-02,16.919999999999998
2016-02-03,0.0
2016-02-04,0.0
2016-02-05,0.0
2016-02-06,0.0
2016-02-07,20.52
2016-02-08,0.0
2016-02-09,0.0
2016-02-10,0.0
2016-02-11,17.28
2016-02-12,36.0
2016-02-13,0.0
2016-02-14,0.0
2016-02-15,18.0
2016-02-16,0.0
2016-02-17,0.0
2016-02-18,0.0
2016-02-19,0.0
2016-02-20,0.0
2016-02-21,0.0
2016-02-22,16.919999999999998
2016-02-23,33.839999999999996
2016-02-24,16.919999999999998
2016-02-25,0.0
2016-02-26,0.0
2016-02-27,21.24
2016-02-28,20.88
2016-02-29,0.0
2016-03-01,11.52
2016-03-02,11.52
2016-03-03,0.0
2016-03-04,48.0
2016-03-05,27.84
2016-03-06,0.0
2016-03-07,11.52
2016-03-08,12.0
2016-03-09,0.0
2016-03-10,24.0
2016-03-11,0.0
2016-03-12,14.399999999999999
2016-03-13,0.0
2016-03-14,12.0
2016-03-15,11.52
2016-03-16,0.0
2016-03-17,0.0
2016-03-18,12.48
2016-03-19,0.0
2016-03-20,0.0
2016-03-21,0.0
2016-03-22,12.0
2016-03-23,0.0
2016-03-24,18.72
2016-03-25,12.959999999999999
2016-03-26,14.879999999999999
2016-03-27,14.879999999999999
2016-03-28,0.0
2016-03-29,0.0
2016-03-30,12.0
2016-03-31,0.0
2016-04-01,0.0
2016-04-02,0.0
2016-04-03,14.8
2016-04-04,0.0
2016-04-05,0.0
2016-04-06,12.209999999999999
2016-04-07,0.0
2016-04-08,12.58
2016-04-09,14.43
2016-04-10,0.0
2016-04-11,24.419999999999998
2016-04-12,24.05
2016-04-13,24.419999999999998
2016-04-14,12.209999999999999
2016-04-15,0.0
2016-04-16,15.54
2016-04-17,15.17
2016-04-18,0.0
2016-04-19,0.0
2016-04-20,12.209999999999999
2016-04-21,24.05
2016-04-22,37.0
2016-04-23,0.0
2016-04-24,0.0
2016-04-25,0.0
2016-04-26,18.13
2016-04-27,12.209999999999999
2016-04-28,11.84
2016-04-29,25.16
2016-04-30,14.8
2016-05-01,0.0
2016-05-02,0.0
2016-05-03,0.0
2016-05-04,19.11
2016-05-05,19.6
2016-05-06,20.58
2016-05-07,24.5
2016-05-08,24.5
2016-05-09,0.0
2016-05-10,0.0
2016-05-11,40.18
2016-05-12,20.58
2016-05-13,41.65
2016-05-14,0.0
2016-05-15,0.0
2016-05-16,20.09
2016-05-17,0.0
2016-05-18,0.0
2016-05-19,0.0
2016-05-20,0.0
2016-05-21,24.99
2016-05-22,49.0
2016-05-23,20.09
2016-05-24,20.09
2016-05-25,20.58
2016-05-26,20.58
2016-05-27,21.56
2016-05-28,0.0
2016-05-29,25.48
2016-05-30,0.0
2016-05-31,20.58
2016-06-01,46.06
2016-06-02,0.0
2016-06-03,0.0
2016-06-04,0.0
2016-06-05,0.0
2016-06-06,0.0
2016-06-07,23.03
2016-06-08,0.0
2016-06-09,24.009999999999998
2016-06-10,24.5
2016-06-11,0.0
2016-06-12,27.93
2016-06-13,0.0
2016-06-14,0.0
2016-06-15,0.0
2016-06-16,24.009999999999998
2016-06-17,24.009999999999998
2016-06-18,0.0
2016-06-19,0.0
2016-06-20,0.0
2016-06-21,47.04
2016-06-22,0.0
2016-06-23,0.0
2016-06-24,0.0
2016-06-25,0.0
2016-06-26,28.91
2016-06-27,23.52
2016-06-28,46.55
2016-06-29,47.04
2016-06-30,49.0
2016-07-01,0.0
2016-07-02,11.040000000000001
2016-07-03,0.0
2016-07-04,22.080000000000002
2016-07-05,9.66
2016-07-06,0.0
2016-07-07,18.86
2016-07-08,0.0
2016-07-09,21.62
2016-07-10,11.040000000000001
2016-07-11,9.66
2016-07-12,46.0
2016-07-13,9.66
2016-07-14,8.74
2016-07-15,9.200000000000001
2016-07-16,0.0
2016-07-17,0.0
2016-07-18,9.200000000000001
2016-07-19,0.0
2016-07-20,9.200000000000001
2016-07-21,0.0
2016-07-22,9.66
2016-07-23,0.0
2016-07-24,11.040000000000001
2016-07-25,9.200000000000001
2016-07-26,9.200000000000001
2016-07-27,9.200000000000001
2016-07-28,9.200000000000001
2016-07-29,0.0
2016-07-30,10.58
2016-07-31,10.58
2016-08-01,0.0
2016-08-02,16.45
2016-08-03,16.45
2016-08-04,0.0
2016-08-05,35.0
2016-08-06,20.299999999999997
2016-08-07,20.299999999999997
2016-08-08,0.0
2016-08-09,33.599999999999994
2016-08-10,16.799999999999997
2016-08-11,17.5
2016-08-12,0.0
2016-08-13,19.95
2016-08-14,0.0
2016-08-15,17.15
2016-08-16,0.0
2016-08-17,34.65
2016-08-18,0.0
2016-08-19,0.0
2016-08-20,20.299999999999997
2016-08-21,0.0
2016-08-22,17.5
2016-08-23,17.15
2016-08-24,0.0
2016-08-25,0.0
2016-08-26,0.0
2016-08-27,19.25
2016-08-28,0.0
2016-08-29,15.749999999999998
2016-08-30,15.749999999999998
2016-08-31,0.0
2016-09-01,0.0
2016-09-02,19.35
2016-09-03,0.0
2016-09-04,22.79
2016-09-05,21.07
2016-09-06,18.06
2016-09-07,0.0
2016-09-08,36.98
2016-09-09,37.839999999999996
2016-09-10,0.0
2016-09-11,0.0
2016-09-12,18.49
2016-09-13,18.06
2016-09-14,18.06
2016-09-15,0.0
2016-09-16,0.0
2016-09-17,21.93
2016-09-18,0.0
2016-09-19,18.06
2016-09-20,18.06
2016-09-21,18.06
2016-09-22,27.52
2016-09-23,0.0
2016-09-24,22.36
2016-09-25,43.0
2016-09-26,18.06
2016-09-27,36.12
2016-09-28,0.0
2016-09-29,18.49
2016-09-30,0.0
2016-10-01,0.0
2016-10-02,11.52
2016-10-03,9.719999999999999
2016-10-04,0.0
2016-10-05,0.0
2016-10-06,9.719999999999999
2016-10-07,10.08
2016-10-08,0.0
2016-10-09,0.0
2016-10-10,30.24
2016-10-11,9.719999999999999
2016-10-12,0.0
2016-10-13,0.0
2016-10-14,10.44
2016-10-15,0.0
2016-10-16,11.879999999999999
2016-10-17,19.439999999999998
2016-10-18,0.0
2016-10-19,0.0
2016-10-20,0.0
2016-10-21,0.0
2016-10-22,24.48
2016-10-23,36.0
2016-10-24,0.0
2016-10-25,0.0
2016-10-26,0.0
2016-10-27,9.719999999999999
2016-10-28,0.0
2016-10-29,24.119999999999997
2016-10-30,11.52
2016-10-31,19.439999999999998
2016-11-01,0.0
2016-11-02,11.22
2016-11-03,10.71
2016-11-04,0.0
2016-11-05,13.77
2016-11-06,0.0
2016-11-07,10.71
2016-11-08,0.0
2016-11-09,13.26
2016-11-10,11.22
2016-11-11,0.0
2016-11-12,13.26
2016-11-13,13.26
2016-11-14,10.71
2016-11-15,0.0
2016-11-16,11.22
2016-11-17,11.22
2016-11-18,11.22
2016-11-19,13.26
2016-11-20,13.26
2016-11-21,0.0
2016-11-22,34.17
2016-11-23,0.0
2016-11-24,13.26
2016-11-25,12.24
2016-11-26,51.0
2016-11-27,12.75
2016-11-28,10.2
2016-11-29,15.3
2016-11-30,10.71
2016-12-01,36.63
2016-12-02,37.0
2016-12-03,0.0
2016-12-04,13.69
2016-12-05,0.0
2016-12-06,22.94
2016-12-07,11.84
2016-12-08,11.84
2016-12-09,12.58
2016-12-10,0.0
2016-12-11,0.0
2016-12-12,11.47
2016-12-13,11.84
2016-12-14,0.0
2016-12-15,24.419999999999998
2016-12-16,0.0
2016-12-17,0.0
2016-12-18,14.8
2016-12-19,0.0
2016-12-20,12.95
2016-12-21,0.0
2016-12-22,0.0
2016-12-23,0.0
2016-12-24,0.0
2016-12-25,0.0
2016-12-26,14.8
2016-12-27,0.0
2016-12-28,0.0
2016-12-29,0.0
2016-12-30,27.009999999999998
2016-12-31,0.0
2017-01-01,24.05
2017-01-02,0.0
2017-01-03,0.0
2017-01-04,19.61
2017-01-05,0.0
2017-01-06,0.0
2017-01-07,22.57
2017-01-08,0.0
2017-01-09,0.0
2017-01-10,0.0
2017-01-11,18.87
2017-01-12,0.0
2017-01-13,0.0
2017-01-14,0.0
2017-01-15,0.0
2017-01-16,19.61
2017-01-17,18.5
2017-01-18,0.0
2017-01-19,18.87
2017-01-20,0.0
2017-01-21,22.2
2017-01-22,0.0
2017-01-23,0.0
2017-01-24,0.0
2017-01-25,18.5
2017-01-26,37.0
2017-01-27,19.24
2017-01-28,0.0
2017-01-29,0.0
2017-01-30,18.13
2017-01-31,18.5
2017-02-01,29.759999999999998
2017-02-02,15.36
2017-02-03,15.84
2017-02-04,36.96
2017-02-05,0.0
2017-02-06,0.0
2017-02-07,30.24
2017-02-08,0.0
2017-02-09,31.2
2017-02-10,0.0
2017-02-11,37.92
2017-02-12,18.72
2017-02-13,0.0
2017-02-14,15.36
2017-02-15,31.68
2017-02-16,30.24
2017-02-17,0.0
2017-02-18,18.24
2017-02-19,19.2
2017-02-20,48.0
2017-02-21,15.36
2017-02-22,45.6
2017-02-23,30.72
2017-02-24,0.0
2017-02-25,0.0
2017-02-26,35.519999999999996
2017-02-27,0.0
2017-02-28,0.0
2017-03-01,23.03
2017-03-02,23.52
2017-03-03,12.25
2017-03-04,14.7
2017-03-05,14.209999999999999
2017-03-06,11.27
2017-03-07,11.27
2017-03-08,12.25
2017-03-09,12.25
2017-03-10,24.99
2017-03-11,0.0
2017-03-12,0.0
2017-03-13,11.76
2017-03-14,12.25
2017-03-15,24.99
2017-03-16,12.25
2017-03-17,0.0
2017-03-18,14.7
2017-03-19,0.0
2017-03-20,12.25
2017-03-21,0.0
2017-03-22,12.25
2017-03-23,0.0
2017-03-24,12.74
2017-03-25,15.19
2017-03-26,36.75
2017-03-27,12.25
2017-03-28,49.0
2017-03-29,24.99
2017-03-30,12.74
2017-03-31,0.0
2017-04-01,0.0
2017-04-02,0.0
2017-04-03,14.879999999999999
2017-04-04,14.879999999999999
2017-04-05,0.0
2017-04-06,14.879999999999999
2017-04-07,15.84
2017-04-08,0.0
2017-04-09,0.0
2017-04-10,15.36
2017-04-11,0.0
2017-04-12,0.0
2017-04-13,15.84
2017-04-14,0.0
2017-04-15,0.0
2017-04-16,19.68
2017-04-17,0.0
2017-04-18,0.0
2017-04-19,0.0
2017-04-20,0.0
2017-04-21,48.0
2017-04-22,18.72
2017-04-23,0.0
2017-04-24,15.36
2017-04-25,0.0
2017-04-26,0.0
2017-04-27,0.0
2017-04-28,0.0
2017-04-29,0.0
2017-04-30,18.24
2017-05-01,17.2
2017-05-02,17.2
2017-05-03,34.4
2017-05-04,0.0
2017-05-05,18.06
2017-05-06,0.0
2017-05-07,43.0
2017-05-08,17.63
2017-05-09,35.26
2017-05-10,17.63
2017-05-11,18.06
2017-05-12,18.49
2017-05-13,0.0
2017-05-14,22.36
2017-05-15,18.49
2017-05-16,18.49
2017-05-17,28.38
2017-05-18,18.919999999999998
2017-05-19,19.35
2017-05-20,0.0
2017-05-21,0.0
2017-05-22,36.98
2017-05-23,18.06
2017-05-24,18.919999999999998
2017-05-25,18.919999999999998
2017-05-26,20.21
2017-05-27,0.0
2017-05-28,24.08
2017-05-29,22.36
2017-05-30,18.919999999999998
2017-05-31,0.0
2017-06-01,18.02
2017-06-02,18.55
2017-06-03,22.26
2017-06-04,21.73
2017-06-05,35.510000000000005
2017-06-06,53.0
2017-06-07,17.490000000000002
2017-06-08,0.0
2017-06-09,37.63
2017-06-10,21.73
2017-06-11,22.26
2017-06-12,0.0
2017-06-13,0.0
2017-06-14,26.5
2017-06-15,0.0
2017-06-16,0.0
2017-06-17,43.99
2017-06-18,22.26
2017-06-19,18.02
2017-06-20,25.970000000000002
2017-06-21,34.45
2017-06-22,25.970000000000002
2017-06-23,17.490000000000002
2017-06-24,0.0
2017-06-25,22.26
2017-06-26,18.02
2017-06-27,28.09
2017-06-28,0.0
2017-06-29,19.080000000000002
2017-06-30,0.0
2017-07-01,14.04
2017-07-02,0.0
2017-07-03,12.959999999999999
2017-07-04,14.04
2017-07-05,0.0
2017-07-06,11.879999999999999
2017-07-07,11.879999999999999
2017-07-08,0.0
2017-07-09,28.08
2017-07-10,11.879999999999999
2017-07-11,23.4
2017-07-12,17.64
2017-07-13,36.0
2017-07-14,24.119999999999997
2017-07-15,0.0
2017-07-16,0.0
2017-07-17,11.879999999999999
2017-07-18,18.0
2017-07-19,0.0
2017-07-20,0.0
2017-07-21,12.24
2017-07-22,0.0
2017-07-23,0.0
2017-07-24,11.879999999999999
2017-07-25,0.0
2017-07-26,11.879999999999999
2017-07-27,0.0
2017-07-28,0.0
2017-07-29,13.68
2017-07-30,0.0
2017-07-31,11.52
2017-08-01,38.800000000000004
2017-08-02,0.0
2017-08-03,19.6
2017-08-04,30.400000000000002
2017-08-05,0.0
2017-08-06,23.200000000000003
2017-08-07,18.8
2017-08-08,0.0
2017-08-09,38.800000000000004
2017-08-10,0.0
2017-08-11,0.0
2017-08-12,0.0
2017-08-13,0.0
2017-08-14,0.0
2017-08-15,0.0
2017-08-16,40.0
2017-08-17,39.2
2017-08-18,20.0
2017-08-19,34.800000000000004
2017-08-20,0.0
2017-08-21,18.400000000000002
2017-08-22,19.6
2017-08-23,39.2
2017-08-24,19.200000000000003
2017-08-25,0.0
2017-08-26,0.0
2017-08-27,22.0
2017-08-28,19.200000000000003
2017-08-29,18.8
2017-08-30,0.0
2017-08-31,19.6
2017-09-01,29.92
2017-09-02,17.0
2017-09-03,17.34
2017-09-04,0.0
2017-09-05,0.0
2017-09-06,0.0
2017-09-07,28.220000000000002
2017-09-08,0.0
2017-09-09,0.0
2017-09-10,0.0
2017-09-11,13.940000000000001
2017-09-12,0.0
2017-09-13,13.940000000000001
2017-09-14,14.280000000000001
2017-09-15,14.620000000000001
2017-09-16,34.0
2017-09-17,16.66
2017-09-18,14.280000000000001
2017-09-19,13.940000000000001
2017-09-20,0.0
2017-09-21,0.0
2017-09-22,0.0
2017-09-23,17.34
2017-09-24,0.0
2017-09-25,0.0
2017-09-26,0.0
2017-09-27,0.0
2017-09-28,0.0
2017-09-29,14.620000000000001
2017-09-30,17.34
2017-10-01,0.0
2017-10-02,15.51
2017-10-03,15.51
2017-10-04,15.979999999999999
2017-10-05,0.0
2017-10-06,0.0
2017-10-07,19.27
2017-10-08,0.0
2017-10-09,0.0
2017-10-10,47.0
2017-10-11,0.0
2017-10-12,31.49
2017-10-13,0.0
2017-10-14,0.0
2017-10-15,0.0
2017-10-16,31.959999999999997
2017-10-17,15.979999999999999
2017-10-18,32.43
2017-10-19,0.0
2017-10-20,16.45
2017-10-21,0.0
2017-10-22,28.2
2017-10-23,0.0
2017-10-24,31.02
2017-10-25,31.49
2017-10-26,15.979999999999999
2017-10-27,16.45
2017-10-28,19.27
2017-10-29,38.07
2017-10-30,31.02
2017-10-31,15.979999999999999
2017-11-01,12.25
2017-11-02,11.76
2017-11-03,24.009999999999998
2017-11-04,14.209999999999999
2017-11-05,13.719999999999999
2017-11-06,11.76
2017-11-07,11.76
2017-11-08,17.64
2017-11-09,12.25
2017-11-10,18.62
2017-11-11,21.56
2017-11-12,14.209999999999999
2017-11-13,0.0
2017-11-14,11.76
2017-11-15,11.76
2017-11-16,23.52
2017-11-17,24.5
2017-11-18,0.0
2017-11-19,0.0
2017-11-20,0.0
2017-11-21,12.25
2017-11-22,0.0
2017-11-23,14.7
2017-11-24,13.719999999999999
2017-11-25,49.0
2017-11-26,13.719999999999999
2017-11-27,0.0
2017-11-28,11.27
2017-11-29,11.76
2017-11-30,17.64
2017-12-01,17.490000000000002
2017-12-02,0.0
2017-12-03,20.67
2017-12-04,16.96
2017-12-05,0.0
2017-12-06,50.88
2017-12-07,34.980000000000004
2017-12-08,0.0
2017-12-09,0.0
2017-12-10,20.67
2017-12-11,16.96
2017-12-12,16.96
2017-12-13,17.490000000000002
2017-12-14,53.0
2017-12-15,0.0
2017-12-16,21.200000000000003
2017-12-17,42.400000000000006
2017-12-18,18.02
2017-12-19,18.02
2017-12-20,0.0
2017-12-21,0.0
2017-12-22,20.14
2017-12-23,0.0
2017-12-24,0.0
2017-12-25,0.0
2017-12-26,20.67
2017-12-27,0.0
2017-12-28,0.0
2017-12-29,0.0
2017-12-30,0.0
2017-12-31,0.0
2018-01-01,0.0
2018-01-02,0.0
2018-01-03,28.16
2018-01-04,0.0
2018-01-05,19.36
2018-01-06,21.56
2018-01-07,0.0
2018-01-08,0.0
2018-01-09,0.0
2018-01-10,18.92
2018-01-11,0.0
2018-01-12,18.92
2018-01-13,0.0
2018-01-14,21.56
2018-01-15,19.8
2018-01-16,18.48
2018-01-17,18.04
2018-01-18,18.92
2018-01-19,18.92
2018-01-20,0.0
2018-01-21,21.12
2018-01-22,18.04
2018-01-23,26.84
2018-01-24,36.96
2018-01-25,36.52
2018-01-26,18.04
2018-01-27,44.0
2018-01-28,0.0
2018-01-29,17.6
2018-01-30,35.64
2018-01-31,18.04
2018-02-01,0.0
2018-02-02,0.0
2018-02-03,0.0
2018-02-04,17.94
2018-02-05,30.360000000000003
2018-02-06,30.360000000000003
2018-02-07,15.180000000000001
2018-02-08,15.180000000000001
2018-02-09,31.740000000000002
2018-02-10,0.0
2018-02-11,18.400000000000002
2018-02-12,23.0
2018-02-13,0.0
2018-02-14,15.64
2018-02-15,15.64
2018-02-16,16.1
2018-02-17,0.0
2018-02-18,0.0
2018-02-19,16.1
2018-02-20,15.180000000000001
2018-02-21,23.46
2018-02-22,15.64
2018-02-23,15.64
2018-02-24,0.0
2018-02-25,18.400000000000002
2018-02-26,30.360000000000003
2018-02-27,46.0
2018-02-28,30.82
2018-03-01,0.0
2018-03-02,45.9
2018-03-03,0.0
2018-03-04,0.0
2018-03-05,0.0
2018-03-06,0.0
2018-03-07,22.44
2018-03-08,22.95
2018-03-09,0.0
2018-03-10,0.0
2018-03-11,0.0
2018-03-12,0.0
2018-03-13,0.0
2018-03-14,0.0
2018-03-15,23.46
2018-03-16,0.0
2018-03-17,27.54
2018-03-18,0.0
2018-03-19,22.95
2018-03-20,0.0
2018-03-21,0.0
2018-03-22,23.46
2018-03-23,47.94
2018-03-24,0.0
2018-03-25,28.05
2018-03-26,23.46
2018-03-27,0.0
2018-03-28,0.0
2018-03-29,23.97
2018-03-30,51.0
2018-03-31,0.0
2018-04-01,39.050000000000004
2018-04-02,47.85
2018-04-03,23.1
2018-04-04,31.35
2018-04-05,23.650000000000002
2018-04-06,32.45
2018-04-07,55.00000000000001
2018-04-08,0.0
2018-04-09,15.400000000000002
2018-04-10,30.250000000000004
2018-04-11,15.400000000000002
2018-04-12,0.0
2018-04-13,0.0
2018-04-14,18.700000000000003
2018-04-15,18.150000000000002
2018-04-16,0.0
2018-04-17,0.0
2018-04-18,46.2
2018-04-19,31.35
2018-04-20,15.950000000000001
2018-04-21,0.0
2018-04-22,18.700000000000003
2018-04-23,15.400000000000002
2018-04-24,15.400000000000002
2018-04-25,22.55
2018-04-26,30.800000000000004
2018-04-27,31.35
2018-04-28,37.95
2018-04-29,18.700000000000003
2018-04-30,15.400000000000002
2018-05-01,46.0
2018-05-02,0.0
2018-05-03,15.64
2018-05-04,16.1
2018-05-05,0.0
2018-05-06,0.0
2018-05-07,15.64
2018-05-08,0.0
2018-05-09,0.0
2018-05-10,16.1
2018-05-11,16.1
2018-05-12,0.0
2018-05-13,0.0
2018-05-14,0.0
2018-05-15,0.0
2018-05-16,0.0
2018-05-17,15.64
2018-05-18,0.0
2018-05-19,0.0
2018-05-20,0.0
2018-05-21,0.0
2018-05-22,0.0
2018-05-23,16.1
2018-05-24,0.0
2018-05-25,0.0
2018-05-26,0.0
2018-05-27,0.0
2018-05-28,0.0
2018-05-29,15.64
2018-05-30,0.0
2018-05-31,0.0
2018-06-01,25.840000000000003
2018-06-02,20.400000000000002
2018-06-03,0.0
2018-06-04,17.0
2018-06-05,16.66
2018-06-06,0.0
2018-06-07,17.0
2018-06-08,17.34
2018-06-09,29.92
2018-06-10,0.0
2018-06-11,0.0
2018-06-12,15.64
2018-06-13,15.98
2018-06-14,34.0
2018-06-15,0.0
2018-06-16,20.400000000000002
2018-06-17,0.0
2018-06-18,0.0
2018-06-19,16.66
2018-06-20,17.34
2018-06-21,17.34
2018-06-22,17.34
2018-06-23,20.060000000000002
2018-06-24,0.0
2018-06-25,0.0
2018-06-26,25.840000000000003
2018-06-27,0.0
2018-06-28,17.68
2018-06-29,18.02
2018-06-30,0.0
2018-07-01,0.0
2018-07-02,13.33
2018-07-03,13.64
2018-07-04,31.0
2018-07-05,14.26
2018-07-06,0.0
2018-07-07,0.0
2018-07-08,15.5
2018-07-09,13.02
2018-07-10,13.02
2018-07-11,12.4
2018-07-12,13.64
2018-07-13,0.0
2018-07-14,0.0
2018-07-15,15.5
2018-07-16,13.33
2018-07-17,13.33
2018-07-18,0.0
2018-07-19,13.64
2018-07-20,13.95
2018-07-21,0.0
2018-07-22,0.0
2018-07-23,0.0
2018-07-24,13.33
2018-07-25,13.33
2018-07-26,13.33
2018-07-27,0.0
2018-07-28,0.0
2018-07-29,0.0
2018-07-30,13.33
2018-07-31,26.66
2018-08-01,0.0
2018-08-02,0.0
2018-08-03,21.56
2018-08-04,0.0
2018-08-05,0.0
2018-08-06,0.0
2018-08-07,20.58
2018-08-08,20.58
2018-08-09,0.0
2018-08-10,0.0
2018-08-11,24.009999999999998
2018-08-12,48.51
2018-08-13,0.0
2018-08-14,20.58
2018-08-15,0.0
2018-08-16,21.07
2018-08-17,21.07
2018-08-18,0.0
2018-08-19,0.0
2018-08-20,31.36
2018-08-21,41.16
2018-08-22,42.14
2018-08-23,0.0
2018-08-24,0.0
2018-08-25,49.0
2018-08-26,0.0
2018-08-27,0.0
2018-08-28,20.58
2018-08-29,20.09
2018-08-30,0.0
2018-08-31,0.0
2018-09-01,0.0
2018-09-02,0.0
2018-09-03,0.0
2018-09-04,32.0
2018-09-05,31.36
2018-09-06,15.68
2018-09-07,0.0
2018-09-08,27.52
2018-09-09,0.0
2018-09-10,15.68
2018-09-11,31.36
2018-09-12,15.68
2018-09-13,15.68
2018-09-14,0.0
2018-09-15,19.2
2018-09-16,0.0
2018-09-17,15.68
2018-09-18,15.68
2018-09-19,16.0
2018-09-20,0.0
2018-09-21,24.32
2018-09-22,0.0
2018-09-23,0.0
2018-09-24,16.0
2018-09-25,15.68
2018-09-26,31.68
2018-09-27,32.0
2018-09-28,16.32
2018-09-29,19.52
2018-09-30,19.2
2018-10-01,16.080000000000002
2018-10-02,31.490000000000002
2018-10-03,32.160000000000004
2018-10-04,16.080000000000002
2018-10-05,16.75
2018-10-06,0.0
2018-10-07,18.76
2018-10-08,32.160000000000004
2018-10-09,16.080000000000002
2018-10-10,24.12
2018-10-11,16.75
2018-10-12,25.46
2018-10-13,0.0
2018-10-14,19.43
2018-10-15,0.0
2018-10-16,16.080000000000002
2018-10-17,16.75
2018-10-18,67.0
2018-10-19,17.42
2018-10-20,19.43
2018-10-21,19.43
2018-10-22,32.830000000000005
2018-10-23,32.830000000000005
2018-10-24,0.0
2018-10-25,24.790000000000003
2018-10-26,34.17
2018-10-27,0.0
2018-10-28,0.0
2018-10-29,16.080000000000002
2018-10-30,16.080000000000002
2018-10-31,33.5
2018-11-01,30.8
2018-11-02,44.0
2018-11-03,0.0
2018-11-04,33.44
2018-11-05,13.2
2018-11-06,14.08
2018-11-07,12.76
2018-11-08,14.08
2018-11-09,14.96
2018-11-10,34.76
2018-11-11,0.0
2018-11-12,0.0
2018-11-13,0.0
2018-11-14,14.52
2018-11-15,14.52
2018-11-16,29.92
2018-11-17,35.2
2018-11-18,34.76
2018-11-19,0.0
2018-11-20,29.92
2018-11-21,0.0
2018-11-22,17.6
2018-11-23,16.28
2018-11-24,16.72
2018-11-25,0.0
2018-11-26,13.64
2018-11-27,14.08
2018-11-28,0.0
2018-11-29,14.52
2018-11-30,28.16
2018-12-01,23.03
2018-12-02,0.0
2018-12-03,19.11
2018-12-04,0.0
2018-12-05,19.6
2018-12-06,19.6
2018-12-07,0.0
2018-12-08,23.03
2018-12-09,0.0
2018-12-10,39.2
2018-12-11,19.6
2018-12-12,0.0
2018-12-13,0.0
2018-12-14,38.71
2018-12-15,48.019999999999996
2018-12-16,24.009999999999998
2018-12-17,18.13
2018-12-18,19.11
2018-12-19,40.67
2018-12-20,31.36
2018-12-21,21.56
2018-12-22,24.99
2018-12-23,24.99
2018-12-24,49.0
2018-12-25,0.0
2018-12-26,0.0
2018-12-27,0.0
2018-12-28,43.61
2018-12-29,47.53
2018-12-30,23.52
2018-12-31,44.1
2019-01-01,14.82
2019-01-02,12.92
2019-01-03,12.540000000000001
2019-01-04,38.0
2019-01-05,28.5
2019-01-06,0.0
2019-01-07,18.240000000000002
2019-01-08,12.16
2019-01-09,12.16
2019-01-10,12.16
2019-01-11,0.0
2019-01-12,0.0
2019-01-13,14.06
2019-01-14,0.0
2019-01-15,11.78
2019-01-16,11.78
2019-01-17,11.78
2019-01-18,0.0
2019-01-19,14.06
2019-01-20,0.0
2019-01-21,0.0
2019-01-22,0.0
2019-01-23,0.0
2019-01-24,11.78
2019-01-25,0.0
2019-01-26,14.44
2019-01-27,0.0
2019-01-28,23.56
2019-01-29,17.48
2019-01-30,0.0
2019-01-31,0.0
2019-02-01,0.0
2019-02-02,11.700000000000001
2019-02-03,0.0
2019-02-04,0.0
2019-02-05,0.0
2019-02-06,9.75
2019-02-07,0.0
2019-02-08,0.0
2019-02-09,0.0
2019-02-10,11.700000000000001
2019-02-11,38.22
2019-02-12,19.5
2019-02-13,39.0
2019-02-14,0.0
2019-02-15,10.530000000000001
2019-02-16,11.700000000000001
2019-02-17,0.0
2019-02-18,10.530000000000001
2019-02-19,10.14
2019-02-20,10.14
2019-02-21,10.14
2019-02-22,15.21
2019-02-23,0.0
2019-02-24,0.0
2019-02-25,19.11
2019-02-26,9.75
2019-02-27,14.43
2019-02-28,9.75
2019-03-01,0.0
2019-03-02,10.75
2019-03-03,43.0
2019-03-04,9.03
2019-03-05,18.49
2019-03-06,9.03
2019-03-07,9.03
2019-03-08,9.89
2019-03-09,17.2
2019-03-10,11.18
2019-03-11,0.0
2019-03-12,0.0
2019-03-13,9.459999999999999
2019-03-14,9.459999999999999
2019-03-15,0.0
2019-03-16,0.0
2019-03-17,11.61
2019-03-18,9.459999999999999
2019-03-19,0.0
2019-03-20,19.35
2019-03-21,18.919999999999998
2019-03-22,9.89
2019-03-23,11.18
2019-03-24,0.0
2019-03-25,9.459999999999999
2019-03-26,9.89
2019-03-27,14.62
2019-03-28,0.0
2019-03-29,19.35
2019-03-30,0.0
2019-03-31,0.0
2019-04-01,20.8
2019-04-02,21.32
2019-04-03,43.160000000000004
2019-04-04,0.0
2019-04-05,21.84
2019-04-06,0.0
2019-04-07,50.96
2019-04-08,21.32
2019-04-09,0.0
2019-04-10,0.0
2019-04-11,0.0
2019-04-12,0.0
2019-04-13,26.0
2019-04-14,26.0
2019-04-15,42.64
2019-04-16,21.32
2019-04-17,0.0
2019-04-18,22.36
2019-04-19,23.92
2019-04-20,26.52
2019-04-21,0.0
2019-04-22,45.24
2019-04-23,22.36
2019-04-24,21.32
2019-04-25,21.32
2019-04-26,0.0
2019-04-27,26.52
2019-04-28,52.0
2019-04-29,42.120000000000005
2019-04-30,0.0
2019-05-01,20.21
2019-05-02,30.53
2019-05-03,42.57
2019-05-04,24.509999999999998
2019-05-05,24.94
2019-05-06,20.21
2019-05-07,30.53
2019-05-08,41.71
2019-05-09,0.0
2019-05-10,43.0
2019-05-11,0.0
2019-05-12,0.0
2019-05-13,42.14
2019-05-14,21.07
2019-05-15,0.0
2019-05-16,0.0
2019-05-17,0.0
2019-05-18,0.0
2019-05-19,0.0
2019-05-20,21.07
2019-05-21,31.39
2019-05-22,42.14
2019-05-23,21.5
2019-05-24,22.36
2019-05-25,0.0
2019-05-26,0.0
2019-05-27,25.37
2019-05-28,21.07
2019-05-29,20.64
2019-05-30,0.0
2019-05-31,21.5
2019-06-01,0.0
2019-06-02,0.0
2019-06-03,13.68
2019-06-04,37.62
2019-06-05,0.0
2019-06-06,9.5
2019-06-07,0.0
2019-06-08,0.0
2019-06-09,0.0
2019-06-10,0.0
2019-06-11,9.120000000000001
2019-06-12,9.5
2019-06-13,0.0
2019-06-14,9.5
2019-06-15,11.02
2019-06-16,11.02
2019-06-17,9.5
2019-06-18,9.5
2019-06-19,0.0
2019-06-20,0.0
2019-06-21,0.0
2019-06-22,11.4
2019-06-23,0.0
2019-06-24,38.0
2019-06-25,9.5
2019-06-26,19.0
2019-06-27,0.0
2019-06-28,0.0
2019-06-29,0.0
2019-06-30,11.4
2019-07-01,14.19
2019-07-02,43.0
2019-07-03,21.5
2019-07-04,24.08
2019-07-05,32.25
2019-07-06,32.25
2019-07-07,15.91
2019-07-08,14.19
2019-07-09,28.38
2019-07-10,14.19
2019-07-11,21.07
2019-07-12,0.0
2019-07-13,16.34
2019-07-14,0.0
2019-07-15,14.19
2019-07-16,27.52
2019-07-17,0.0
2019-07-18,0.0
2019-07-19,14.62
2019-07-20,16.34
2019-07-21,24.509999999999998
2019-07-22,14.19
2019-07-23,14.19
2019-07-24,0.0
2019-07-25,0.0
2019-07-26,0.0
2019-07-27,0.0
2019-07-28,0.0
2019-07-29,14.62
2019-07-30,14.62
2019-07-31,0.0
2019-08-01,0.0
2019-08-02,0.0
2019-08-03,11.07
2019-08-04,0.0
2019-08-05,0.0
2019-08-06,0.0
2019-08-07,9.450000000000001
2019-08-08,0.0
2019-08-09,0.0
2019-08-10,0.0
2019-08-11,0.0
2019-08-12,0.0
2019-08-13,0.0
2019-08-14,27.0
2019-08-15,0.0
2019-08-16,0.0
2019-08-17,0.0
2019-08-18,0.0
2019-08-19,0.0
2019-08-20,0.0
2019-08-21,18.09
2019-08-22,0.0
2019-08-23,9.18
2019-08-24,10.530000000000001
2019-08-25,0.0
2019-08-26,0.0
2019-08-27,17.82
2019-08-28,0.0
2019-08-29,8.91
2019-08-30,8.64
2019-08-31,0.0
2019-09-01,0.0
2019-09-02,0.0
2019-09-03,51.0
2019-09-04,25.5
2019-09-05,25.5
2019-09-06,0.0
2019-09-07,30.09
2019-09-08,0.0
2019-09-09,0.0
2019-09-10,24.990000000000002
2019-09-11,0.0
2019-09-12,0.0
2019-09-13,0.0
2019-09-14,0.0
2019-09-15,29.580000000000002
2019-09-16,0.0
2019-09-17,0.0
2019-09-18,0.0
2019-09-19,0.0
2019-09-20,0.0
2019-09-21,30.6
2019-09-22,0.0
2019-09-23,24.48
2019-09-24,25.5
2019-09-25,0.0
2019-09-26,26.01
2019-09-27,0.0
2019-09-28,31.62
2019-09-29,30.09
2019-09-30,0.0
2019-10-01,0.0
2019-10-02,20.13
2019-10-03,20.74
2019-10-04,21.349999999999998
2019-10-05,24.4
2019-10-06,0.0
2019-10-07,0.0
2019-10-08,20.74
2019-10-09,0.0
2019-10-10,41.48
2019-10-11,0.0
2019-10-12,50.629999999999995
2019-10-13,24.4
2019-10-14,0.0
2019-10-15,41.48
2019-10-16,42.089999999999996
2019-10-17,20.74
2019-10-18,21.349999999999998
2019-10-19,24.4
2019-10-20,0.0
2019-10-21,20.13
2019-10-22,0.0
2019-10-23,20.74
2019-10-24,0.0
2019-10-25,21.349999999999998
2019-10-26,0.0
2019-10-27,24.4
2019-10-28,20.13
2019-10-29,61.0
2019-10-30,20.13
2019-10-31,0.0
2019-11-01,0.0
2019-11-02,19.61
2019-11-03,0.0
2019-11-04,15.91
2019-11-05,0.0
2019-11-06,0.0
2019-11-07,15.91
2019-11-08,16.28
2019-11-09,18.87
2019-11-10,18.5
2019-11-11,16.28
2019-11-12,23.31
2019-11-13,31.45
2019-11-14,0.0
2019-11-15,0.0
2019-11-16,18.13
2019-11-17,18.5
2019-11-18,15.54
2019-11-19,15.91
2019-11-20,16.28
2019-11-21,15.91
2019-11-22,16.28
2019-11-23,18.5
2019-11-24,0.0
2019-11-25,16.28
2019-11-26,16.65
2019-11-27,17.02
2019-11-28,37.0
2019-11-29,0.0
2019-11-30,0.0
2019-12-01,0.0
2019-12-02,14.31
2019-12-03,22.26
2019-12-04,0.0
2019-12-05,15.370000000000001
2019-12-06,15.9
2019-12-07,0.0
2019-12-08,53.0
2019-12-09,0.0
2019-12-10,15.9
2019-12-11,15.370000000000001
2019-12-12,15.370000000000001
2019-12-13,0.0
2019-12-14,0.0
2019-12-15,27.03
2019-12-16,0.0
2019-12-17,23.32
2019-12-18,0.0
2019-12-19,15.9
2019-12-20,16.43
2019-12-21,0.0
2019-12-22,0.0
2019-12-23,16.96
2019-12-24,18.02
2019-12-25,0.0
2019-12-26,18.02
2019-12-27,16.96
2019-12-28,18.02
2019-12-29,0.0
2019-12-30,32.86
2019-12-31,17.490000000000002
2020-01-01,0.0
2020-01-02,15.049999999999999
2020-01-03,0.0
2020-01-04,0.0
2020-01-05,0.0
2020-01-06,0.0
2020-01-07,14.19
2020-01-08,14.19
2020-01-09,43.0
2020-01-10,28.38
2020-01-11,0.0
2020-01-12,0.0
2020-01-13,12.9
2020-01-14,12.47
2020-01-15,0.0
2020-01-16,41.28
2020-01-17,0.0
2020-01-18,0.0
2020-01-19,0.0
2020-01-20,0.0
2020-01-21,0.0
2020-01-22,14.19
2020-01-23,13.76
2020-01-24,27.95
2020-01-25,16.34
2020-01-26,0.0
2020-01-27,13.33
2020-01-28,13.76
2020-01-29,21.07
2020-01-30,14.19
2020-01-31,14.19
2020-02-01,0.0
2020-02-02,0.0
2020-02-03,15.84
2020-02-04,34.980000000000004
2020-02-05,0.0
2020-02-06,0.0
2020-02-07,26.400000000000002
2020-02-08,0.0
2020-02-09,31.020000000000003
2020-02-10,17.16
2020-02-11,58.74
2020-02-12,33.660000000000004
2020-02-13,17.16
2020-02-14,17.82
2020-02-15,40.260000000000005
2020-02-16,20.46
2020-02-17,54.78
2020-02-18,16.5
2020-02-19,16.5
2020-02-20,16.5
2020-02-21,0.0
2020-02-22,39.6
2020-02-23,29.700000000000003
2020-02-24,0.0
2020-02-25,66.0
2020-02-26,16.5
2020-02-27,40.92
2020-02-28,42.24
2020-02-29,19.14
2020-03-01,0.0
2020-03-02,51.0
2020-03-03,41.0
2020-03-04,30.0
2020-03-05,42.0
2020-03-06,42.0
2020-03-07,25.0
2020-03-08,49.0
2020-03-09,82.0
2020-03-10,41.0
2020-03-11,81.0
2020-03-12,69.0
2020-03-13,62.0
2020-03-14,24.0
2020-03-15,23.0
2020-03-16,41.0
2020-03-17,100.0
2020-03-18,51.0
2020-03-19,51.0
2020-03-20,0.0
2020-03-21,0.0
2020-03-22,23.0
2020-03-23,28.0
2020-03-24,0.0
2020-03-25,30.0
2020-03-26,41.0
2020-03-27,19.0
2020-03-28,45.0
2020-03-29,56.0
2020-03-30,19.0
2020-03-31,19.0
2020-04-01,39.6
2020-04-02,39.6
2020-04-03,39.6
2020-04-04,44.55
2020-04-05,0.0
2020-04-06,58.41
2020-04-07,60.39
2020-04-08,99.0
2020-04-09,59.4
