Date,Movies
2013-04-01,39.68
2013-04-02,38.4
2013-04-03,36.480000000000004
2013-04-04,38.4
2013-04-05,45.44
2013-04-06,64.0
2013-04-07,61.44
2013-04-08,35.2
2013-04-09,32.0
2013-04-10,32.0
2013-04-11,33.92
2013-04-12,45.44
2013-04-13,63.36
2013-04-14,60.800000000000004
2013-04-15,33.92
2013-04-16,30.72
2013-04-17,31.36
2013-04-18,32.64
2013-04-19,42.24
2013-04-20,63.36
2013-04-21,59.52
2013-04-22,35.84
2013-04-23,32.0
2013-04-24,33.92
2013-04-25,33.28
2013-04-26,40.96
2013-04-27,60.800000000000004
2013-04-28,62.72
2013-04-29,35.84
2013-04-30,31.36
2013-05-01,30.24
2013-05-02,31.68
2013-05-03,43.92
2013-05-04,63.36
2013-05-05,57.599999999999994
2013-05-06,33.12
2013-05-07,30.959999999999997
2013-05-08,30.24
2013-05-09,31.68
2013-05-10,41.04
2013-05-11,62.64
2013-05-12,60.48
2013-05-13,37.44
2013-05-14,31.68
2013-05-15,31.68
2013-05-16,33.839999999999996
2013-05-17,41.04
2013-05-18,61.199999999999996
2013-05-19,61.919999999999995
2013-05-20,36.72
2013-05-21,33.12
2013-05-22,33.839999999999996
2013-05-23,37.44
2013-05-24,49.68
2013-05-25,71.28
2013-05-26,72.0
2013-05-27,68.39999999999999
2013-05-28,39.6
2013-05-29,36.72
2013-05-30,39.6
2013-05-31,46.8
2013-06-01,78.11999999999999
2013-06-02,78.11999999999999
2013-06-03,47.879999999999995
2013-06-04,43.68
2013-06-05,44.519999999999996
2013-06-06,48.72
2013-06-07,59.64
2013-06-08,79.8
2013-06-09,79.8
2013-06-10,52.08
2013-06-11,47.04
2013-06-12,47.04
2013-06-13,49.559999999999995
2013-06-14,56.28
2013-06-15,78.96
2013-06-16,78.96
2013-06-17,54.6
2013-06-18,51.239999999999995
2013-06-19,48.72
2013-06-20,49.559999999999995
2013-06-21,61.32
2013-06-22,84.0
2013-06-23,81.48
2013-06-24,56.28
2013-06-25,52.08
2013-06-26,52.08
2013-06-27,50.4
2013-06-28,62.16
2013-06-29,80.64
2013-06-30,83.16
2013-07-01,52.919999999999995
2013-07-02,51.239999999999995
2013-07-03,57.12
2013-07-04,73.08
2013-07-05,73.08
2013-07-06,84.0
2013-07-07,80.64
2013-07-08,51.239999999999995
2013-07-09,48.72
2013-07-10,47.879999999999995
2013-07-11,49.559999999999995
2013-07-12,58.8
2013-07-13,78.11999999999999
2013-07-14,73.08
2013-07-15,50.4
2013-07-16,47.879999999999995
2013-07-17,47.879999999999995
2013-07-18,49.559999999999995
2013-07-19,61.32
2013-07-20,80.64
2013-07-21,80.64
2013-07-22,52.919999999999995
2013-07-23,48.72
2013-07-24,46.199999999999996
2013-07-25,48.72
2013-07-26,57.96
2013-07-27,80.64
2013-07-28,78.96
2013-07-29,48.72
2013-07-30,47.879999999999995
2013-07-31,46.199999999999996
2013-08-01,46.62
2013-08-02,56.24
2013-08-03,74.0
2013-08-04,71.03999999999999
2013-08-05,48.839999999999996
2013-08-06,45.14
2013-08-07,46.62
2013-08-08,46.62
2013-08-09,56.24
2013-08-10,69.56
2013-08-11,71.78
2013-08-12,46.62
2013-08-13,45.88
2013-08-14,43.66
2013-08-15,42.92
2013-08-16,51.06
2013-08-17,71.03999999999999
2013-08-18,70.3
2013-08-19,45.14
2013-08-20,41.44
2013-08-21,39.96
2013-08-22,39.22
2013-08-23,51.06
2013-08-24,70.3
2013-08-25,65.12
2013-08-26,38.48
2013-08-27,37.0
2013-08-28,36.26
2013-08-29,37.74
2013-08-30,45.88
2013-08-31,68.82
2013-09-01,63.0
2013-09-02,59.22
2013-09-03,34.65
2013-09-04,29.61
2013-09-05,30.87
2013-09-06,37.17
2013-09-07,58.59
2013-09-08,53.55
2013-09-09,31.5
2013-09-10,28.98
2013-09-11,28.98
2013-09-12,30.240000000000002
2013-09-13,40.32
2013-09-14,59.85
2013-09-15,54.81
2013-09-16,31.5
2013-09-17,28.98
2013-09-18,28.98
2013-09-19,28.98
2013-09-20,38.43
2013-09-21,59.85
2013-09-22,50.4
2013-09-23,31.5
2013-09-24,28.98
2013-09-25,28.98
2013-09-26,28.98
2013-09-27,39.06
2013-09-28,58.59
2013-09-29,55.44
2013-09-30,29.61
2013-10-01,29.900000000000002
2013-10-02,29.900000000000002
2013-10-03,32.5
2013-10-04,40.300000000000004
2013-10-05,65.0
2013-10-06,59.15
2013-10-07,36.4
2013-10-08,32.5
2013-10-09,31.85
2013-10-10,34.45
2013-10-11,42.25
2013-10-12,63.7
2013-10-13,58.5
2013-10-14,40.300000000000004
2013-10-15,32.5
2013-10-16,32.5
2013-10-17,34.45
2013-10-18,42.25
2013-10-19,64.35000000000001
2013-10-20,56.550000000000004
2013-10-21,35.1
2013-10-22,33.15
2013-10-23,33.800000000000004
2013-10-24,31.85
2013-10-25,44.2
2013-10-26,64.35000000000001
2013-10-27,59.800000000000004
2013-10-28,35.75
2013-10-29,34.45
2013-10-30,33.15
2013-10-31,37.7
2013-11-01,52.36
2013-11-02,73.15
2013-11-03,66.99
2013-11-04,36.96
2013-11-05,38.5
2013-11-06,35.42
2013-11-07,36.19
2013-11-08,46.2
2013-11-09,73.92
2013-11-10,67.76
2013-11-11,47.74
2013-11-12,38.5
2013-11-13,36.96
2013-11-14,36.96
2013-11-15,46.2
2013-11-16,72.38
2013-11-17,70.84
2013-11-18,38.5
2013-11-19,37.730000000000004
2013-11-20,36.19
2013-11-21,38.5
2013-11-22,50.050000000000004
2013-11-23,73.92
2013-11-24,73.92
2013-11-25,46.2
2013-11-26,46.97
2013-11-27,53.9
2013-11-28,66.22
2013-11-29,73.15
2013-11-30,77.0
2013-12-01,61.6
2013-12-02,35.2
2013-12-03,29.6
2013-12-04,31.200000000000003
2013-12-05,31.200000000000003
2013-12-06,36.800000000000004
2013-12-07,56.0
2013-12-08,53.6
2013-12-09,36.0
2013-12-10,31.200000000000003
2013-12-11,31.200000000000003
2013-12-12,31.200000000000003
2013-12-13,36.800000000000004
2013-12-14,56.800000000000004
2013-12-15,59.2
2013-12-16,38.400000000000006
2013-12-17,33.6
2013-12-18,32.800000000000004
2013-12-19,36.0
2013-12-20,44.0
2013-12-21,60.0
2013-12-22,63.2
2013-12-23,52.0
2013-12-24,55.2
2013-12-25,80.0
2013-12-26,66.4
2013-12-27,62.400000000000006
2013-12-28,72.0
2013-12-29,71.2
2013-12-30,53.6
2013-12-31,55.2
2014-01-01,79.2
2014-01-02,60.800000000000004
2014-01-03,61.6
2014-01-04,75.2
2014-01-05,72.0
2014-01-06,48.800000000000004
2014-01-07,42.400000000000006
2014-01-08,40.800000000000004
2014-01-09,40.0
2014-01-10,50.400000000000006
2014-01-11,74.4
2014-01-12,68.8
2014-01-13,44.800000000000004
2014-01-14,38.400000000000006
2014-01-15,38.400000000000006
2014-01-16,40.0
2014-01-17,52.0
2014-01-18,80.0
2014-01-19,75.2
2014-01-20,59.2
2014-01-21,40.0
2014-01-22,40.0
2014-01-23,40.0
2014-01-24,48.800000000000004
2014-01-25,76.80000000000001
2014-01-26,74.4
2014-01-27,40.0
2014-01-28,40.0
2014-01-29,39.2
2014-01-30,39.2
2014-01-31,43.2
2014-02-01,63.9
2014-02-02,58.93
2014-02-03,38.339999999999996
2014-02-04,36.21
2014-02-05,35.5
2014-02-06,34.79
2014-02-07,41.89
2014-02-08,65.32
2014-02-09,62.48
2014-02-10,36.92
2014-02-11,33.37
2014-02-12,32.66
2014-02-13,38.339999999999996
2014-02-14,48.989999999999995
2014-02-15,71.0
2014-02-16,69.58
2014-02-17,46.86
2014-02-18,34.08
2014-02-19,31.95
2014-02-20,32.66
2014-02-21,39.76
2014-02-22,60.349999999999994
2014-02-23,60.349999999999994
2014-02-24,34.08
2014-02-25,33.37
2014-02-26,32.66
2014-02-27,32.66
2014-02-28,42.599999999999994
2014-03-01,69.35
2014-03-02,69.35
2014-03-03,48.91
2014-03-04,39.42
2014-03-05,35.04
2014-03-06,35.769999999999996
2014-03-07,44.53
2014-03-08,68.62
2014-03-09,68.62
2014-03-10,38.69
2014-03-11,35.04
2014-03-12,36.5
2014-03-13,37.23
2014-03-14,45.99
2014-03-15,67.89
2014-03-16,66.42999999999999
2014-03-17,38.69
2014-03-18,35.04
2014-03-19,35.769999999999996
2014-03-20,36.5
2014-03-21,43.8
2014-03-22,69.35
2014-03-23,70.81
2014-03-24,39.42
2014-03-25,35.769999999999996
2014-03-26,37.23
2014-03-27,39.42
2014-03-28,47.449999999999996
2014-03-29,73.0
2014-03-30,67.16
2014-03-31,40.879999999999995
2014-04-01,32.25
2014-04-02,33.0
2014-04-03,35.25
2014-04-04,43.5
2014-04-05,64.5
2014-04-06,66.0
2014-04-07,37.5
2014-04-08,33.75
2014-04-09,33.0
2014-04-10,33.75
2014-04-11,45.75
2014-04-12,70.5
2014-04-13,73.5
2014-04-14,45.75
2014-04-15,42.75
2014-04-16,43.5
2014-04-17,44.25
2014-04-18,58.5
2014-04-19,73.5
2014-04-20,75.0
2014-04-21,44.25
2014-04-22,41.25
2014-04-23,40.5
2014-04-24,38.25
2014-04-25,48.0
2014-04-26,71.25
2014-04-27,72.75
2014-04-28,40.5
2014-04-29,36.75
2014-04-30,37.5
2014-05-01,37.74
2014-05-02,44.4
2014-05-03,68.82
2014-05-04,72.52
2014-05-05,40.7
2014-05-06,35.519999999999996
2014-05-07,35.519999999999996
2014-05-08,34.78
2014-05-09,43.66
2014-05-10,65.86
2014-05-11,65.86
2014-05-12,37.0
2014-05-13,34.04
2014-05-14,34.04
2014-05-15,36.26
2014-05-16,44.4
2014-05-17,65.86
2014-05-18,65.12
2014-05-19,37.74
2014-05-20,34.04
2014-05-21,35.519999999999996
2014-05-22,37.0
2014-05-23,48.1
2014-05-24,67.34
2014-05-25,74.0
2014-05-26,67.34
2014-05-27,41.44
2014-05-28,34.78
2014-05-29,37.74
2014-05-30,46.62
2014-05-31,67.34
2014-06-01,74.26
2014-06-02,46.61
2014-06-03,43.45
2014-06-04,41.870000000000005
2014-06-05,45.82
2014-06-06,53.72
2014-06-07,71.89
2014-06-08,71.10000000000001
2014-06-09,49.77
2014-06-10,45.03
2014-06-11,46.61
2014-06-12,46.61
2014-06-13,55.300000000000004
2014-06-14,75.84
2014-06-15,71.89
2014-06-16,48.190000000000005
2014-06-17,46.61
2014-06-18,46.61
2014-06-19,48.980000000000004
2014-06-20,57.67
2014-06-21,76.63000000000001
2014-06-22,75.84
2014-06-23,50.56
2014-06-24,48.190000000000005
2014-06-25,48.190000000000005
2014-06-26,46.61
2014-06-27,57.67
2014-06-28,77.42
2014-06-29,79.0
2014-06-30,52.14
2014-07-01,48.72
2014-07-02,53.07
2014-07-03,55.68
2014-07-04,71.34
2014-07-05,79.17
2014-07-06,82.65
2014-07-07,55.68
2014-07-08,52.2
2014-07-09,47.85
2014-07-10,49.589999999999996
2014-07-11,59.16
2014-07-12,80.91
2014-07-13,78.3
2014-07-14,51.33
2014-07-15,48.72
2014-07-16,50.46
2014-07-17,47.85
2014-07-18,60.03
2014-07-19,87.0
2014-07-20,80.04
2014-07-21,53.07
2014-07-22,51.33
2014-07-23,49.589999999999996
2014-07-24,48.72
2014-07-25,60.03
2014-07-26,80.91
2014-07-27,85.26
2014-07-28,53.94
2014-07-29,50.46
2014-07-30,47.85
2014-07-31,50.46
2014-08-01,61.419999999999995
2014-08-02,83.0
2014-08-03,81.33999999999999
2014-08-04,52.29
2014-08-05,47.309999999999995
2014-08-06,46.48
2014-08-07,48.14
2014-08-08,57.269999999999996
2014-08-09,82.17
2014-08-10,78.85
2014-08-11,55.61
2014-08-12,70.55
2014-08-13,55.61
2014-08-14,48.97
2014-08-15,56.44
2014-08-16,79.67999999999999
2014-08-17,78.85
2014-08-18,46.48
2014-08-19,42.33
2014-08-20,40.669999999999995
2014-08-21,41.5
2014-08-22,53.949999999999996
2014-08-23,76.36
2014-08-24,68.06
2014-08-25,39.01
2014-08-26,39.839999999999996
2014-08-27,38.18
2014-08-28,37.35
2014-08-29,48.97
2014-08-30,72.21
2014-08-31,78.85
2014-09-01,63.050000000000004
2014-09-02,34.45
2014-09-03,30.55
2014-09-04,30.55
2014-09-05,39.65
2014-09-06,62.400000000000006
2014-09-07,55.9
2014-09-08,32.5
2014-09-09,29.900000000000002
2014-09-10,31.200000000000003
2014-09-11,31.85
2014-09-12,42.25
2014-09-13,65.0
2014-09-14,59.15
2014-09-15,33.800000000000004
2014-09-16,31.85
2014-09-17,32.5
2014-09-18,31.85
2014-09-19,41.6
2014-09-20,65.0
2014-09-21,59.800000000000004
2014-09-22,35.1
2014-09-23,30.55
2014-09-24,33.15
2014-09-25,33.800000000000004
2014-09-26,40.300000000000004
2014-09-27,63.7
2014-09-28,59.800000000000004
2014-09-29,35.1
2014-09-30,32.5
2014-10-01,30.959999999999997
2014-10-02,33.839999999999996
2014-10-03,46.08
2014-10-04,71.28
2014-10-05,65.52
2014-10-06,36.0
2014-10-07,34.56
2014-10-08,33.839999999999996
2014-10-09,35.28
2014-10-10,46.8
2014-10-11,72.0
2014-10-12,66.24
2014-10-13,41.76
2014-10-14,36.0
2014-10-15,35.28
2014-10-16,35.28
2014-10-17,45.36
2014-10-18,70.56
2014-10-19,62.64
2014-10-20,36.72
2014-10-21,36.0
2014-10-22,34.56
2014-10-23,35.28
2014-10-24,45.36
2014-10-25,66.24
2014-10-26,64.08
2014-10-27,36.0
2014-10-28,36.0
2014-10-29,35.28
2014-10-30,36.72
2014-10-31,48.239999999999995
2014-11-01,81.0
2014-11-02,69.66000000000001
2014-11-03,37.260000000000005
2014-11-04,36.45
2014-11-05,33.21
2014-11-06,35.64
2014-11-07,46.980000000000004
2014-11-08,73.71000000000001
2014-11-09,63.99
2014-11-10,41.31
2014-11-11,42.120000000000005
2014-11-12,34.830000000000005
2014-11-13,35.64
2014-11-14,46.17
2014-11-15,73.71000000000001
2014-11-16,67.23
2014-11-17,38.88
2014-11-18,35.64
2014-11-19,34.02
2014-11-20,34.830000000000005
2014-11-21,45.36
2014-11-22,72.9
2014-11-23,70.47
2014-11-24,42.120000000000005
2014-11-25,40.5
2014-11-26,51.03
2014-11-27,65.61
2014-11-28,73.71000000000001
2014-11-29,79.38000000000001
2014-11-30,67.23
2014-12-01,30.96
2014-12-02,29.24
2014-12-03,28.38
2014-12-04,28.38
2014-12-05,34.4
2014-12-06,53.32
2014-12-07,51.6
2014-12-08,31.82
2014-12-09,27.52
2014-12-10,28.38
2014-12-11,29.24
2014-12-12,35.26
2014-12-13,53.32
2014-12-14,53.32
2014-12-15,32.68
2014-12-16,32.68
2014-12-17,33.54
2014-12-18,36.12
2014-12-19,41.28
2014-12-20,56.76
2014-12-21,60.199999999999996
2014-12-22,47.3
2014-12-23,44.72
2014-12-24,55.04
2014-12-25,86.0
2014-12-26,76.53999999999999
2014-12-27,77.4
2014-12-28,72.24
2014-12-29,54.18
2014-12-30,53.32
2014-12-31,54.18
2015-01-01,86.0
2015-01-02,77.4
2015-01-03,82.56
2015-01-04,74.82
2015-01-05,45.58
2015-01-06,41.28
2015-01-07,38.7
2015-01-08,40.42
2015-01-09,49.019999999999996
2015-01-10,73.96
2015-01-11,67.08
2015-01-12,44.72
2015-01-13,36.12
2015-01-14,36.98
2015-01-15,40.42
2015-01-16,50.74
2015-01-17,79.98
2015-01-18,76.53999999999999
2015-01-19,61.06
2015-01-20,39.56
2015-01-21,36.12
2015-01-22,36.12
2015-01-23,47.3
2015-01-24,78.26
2015-01-25,73.96
2015-01-26,41.28
2015-01-27,37.839999999999996
2015-01-28,35.26
2015-01-29,36.98
2015-01-30,43.0
2015-01-31,69.66
2015-02-01,55.38
2015-02-02,31.98
2015-02-03,31.98
2015-02-04,28.86
2015-02-05,32.76
2015-02-06,42.120000000000005
2015-02-07,66.3
2015-02-08,64.74000000000001
2015-02-09,35.88
2015-02-10,31.98
2015-02-11,32.76
2015-02-12,34.32
2015-02-13,44.46
2015-02-14,74.88
2015-02-15,78.0
2015-02-16,53.04
2015-02-17,40.56
2015-02-18,35.88
2015-02-19,35.88
2015-02-20,45.24
2015-02-21,69.42
2015-02-22,67.08
2015-02-23,42.120000000000005
2015-02-24,34.32
2015-02-25,32.76
2015-02-26,34.32
2015-02-27,39.78
2015-02-28,61.620000000000005
2015-03-01,68.16
2015-03-02,38.339999999999996
2015-03-03,33.37
2015-03-04,34.08
2015-03-05,38.339999999999996
2015-03-06,47.57
2015-03-07,70.28999999999999
2015-03-08,67.45
2015-03-09,38.339999999999996
2015-03-10,35.5
2015-03-11,34.79
2015-03-12,34.79
2015-03-13,46.86
2015-03-14,71.0
2015-03-15,65.32
2015-03-16,37.629999999999995
2015-03-17,34.79
2015-03-18,34.79
2015-03-19,34.79
2015-03-20,46.15
2015-03-21,70.28999999999999
2015-03-22,66.74
2015-03-23,39.05
2015-03-24,36.21
2015-03-25,39.76
2015-03-26,34.79
2015-03-27,45.44
2015-03-28,69.58
2015-03-29,62.48
2015-03-30,39.76
2015-03-31,36.92
2015-04-01,35.5
2015-04-02,40.47
2015-04-03,56.8
2015-04-04,71.0
2015-04-05,68.86999999999999
2015-04-06,44.019999999999996
2015-04-07,39.76
2015-04-08,36.92
2015-04-09,38.339999999999996
2015-04-10,46.86
2015-04-11,66.03
2015-04-12,64.61
2015-04-13,36.21
2015-04-14,33.37
2015-04-15,31.95
2015-04-16,34.79
2015-04-17,46.15
2015-04-18,65.32
2015-04-19,66.03
2015-04-20,36.92
2015-04-21,34.79
2015-04-22,32.66
2015-04-23,34.79
2015-04-24,44.019999999999996
2015-04-25,71.0
2015-04-26,64.61
2015-04-27,37.629999999999995
2015-04-28,34.08
2015-04-29,31.95
2015-04-30,32.66
2015-05-01,44.08
2015-05-02,62.32
2015-05-03,60.04
2015-05-04,38.76
2015-05-05,33.44
2015-05-06,33.44
2015-05-07,34.2
2015-05-08,43.32
2015-05-09,66.12
2015-05-10,68.4
2015-05-11,38.76
2015-05-12,34.2
2015-05-13,35.72
2015-05-14,37.24
2015-05-15,47.12
2015-05-16,72.96000000000001
2015-05-17,69.92
2015-05-18,39.52
2015-05-19,39.52
2015-05-20,37.24
2015-05-21,38.0
2015-05-22,50.160000000000004
2015-05-23,74.48
2015-05-24,76.0
2015-05-25,69.92
2015-05-26,43.32
2015-05-27,38.0
2015-05-28,38.76
2015-05-29,47.12
2015-05-30,70.68
2015-05-31,70.68
2015-06-01,47.309999999999995
2015-06-02,45.65
2015-06-03,45.65
2015-06-04,45.65
2015-06-05,53.949999999999996
2015-06-06,80.50999999999999
2015-06-07,75.53
2015-06-08,48.97
2015-06-09,46.48
2015-06-10,45.65
2015-06-11,48.14
2015-06-12,60.589999999999996
2015-06-13,83.0
2015-06-14,82.17
2015-06-15,52.29
2015-06-16,48.14
2015-06-17,48.14
2015-06-18,51.46
2015-06-19,58.099999999999994
2015-06-20,76.36
2015-06-21,81.33999999999999
2015-06-22,52.29
2015-06-23,51.46
2015-06-24,46.48
2015-06-25,48.14
2015-06-26,55.61
2015-06-27,83.0
2015-06-28,82.17
2015-06-29,51.46
2015-06-30,48.14
2015-07-01,49.3
2015-07-02,53.55
2015-07-03,69.7
2015-07-04,73.1
2015-07-05,74.8
2015-07-06,52.699999999999996
2015-07-07,51.0
2015-07-08,49.3
2015-07-09,51.0
2015-07-10,58.65
2015-07-11,81.6
2015-07-12,83.3
2015-07-13,51.0
2015-07-14,49.3
2015-07-15,45.9
2015-07-16,47.6
2015-07-17,57.8
2015-07-18,82.45
2015-07-19,83.3
2015-07-20,51.0
2015-07-21,50.15
2015-07-22,46.75
2015-07-23,48.449999999999996
2015-07-24,57.8
2015-07-25,80.75
2015-07-26,85.0
2015-07-27,53.55
2015-07-28,50.15
2015-07-29,49.3
2015-07-30,49.3
2015-07-31,56.949999999999996
2015-08-01,73.71000000000001
2015-08-02,76.95
2015-08-03,50.220000000000006
2015-08-04,47.790000000000006
2015-08-05,48.6
2015-08-06,46.17
2015-08-07,55.89
2015-08-08,77.76
2015-08-09,78.57000000000001
2015-08-10,51.03
2015-08-11,48.6
2015-08-12,45.36
2015-08-13,46.17
2015-08-14,57.510000000000005
2015-08-15,78.57000000000001
2015-08-16,81.0
2015-08-17,52.650000000000006
2015-08-18,48.6
2015-08-19,46.17
2015-08-20,43.74
2015-08-21,53.46
2015-08-22,75.33
2015-08-23,74.52000000000001
2015-08-24,41.31
2015-08-25,40.5
2015-08-26,38.07
2015-08-27,38.88
2015-08-28,47.790000000000006
2015-08-29,72.9
2015-08-30,72.9
2015-08-31,39.690000000000005
2015-09-01,32.25
2015-09-02,34.5
2015-09-03,34.5
2015-09-04,45.0
2015-09-05,68.25
2015-09-06,75.0
2015-09-07,69.75
2015-09-08,36.0
2015-09-09,32.25
2015-09-10,33.0
2015-09-11,42.0
2015-09-12,72.75
2015-09-13,66.0
2015-09-14,36.0
2015-09-15,30.75
2015-09-16,31.5
2015-09-17,30.75
2015-09-18,40.5
2015-09-19,66.75
2015-09-20,60.0
2015-09-21,33.0
2015-09-22,32.25
2015-09-23,33.0
2015-09-24,32.25
2015-09-25,42.0
2015-09-26,66.0
2015-09-27,60.75
2015-09-28,33.0
2015-09-29,31.5
2015-09-30,31.5
2015-10-01,34.5
2015-10-02,47.25
2015-10-03,75.0
2015-10-04,66.75
2015-10-05,36.75
2015-10-06,34.5
2015-10-07,33.75
2015-10-08,33.75
2015-10-09,45.0
2015-10-10,68.25
2015-10-11,64.5
2015-10-12,40.5
2015-10-13,33.75
2015-10-14,33.75
2015-10-15,36.75
2015-10-16,46.5
2015-10-17,69.75
2015-10-18,66.0
2015-10-19,39.0
2015-10-20,38.25
2015-10-21,36.0
2015-10-22,37.5
2015-10-23,45.75
2015-10-24,72.0
2015-10-25,68.25
2015-10-26,39.75
2015-10-27,36.0
2015-10-28,35.25
2015-10-29,36.0
2015-10-30,48.75
2015-10-31,74.25
2015-11-01,73.71000000000001
2015-11-02,38.07
2015-11-03,34.02
2015-11-04,34.830000000000005
2015-11-05,34.02
2015-11-06,45.36
2015-11-07,73.71000000000001
2015-11-08,68.85000000000001
2015-11-09,38.88
2015-11-10,36.45
2015-11-11,41.31
2015-11-12,37.260000000000005
2015-11-13,44.550000000000004
2015-11-14,65.61
2015-11-15,62.370000000000005
2015-11-16,36.45
2015-11-17,34.830000000000005
2015-11-18,34.830000000000005
2015-11-19,36.45
2015-11-20,46.17
2015-11-21,71.28
2015-11-22,69.66000000000001
2015-11-23,42.93
2015-11-24,42.120000000000005
2015-11-25,51.03
2015-11-26,63.99
2015-11-27,72.9
2015-11-28,81.0
2015-11-29,72.9
2015-11-30,38.07
2015-12-01,31.62
2015-12-02,31.62
2015-12-03,31.62
2015-12-04,35.34
2015-12-05,55.800000000000004
2015-12-06,55.800000000000004
2015-12-07,32.550000000000004
2015-12-08,31.62
2015-12-09,31.62
2015-12-10,33.480000000000004
2015-12-11,38.13
2015-12-12,57.660000000000004
2015-12-13,58.59
2015-12-14,38.13
2015-12-15,36.27
2015-12-16,37.2
2015-12-17,39.06
2015-12-18,52.080000000000005
2015-12-19,70.68
2015-12-20,69.75
2015-12-21,54.870000000000005
2015-12-22,51.150000000000006
2015-12-23,53.010000000000005
2015-12-24,61.38
2015-12-25,85.56
2015-12-26,93.0
2015-12-27,82.77000000000001
2015-12-28,64.17
2015-12-29,61.38
2015-12-30,57.660000000000004
2015-12-31,59.52
2016-01-01,87.4
2016-01-02,92.0
2016-01-03,75.44
2016-01-04,46.92
2016-01-05,41.4
2016-01-06,38.64
2016-01-07,39.56
2016-01-08,47.84
2016-01-09,72.68
2016-01-10,65.32000000000001
2016-01-11,46.0
2016-01-12,37.72
2016-01-13,35.88
2016-01-14,38.64
2016-01-15,49.68
2016-01-16,75.44
2016-01-17,77.28
2016-01-18,63.480000000000004
2016-01-19,40.480000000000004
2016-01-20,36.800000000000004
2016-01-21,35.88
2016-01-22,46.0
2016-01-23,74.52000000000001
2016-01-24,69.92
2016-01-25,40.480000000000004
2016-01-26,35.88
2016-01-27,34.96
2016-01-28,34.04
2016-01-29,41.4
2016-01-30,69.0
2016-01-31,69.92
2016-02-01,33.44
2016-02-02,28.88
2016-02-03,28.88
2016-02-04,30.4
2016-02-05,36.480000000000004
2016-02-06,59.28
2016-02-07,52.44
2016-02-08,31.92
2016-02-09,30.4
2016-02-10,29.64
2016-02-11,30.4
2016-02-12,41.04
2016-02-13,66.12
2016-02-14,76.0
2016-02-15,53.2
2016-02-16,33.44
2016-02-17,31.16
2016-02-18,30.4
2016-02-19,37.24
2016-02-20,60.04
2016-02-21,59.28
2016-02-22,33.44
2016-02-23,28.88
2016-02-24,28.12
2016-02-25,29.64
2016-02-26,36.480000000000004
2016-02-27,57.76
2016-02-28,59.28
2016-02-29,38.0
2016-03-01,34.5
2016-03-02,33.75
2016-03-03,33.75
2016-03-04,43.5
2016-03-05,74.25
2016-03-06,71.25
2016-03-07,39.75
2016-03-08,35.25
2016-03-09,33.75
2016-03-10,36.0
2016-03-11,42.75
2016-03-12,69.75
2016-03-13,72.0
2016-03-14,41.25
2016-03-15,36.75
2016-03-16,35.25
2016-03-17,36.75
2016-03-18,45.75
2016-03-19,69.75
2016-03-20,68.25
2016-03-21,41.25
2016-03-22,38.25
2016-03-23,36.75
2016-03-24,42.0
2016-03-25,60.75
2016-03-26,71.25
2016-03-27,75.0
2016-03-28,47.25
2016-03-29,42.0
2016-03-30,39.0
2016-03-31,38.25
2016-04-01,50.25
2016-04-02,75.0
2016-04-03,69.75
2016-04-04,39.75
2016-04-05,35.25
2016-04-06,36.0
2016-04-07,37.5
2016-04-08,47.25
2016-04-09,72.75
2016-04-10,72.0
2016-04-11,40.5
2016-04-12,36.75
2016-04-13,35.25
2016-04-14,36.0
2016-04-15,47.25
2016-04-16,72.0
2016-04-17,71.25
2016-04-18,39.0
2016-04-19,36.0
2016-04-20,35.25
2016-04-21,36.75
2016-04-22,46.5
2016-04-23,71.25
2016-04-24,66.75
2016-04-25,38.25
2016-04-26,36.0
2016-04-27,34.5
2016-04-28,36.0
2016-04-29,43.5
2016-04-30,73.5
2016-05-01,67.2
2016-05-02,36.800000000000004
2016-05-03,33.6
2016-05-04,32.800000000000004
2016-05-05,35.2
2016-05-06,45.6
2016-05-07,67.2
2016-05-08,71.2
2016-05-09,40.0
2016-05-10,36.800000000000004
2016-05-11,36.0
2016-05-12,36.0
2016-05-13,48.800000000000004
2016-05-14,72.8
2016-05-15,72.0
2016-05-16,41.6
2016-05-17,37.6
2016-05-18,36.0
2016-05-19,36.800000000000004
2016-05-20,48.0
2016-05-21,69.60000000000001
2016-05-22,69.60000000000001
2016-05-23,40.800000000000004
2016-05-24,39.2
2016-05-25,37.6
2016-05-26,40.0
2016-05-27,51.2
2016-05-28,70.4
2016-05-29,80.0
2016-05-30,75.2
2016-05-31,44.0
2016-06-01,47.3
2016-06-02,47.3
2016-06-03,60.199999999999996
2016-06-04,83.42
2016-06-05,83.42
2016-06-06,51.6
2016-06-07,52.46
2016-06-08,48.16
2016-06-09,50.74
2016-06-10,61.92
2016-06-11,85.14
2016-06-12,83.42
2016-06-13,55.04
2016-06-14,52.46
2016-06-15,50.74
2016-06-16,51.6
2016-06-17,65.36
2016-06-18,84.28
2016-06-19,85.14
2016-06-20,55.04
2016-06-21,55.04
2016-06-22,54.18
2016-06-23,53.32
2016-06-24,61.06
2016-06-25,86.0
2016-06-26,82.56
2016-06-27,53.32
2016-06-28,55.04
2016-06-29,53.32
2016-06-30,55.04
2016-07-01,66.96000000000001
2016-07-02,85.56
2016-07-03,92.07000000000001
2016-07-04,86.49000000000001
2016-07-05,62.31
2016-07-06,55.800000000000004
2016-07-07,54.870000000000005
2016-07-08,63.24
2016-07-09,89.28
2016-07-10,86.49000000000001
2016-07-11,55.800000000000004
2016-07-12,53.010000000000005
2016-07-13,53.010000000000005
2016-07-14,50.220000000000006
2016-07-15,59.52
2016-07-16,84.63000000000001
2016-07-17,82.77000000000001
2016-07-18,54.870000000000005
2016-07-19,52.080000000000005
2016-07-20,50.220000000000006
2016-07-21,51.150000000000006
2016-07-22,65.10000000000001
2016-07-23,89.28
2016-07-24,93.0
2016-07-25,57.660000000000004
2016-07-26,54.870000000000005
2016-07-27,52.080000000000005
2016-07-28,53.010000000000005
2016-07-29,63.24
2016-07-30,90.21000000000001
2016-07-31,92.07000000000001
2016-08-01,53.6
2016-08-02,50.400000000000006
2016-08-03,48.800000000000004
2016-08-04,47.2
2016-08-05,57.6
2016-08-06,72.0
2016-08-07,73.60000000000001
2016-08-08,47.2
2016-08-09,45.6
2016-08-10,45.6
2016-08-11,44.0
2016-08-12,53.6
2016-08-13,76.0
2016-08-14,73.60000000000001
2016-08-15,45.6
2016-08-16,44.800000000000004
2016-08-17,41.6
2016-08-18,40.800000000000004
2016-08-19,51.2
2016-08-20,74.4
2016-08-21,70.4
2016-08-22,42.400000000000006
2016-08-23,40.800000000000004
2016-08-24,38.400000000000006
2016-08-25,41.6
2016-08-26,51.2
2016-08-27,80.0
2016-08-28,76.0
2016-08-29,44.0
2016-08-30,42.400000000000006
2016-08-31,39.2
2016-09-01,35.28
2016-09-02,44.64
2016-09-03,64.8
2016-09-04,72.0
2016-09-05,63.36
2016-09-06,36.0
2016-09-07,31.68
2016-09-08,31.68
2016-09-09,40.32
2016-09-10,66.24
2016-09-11,56.16
2016-09-12,33.12
2016-09-13,31.68
2016-09-14,30.959999999999997
2016-09-15,30.959999999999997
2016-09-16,40.32
2016-09-17,64.8
2016-09-18,59.04
2016-09-19,33.839999999999996
2016-09-20,33.12
2016-09-21,31.68
2016-09-22,31.68
2016-09-23,41.04
2016-09-24,65.52
2016-09-25,61.199999999999996
2016-09-26,34.56
2016-09-27,28.799999999999997
2016-09-28,30.959999999999997
2016-09-29,32.4
2016-09-30,43.199999999999996
2016-10-01,73.71000000000001
2016-10-02,68.04
2016-10-03,40.5
2016-10-04,36.45
2016-10-05,35.64
2016-10-06,37.260000000000005
2016-10-07,46.980000000000004
2016-10-08,72.9
2016-10-09,69.66000000000001
2016-10-10,44.550000000000004
2016-10-11,38.07
2016-10-12,37.260000000000005
2016-10-13,38.07
2016-10-14,48.6
2016-10-15,73.71000000000001
2016-10-16,71.28
2016-10-17,41.31
2016-10-18,36.45
2016-10-19,36.45
2016-10-20,38.07
2016-10-21,53.46
2016-10-22,81.0
2016-10-23,74.52000000000001
2016-10-24,41.31
2016-10-25,38.88
2016-10-26,36.45
2016-10-27,38.88
2016-10-28,48.6
2016-10-29,72.9
2016-10-30,73.71000000000001
2016-10-31,46.17
2016-11-01,39.48
2016-11-02,33.6
2016-11-03,34.44
2016-11-04,47.879999999999995
2016-11-05,73.92
2016-11-06,67.2
2016-11-07,38.64
2016-11-08,34.44
2016-11-09,24.36
2016-11-10,36.96
2016-11-11,53.76
2016-11-12,75.6
2016-11-13,68.03999999999999
2016-11-14,38.64
2016-11-15,36.96
2016-11-16,35.28
2016-11-17,36.12
2016-11-18,46.199999999999996
2016-11-19,75.6
2016-11-20,74.75999999999999
2016-11-21,47.04
2016-11-22,45.36
2016-11-23,53.76
2016-11-24,68.03999999999999
2016-11-25,78.96
2016-11-26,84.0
2016-11-27,78.96
2016-11-28,42.0
2016-11-29,36.12
2016-11-30,36.12
2016-12-01,34.92
2016-12-02,41.71
2016-12-03,66.92999999999999
2016-12-04,66.92999999999999
2016-12-05,40.74
2016-12-06,37.83
2016-12-07,37.83
2016-12-08,36.86
2016-12-09,43.65
2016-12-10,68.87
2016-12-11,66.92999999999999
2016-12-12,42.68
2016-12-13,37.83
2016-12-14,37.83
2016-12-15,40.74
2016-12-16,50.44
2016-12-17,74.69
2016-12-18,74.69
2016-12-19,51.41
2016-12-20,51.41
2016-12-21,53.35
2016-12-22,56.26
2016-12-23,64.99
2016-12-24,70.81
2016-12-25,97.0
2016-12-26,97.0
2016-12-27,78.57
2016-12-28,70.81
2016-12-29,70.81
2016-12-30,70.81
2016-12-31,75.66
2017-01-01,95.0
2017-01-02,84.55
2017-01-03,57.0
2017-01-04,48.449999999999996
2017-01-05,46.55
2017-01-06,55.099999999999994
2017-01-07,88.35
2017-01-08,82.64999999999999
2017-01-09,53.199999999999996
2017-01-10,42.75
2017-01-11,40.85
2017-01-12,41.8
2017-01-13,54.15
2017-01-14,89.3
2017-01-15,82.64999999999999
2017-01-16,63.65
2017-01-17,43.699999999999996
2017-01-18,38.949999999999996
2017-01-19,39.9
2017-01-20,49.4
2017-01-21,82.64999999999999
2017-01-22,78.85
2017-01-23,45.599999999999994
2017-01-24,41.8
2017-01-25,40.85
2017-01-26,39.9
2017-01-27,50.349999999999994
2017-01-28,84.55
2017-01-29,81.7
2017-01-30,44.65
2017-01-31,38.949999999999996
2017-02-01,37.84
2017-02-02,38.72
2017-02-03,49.28
2017-02-04,83.6
2017-02-05,73.92
2017-02-06,40.48
2017-02-07,40.48
2017-02-08,40.48
2017-02-09,45.76
2017-02-10,56.32
2017-02-11,88.0
2017-02-12,88.0
2017-02-13,46.64
2017-02-14,46.64
2017-02-15,44.88
2017-02-16,41.36
2017-02-17,54.56
2017-02-18,86.24
2017-02-19,85.36
2017-02-20,63.36
2017-02-21,44.0
2017-02-22,40.48
2017-02-23,39.6
2017-02-24,49.28
2017-02-25,81.84
2017-02-26,87.12
2017-02-27,51.92
2017-02-28,42.24
2017-03-01,39.6
2017-03-02,40.5
2017-03-03,52.2
2017-03-04,84.60000000000001
2017-03-05,90.0
2017-03-06,47.7
2017-03-07,41.4
2017-03-08,39.6
2017-03-09,40.5
2017-03-10,52.2
2017-03-11,83.7
2017-03-12,83.7
2017-03-13,51.300000000000004
2017-03-14,51.300000000000004
2017-03-15,45.9
2017-03-16,45.0
2017-03-17,54.9
2017-03-18,82.8
2017-03-19,79.2
2017-03-20,43.2
2017-03-21,43.2
2017-03-22,44.1
2017-03-23,44.1
2017-03-24,54.9
2017-03-25,83.7
2017-03-26,85.5
2017-03-27,46.800000000000004
2017-03-28,42.300000000000004
2017-03-29,40.5
2017-03-30,43.2
2017-03-31,54.9
2017-04-01,83.42
2017-04-02,82.56
2017-04-03,46.44
2017-04-04,43.0
2017-04-05,42.14
2017-04-06,43.86
2017-04-07,52.46
2017-04-08,81.7
2017-04-09,75.67999999999999
2017-04-10,45.58
2017-04-11,44.72
2017-04-12,44.72
2017-04-13,47.3
2017-04-14,64.5
2017-04-15,78.26
2017-04-16,79.12
2017-04-17,50.74
2017-04-18,42.14
2017-04-19,41.28
2017-04-20,43.0
2017-04-21,54.18
2017-04-22,86.0
2017-04-23,79.12
2017-04-24,46.44
2017-04-25,41.28
2017-04-26,38.7
2017-04-27,40.42
2017-04-28,50.74
2017-04-29,77.4
2017-04-30,81.7
2017-05-01,42.5
2017-05-02,37.4
2017-05-03,36.55
2017-05-04,39.949999999999996
2017-05-05,49.3
2017-05-06,73.95
2017-05-07,74.8
2017-05-08,44.199999999999996
2017-05-09,39.1
2017-05-10,39.1
2017-05-11,39.949999999999996
2017-05-12,49.3
2017-05-13,77.35
2017-05-14,76.5
2017-05-15,44.199999999999996
2017-05-16,40.8
2017-05-17,39.949999999999996
2017-05-18,39.1
2017-05-19,51.85
2017-05-20,78.2
2017-05-21,75.64999999999999
2017-05-22,45.9
2017-05-23,43.35
2017-05-24,43.35
2017-05-25,49.3
2017-05-26,57.8
2017-05-27,78.2
2017-05-28,85.0
2017-05-29,85.0
2017-05-30,50.15
2017-05-31,44.199999999999996
2017-06-01,49.29
2017-06-02,60.45
2017-06-03,85.56
2017-06-04,87.42
2017-06-05,57.660000000000004
2017-06-06,53.010000000000005
2017-06-07,53.010000000000005
2017-06-08,49.29
2017-06-09,61.38
2017-06-10,80.91000000000001
2017-06-11,82.77000000000001
2017-06-12,54.870000000000005
2017-06-13,50.220000000000006
2017-06-14,52.080000000000005
2017-06-15,53.010000000000005
2017-06-16,66.03
2017-06-17,93.0
2017-06-18,93.0
2017-06-19,61.38
2017-06-20,59.52
2017-06-21,57.660000000000004
2017-06-22,58.59
2017-06-23,66.96000000000001
2017-06-24,86.49000000000001
2017-06-25,89.28
2017-06-26,58.59
2017-06-27,58.59
2017-06-28,53.940000000000005
2017-06-29,55.800000000000004
2017-06-30,66.03
2017-07-01,87.0
2017-07-02,88.0
2017-07-03,71.0
2017-07-04,87.0
2017-07-05,58.0
2017-07-06,58.0
2017-07-07,70.0
2017-07-08,90.0
2017-07-09,89.0
2017-07-10,59.0
2017-07-11,57.0
2017-07-12,55.0
2017-07-13,56.0
2017-07-14,66.0
2017-07-15,88.0
2017-07-16,90.0
2017-07-17,63.0
2017-07-18,59.0
2017-07-19,56.0
2017-07-20,56.0
2017-07-21,69.0
2017-07-22,100.0
2017-07-23,95.0
2017-07-24,63.0
2017-07-25,62.0
2017-07-26,58.0
2017-07-27,58.0
2017-07-28,72.0
2017-07-29,92.0
2017-07-30,92.0
2017-07-31,60.0
2017-08-01,53.12
2017-08-02,52.29
2017-08-03,52.29
2017-08-04,59.76
2017-08-05,83.0
2017-08-06,83.0
2017-08-07,57.269999999999996
2017-08-08,50.629999999999995
2017-08-09,50.629999999999995
2017-08-10,48.97
2017-08-11,58.099999999999994
2017-08-12,81.33999999999999
2017-08-13,79.67999999999999
2017-08-14,50.629999999999995
2017-08-15,48.14
2017-08-16,43.989999999999995
2017-08-17,43.989999999999995
2017-08-18,53.949999999999996
2017-08-19,77.19
2017-08-20,73.03999999999999
2017-08-21,43.989999999999995
2017-08-22,43.989999999999995
2017-08-23,41.5
2017-08-24,39.839999999999996
2017-08-25,50.629999999999995
2017-08-26,70.55
2017-08-27,64.74
2017-08-28,43.989999999999995
2017-08-29,43.16
2017-08-30,39.839999999999996
2017-08-31,40.669999999999995
2017-09-01,46.02
2017-09-02,70.98
2017-09-03,78.0
2017-09-04,67.08
2017-09-05,36.660000000000004
2017-09-06,31.200000000000003
2017-09-07,35.88
2017-09-08,46.02
2017-09-09,72.54
2017-09-10,66.3
2017-09-11,39.78
2017-09-12,37.44
2017-09-13,35.1
2017-09-14,34.32
2017-09-15,46.02
2017-09-16,67.86
2017-09-17,62.400000000000006
2017-09-18,35.88
2017-09-19,35.1
2017-09-20,34.32
2017-09-21,36.660000000000004
2017-09-22,45.24
2017-09-23,68.64
2017-09-24,62.400000000000006
2017-09-25,35.88
2017-09-26,35.88
2017-09-27,33.54
2017-09-28,32.76
2017-09-29,42.9
2017-09-30,70.98
2017-10-01,65.52
2017-10-02,36.660000000000004
2017-10-03,34.32
2017-10-04,34.32
2017-10-05,37.44
2017-10-06,46.02
2017-10-07,70.98
2017-10-08,74.88
2017-10-09,49.14
2017-10-10,39.78
2017-10-11,39.0
2017-10-12,39.0
2017-10-13,51.480000000000004
2017-10-14,78.0
2017-10-15,71.76
2017-10-16,41.34
2017-10-17,39.0
2017-10-18,36.660000000000004
2017-10-19,35.88
2017-10-20,48.36
2017-10-21,74.10000000000001
2017-10-22,69.42
2017-10-23,41.34
2017-10-24,38.22
2017-10-25,38.22
2017-10-26,38.22
2017-10-27,48.36
2017-10-28,70.2
2017-10-29,70.98
2017-10-30,39.78
2017-10-31,42.9
2017-11-01,39.690000000000005
2017-11-02,38.07
2017-11-03,49.410000000000004
2017-11-04,77.76
2017-11-05,70.47
2017-11-06,41.31
2017-11-07,38.88
2017-11-08,36.45
2017-11-09,38.88
2017-11-10,55.080000000000005
2017-11-11,74.52000000000001
2017-11-12,71.28
2017-11-13,40.5
2017-11-14,36.45
2017-11-15,35.64
2017-11-16,36.45
2017-11-17,46.980000000000004
2017-11-18,76.14
2017-11-19,74.52000000000001
2017-11-20,46.980000000000004
2017-11-21,46.980000000000004
2017-11-22,54.27
2017-11-23,65.61
2017-11-24,74.52000000000001
2017-11-25,81.0
2017-11-26,75.33
2017-11-27,38.88
2017-11-28,34.02
2017-11-29,36.45
2017-11-30,36.45
2017-12-01,39.48
2017-12-02,61.099999999999994
2017-12-03,62.04
2017-12-04,35.72
2017-12-05,32.9
2017-12-06,32.9
2017-12-07,33.839999999999996
2017-12-08,40.419999999999995
2017-12-09,63.919999999999995
2017-12-10,63.919999999999995
2017-12-11,36.66
2017-12-12,34.78
2017-12-13,36.66
2017-12-14,38.54
2017-12-15,47.0
2017-12-16,69.56
2017-12-17,71.44
2017-12-18,46.059999999999995
2017-12-19,44.18
2017-12-20,45.12
2017-12-21,49.82
2017-12-22,57.339999999999996
2017-12-23,71.44
2017-12-24,71.44
2017-12-25,94.0
2017-12-26,83.66
2017-12-27,71.44
2017-12-28,65.8
2017-12-29,65.8
2017-12-30,80.83999999999999
2017-12-31,78.02
2018-01-01,87.0
2018-01-02,60.03
2018-01-03,47.85
2018-01-04,50.46
2018-01-05,60.9
2018-01-06,87.0
2018-01-07,80.91
2018-01-08,52.2
2018-01-09,40.89
2018-01-10,41.76
2018-01-11,40.02
2018-01-12,55.68
2018-01-13,84.39
2018-01-14,84.39
2018-01-15,66.99
2018-01-16,43.5
2018-01-17,42.63
2018-01-18,42.63
2018-01-19,51.33
2018-01-20,80.91
2018-01-21,73.95
2018-01-22,42.63
2018-01-23,40.89
2018-01-24,38.28
2018-01-25,38.28
2018-01-26,48.72
2018-01-27,84.39
2018-01-28,79.17
2018-01-29,40.89
2018-01-30,38.28
2018-01-31,34.8
2018-02-01,34.4
2018-02-02,43.86
2018-02-03,73.1
2018-02-04,62.78
2018-02-05,36.98
2018-02-06,36.12
2018-02-07,36.98
2018-02-08,36.12
2018-02-09,44.72
2018-02-10,76.53999999999999
2018-02-11,74.82
2018-02-12,42.14
2018-02-13,36.98
2018-02-14,39.56
2018-02-15,40.42
2018-02-16,52.46
2018-02-17,79.12
2018-02-18,86.0
2018-02-19,61.06
2018-02-20,43.0
2018-02-21,37.839999999999996
2018-02-22,38.7
2018-02-23,46.44
2018-02-24,75.67999999999999
2018-02-25,74.82
2018-02-26,40.42
2018-02-27,35.26
2018-02-28,34.4
2018-03-01,37.8
2018-03-02,48.72
2018-03-03,80.64
2018-03-04,84.0
2018-03-05,50.4
2018-03-06,38.64
2018-03-07,39.48
2018-03-08,41.16
2018-03-09,49.559999999999995
2018-03-10,77.28
2018-03-11,76.44
2018-03-12,45.36
2018-03-13,41.16
2018-03-14,40.32
2018-03-15,39.48
2018-03-16,52.08
2018-03-17,77.28
2018-03-18,73.92
2018-03-19,41.16
2018-03-20,38.64
2018-03-21,42.839999999999996
2018-03-22,42.0
2018-03-23,49.559999999999995
2018-03-24,76.44
2018-03-25,78.96
2018-03-26,47.04
2018-03-27,45.36
2018-03-28,41.16
2018-03-29,44.519999999999996
2018-03-30,61.32
2018-03-31,72.24
2018-04-01,74.75999999999999
2018-04-02,50.4
2018-04-03,43.68
2018-04-04,42.0
2018-04-05,42.0
2018-04-06,55.44
2018-04-07,84.0
2018-04-08,77.28
2018-04-09,42.0
2018-04-10,36.96
2018-04-11,36.12
2018-04-12,35.28
2018-04-13,48.72
2018-04-14,76.44
2018-04-15,76.44
2018-04-16,42.0
2018-04-17,36.96
2018-04-18,34.44
2018-04-19,36.96
2018-04-20,46.199999999999996
2018-04-21,72.24
2018-04-22,70.56
2018-04-23,39.48
2018-04-24,36.12
2018-04-25,35.28
2018-04-26,38.64
2018-04-27,54.6
2018-04-28,82.32
2018-04-29,84.0
2018-04-30,50.4
2018-05-01,41.31
2018-05-02,38.88
2018-05-03,39.690000000000005
2018-05-04,50.220000000000006
2018-05-05,72.9
2018-05-06,73.71000000000001
2018-05-07,42.120000000000005
2018-05-08,39.690000000000005
2018-05-09,37.260000000000005
2018-05-10,37.260000000000005
2018-05-11,47.790000000000006
2018-05-12,76.14
2018-05-13,78.57000000000001
2018-05-14,45.36
2018-05-15,40.5
2018-05-16,38.07
2018-05-17,39.690000000000005
2018-05-18,50.220000000000006
2018-05-19,73.71000000000001
2018-05-20,72.9
2018-05-21,42.120000000000005
2018-05-22,39.690000000000005
2018-05-23,39.690000000000005
2018-05-24,38.88
2018-05-25,49.410000000000004
2018-05-26,71.28
2018-05-27,81.0
2018-05-28,76.14
2018-05-29,46.17
2018-05-30,40.5
2018-05-31,40.5
2018-06-01,49.84
2018-06-02,73.87
2018-06-03,75.65
2018-06-04,47.17
2018-06-05,44.5
2018-06-06,42.72
2018-06-07,47.17
2018-06-08,55.18
2018-06-09,76.54
2018-06-10,84.55
2018-06-11,52.51
2018-06-12,48.95
2018-06-13,49.84
2018-06-14,48.95
2018-06-15,63.19
2018-06-16,83.66
2018-06-17,89.0
2018-06-18,56.07
2018-06-19,56.07
2018-06-20,50.730000000000004
2018-06-21,51.62
2018-06-22,63.19
2018-06-23,86.33
2018-06-24,85.44
2018-06-25,54.29
2018-06-26,51.62
2018-06-27,49.84
2018-06-28,49.84
2018-06-29,55.18
2018-06-30,75.65
2018-07-01,84.6
2018-07-02,56.4
2018-07-03,58.279999999999994
2018-07-04,80.83999999999999
2018-07-05,62.98
2018-07-06,69.56
2018-07-07,88.36
2018-07-08,87.42
2018-07-09,57.339999999999996
2018-07-10,54.519999999999996
2018-07-11,52.64
2018-07-12,52.64
2018-07-13,63.919999999999995
2018-07-14,86.47999999999999
2018-07-15,91.17999999999999
2018-07-16,57.339999999999996
2018-07-17,56.4
2018-07-18,51.699999999999996
2018-07-19,51.699999999999996
2018-07-20,64.86
2018-07-21,94.0
2018-07-22,93.05999999999999
2018-07-23,62.98
2018-07-24,58.279999999999994
2018-07-25,55.459999999999994
2018-07-26,53.58
2018-07-27,66.74
2018-07-28,85.53999999999999
2018-07-29,86.47999999999999
2018-07-30,59.22
2018-07-31,56.4
2018-08-01,50.400000000000006
2018-08-02,48.800000000000004
2018-08-03,56.0
2018-08-04,78.4
2018-08-05,75.2
2018-08-06,51.2
2018-08-07,47.2
2018-08-08,47.2
2018-08-09,47.2
2018-08-10,56.0
2018-08-11,79.2
2018-08-12,80.0
2018-08-13,50.400000000000006
2018-08-14,47.2
2018-08-15,46.400000000000006
2018-08-16,41.6
2018-08-17,53.6
2018-08-18,76.80000000000001
2018-08-19,78.4
2018-08-20,46.400000000000006
2018-08-21,43.2
2018-08-22,40.0
2018-08-23,38.400000000000006
2018-08-24,48.0
2018-08-25,73.60000000000001
2018-08-26,70.4
2018-08-27,41.6
2018-08-28,38.400000000000006
2018-08-29,36.800000000000004
2018-08-30,37.6
2018-08-31,46.400000000000006
2018-09-01,68.73
2018-09-02,79.0
2018-09-03,74.26
2018-09-04,38.71
2018-09-05,33.18
2018-09-06,36.34
2018-09-07,47.400000000000006
2018-09-08,75.05
2018-09-09,65.57000000000001
2018-09-10,39.5
2018-09-11,36.34
2018-09-12,33.97
2018-09-13,34.760000000000005
2018-09-14,46.61
2018-09-15,71.89
2018-09-16,63.2
2018-09-17,38.71
2018-09-18,37.13
2018-09-19,35.550000000000004
2018-09-20,35.550000000000004
2018-09-21,45.03
2018-09-22,71.89
2018-09-23,66.36
2018-09-24,37.92
2018-09-25,35.550000000000004
2018-09-26,34.760000000000005
2018-09-27,36.34
2018-09-28,45.82
2018-09-29,68.73
2018-09-30,67.94
2018-10-01,39.2
2018-10-02,38.400000000000006
2018-10-03,36.0
2018-10-04,39.2
2018-10-05,49.6
2018-10-06,76.80000000000001
2018-10-07,69.60000000000001
2018-10-08,49.6
2018-10-09,40.0
2018-10-10,37.6
2018-10-11,41.6
2018-10-12,52.0
2018-10-13,80.0
2018-10-14,75.2
2018-10-15,41.6
2018-10-16,38.400000000000006
2018-10-17,36.800000000000004
2018-10-18,39.2
2018-10-19,53.6
2018-10-20,77.60000000000001
2018-10-21,72.0
2018-10-22,42.400000000000006
2018-10-23,38.400000000000006
2018-10-24,36.0
2018-10-25,39.2
2018-10-26,50.400000000000006
2018-10-27,76.0
2018-10-28,72.8
2018-10-29,40.800000000000004
2018-10-30,40.800000000000004
2018-10-31,44.0
2018-11-01,43.5
2018-11-02,53.94
2018-11-03,80.04
2018-11-04,72.21
2018-11-05,42.63
2018-11-06,40.89
2018-11-07,33.06
2018-11-08,38.28
2018-11-09,49.589999999999996
2018-11-10,80.04
2018-11-11,77.42999999999999
2018-11-12,51.33
2018-11-13,40.02
2018-11-14,36.54
2018-11-15,37.41
2018-11-16,48.72
2018-11-17,76.56
2018-11-18,75.69
2018-11-19,48.72
2018-11-20,47.85
2018-11-21,56.55
2018-11-22,68.73
2018-11-23,83.52
2018-11-24,87.0
2018-11-25,73.95
2018-11-26,42.63
2018-11-27,36.54
2018-11-28,39.15
2018-11-29,38.28
2018-11-30,44.37
2018-12-01,62.4
2018-12-02,59.519999999999996
2018-12-03,35.519999999999996
2018-12-04,31.68
2018-12-05,32.64
2018-12-06,32.64
2018-12-07,38.4
2018-12-08,61.44
2018-12-09,60.48
2018-12-10,36.48
2018-12-11,35.519999999999996
2018-12-12,34.56
2018-12-13,35.519999999999996
2018-12-14,40.32
2018-12-15,67.2
2018-12-16,61.44
2018-12-17,40.32
2018-12-18,37.44
2018-12-19,39.36
2018-12-20,42.239999999999995
2018-12-21,49.92
2018-12-22,67.2
2018-12-23,70.08
2018-12-24,67.2
2018-12-25,96.0
2018-12-26,76.8
2018-12-27,69.12
2018-12-28,69.12
2018-12-29,79.67999999999999
2018-12-30,76.8
2018-12-31,69.12
2019-01-01,87.0
2019-01-02,59.16
2019-01-03,48.72
2019-01-04,53.94
2019-01-05,73.08
2019-01-06,68.73
2019-01-07,43.5
2019-01-08,35.67
2019-01-09,35.67
2019-01-10,36.54
2019-01-11,45.24
2019-01-12,71.34
2019-01-13,68.73
2019-01-14,40.02
2019-01-15,35.67
2019-01-16,35.67
2019-01-17,35.67
2019-01-18,46.98
2019-01-19,73.08
2019-01-20,72.21
2019-01-21,54.81
2019-01-22,36.54
2019-01-23,33.93
2019-01-24,33.06
2019-01-25,41.76
2019-01-26,71.34
2019-01-27,67.86
2019-01-28,36.54
2019-01-29,33.93
2019-01-30,35.67
2019-01-31,33.93
2019-02-01,41.08
2019-02-02,69.52000000000001
2019-02-03,59.25
2019-02-04,33.18
2019-02-05,33.97
2019-02-06,32.39
2019-02-07,33.97
2019-02-08,43.45
2019-02-09,77.42
2019-02-10,72.68
2019-02-11,39.5
2019-02-12,37.13
2019-02-13,35.550000000000004
2019-02-14,41.08
2019-02-15,52.93
2019-02-16,76.63000000000001
2019-02-17,79.0
2019-02-18,55.300000000000004
2019-02-19,37.92
2019-02-20,37.13
2019-02-21,34.760000000000005
2019-02-22,44.24
2019-02-23,73.47
2019-02-24,71.10000000000001
2019-02-25,44.24
2019-02-26,33.97
2019-02-27,33.18
2019-02-28,33.18
2019-03-01,45.6
2019-03-02,80.0
2019-03-03,77.60000000000001
2019-03-04,43.2
2019-03-05,38.400000000000006
2019-03-06,35.2
2019-03-07,36.0
2019-03-08,47.2
2019-03-09,79.2
2019-03-10,77.60000000000001
2019-03-11,44.800000000000004
2019-03-12,40.800000000000004
2019-03-13,39.2
2019-03-14,40.0
2019-03-15,48.800000000000004
2019-03-16,72.8
2019-03-17,72.8
2019-03-18,43.2
2019-03-19,40.0
2019-03-20,37.6
2019-03-21,39.2
2019-03-22,52.0
2019-03-23,76.0
2019-03-24,72.8
2019-03-25,42.400000000000006
2019-03-26,40.0
2019-03-27,36.800000000000004
2019-03-28,37.6
2019-03-29,47.2
2019-03-30,72.8
2019-03-31,69.60000000000001
2019-04-01,33.6
2019-04-02,36.0
2019-04-03,32.800000000000004
2019-04-04,34.4
2019-04-05,44.0
2019-04-06,64.0
2019-04-07,63.2
2019-04-08,33.6
2019-04-09,32.0
2019-04-10,31.200000000000003
2019-04-11,31.200000000000003
2019-04-12,41.6
2019-04-13,62.400000000000006
2019-04-14,60.0
2019-04-15,34.4
2019-04-16,32.800000000000004
2019-04-17,32.800000000000004
2019-04-18,34.4
2019-04-19,48.800000000000004
2019-04-20,66.4
2019-04-21,64.0
2019-04-22,37.6
2019-04-23,34.4
2019-04-24,34.4
2019-04-25,40.0
2019-04-26,55.2
2019-04-27,80.0
2019-04-28,79.2
2019-04-29,44.800000000000004
2019-04-30,41.6
2019-05-01,42.120000000000005
2019-05-02,42.120000000000005
2019-05-03,51.84
2019-05-04,75.33
2019-05-05,75.33
2019-05-06,42.93
2019-05-07,39.690000000000005
2019-05-08,38.07
2019-05-09,38.07
2019-05-10,48.6
2019-05-11,72.9
2019-05-12,76.95
2019-05-13,42.120000000000005
2019-05-14,36.45
2019-05-15,34.830000000000005
2019-05-16,36.45
2019-05-17,46.17
2019-05-18,67.23
2019-05-19,68.85000000000001
2019-05-20,39.690000000000005
2019-05-21,38.07
2019-05-22,38.07
2019-05-23,39.690000000000005
2019-05-24,50.220000000000006
2019-05-25,71.28
2019-05-26,81.0
2019-05-27,75.33
2019-05-28,47.790000000000006
2019-05-29,40.5
2019-05-30,40.5
2019-05-31,47.790000000000006
2019-06-01,78.2
2019-06-02,80.75
2019-06-03,50.15
2019-06-04,48.449999999999996
2019-06-05,48.449999999999996
2019-06-06,47.6
2019-06-07,59.5
2019-06-08,79.05
2019-06-09,85.0
2019-06-10,51.85
2019-06-11,50.15
2019-06-12,49.3
2019-06-13,47.6
2019-06-14,55.25
2019-06-15,77.35
2019-06-16,84.14999999999999
2019-06-17,54.4
2019-06-18,54.4
2019-06-19,51.0
2019-06-20,51.0
2019-06-21,61.199999999999996
2019-06-22,83.3
2019-06-23,84.14999999999999
2019-06-24,56.1
2019-06-25,55.25
2019-06-26,49.3
2019-06-27,51.85
2019-06-28,56.949999999999996
2019-06-29,81.6
2019-06-30,81.6
2019-07-01,52.2
2019-07-02,53.07
2019-07-03,53.07
2019-07-04,66.12
2019-07-05,70.47
2019-07-06,81.78
2019-07-07,75.69
2019-07-08,53.07
2019-07-09,49.589999999999996
2019-07-10,46.98
2019-07-11,47.85
2019-07-12,55.68
2019-07-13,74.82
2019-07-14,76.56
2019-07-15,52.2
2019-07-16,51.33
2019-07-17,49.589999999999996
2019-07-18,50.46
2019-07-19,59.16
2019-07-20,80.91
2019-07-21,87.0
2019-07-22,58.29
2019-07-23,54.81
2019-07-24,49.589999999999996
2019-07-25,46.98
2019-07-26,56.55
2019-07-27,78.3
2019-07-28,78.3
2019-07-29,53.07
2019-07-30,50.46
2019-07-31,46.11
2019-08-01,45.0
2019-08-02,54.0
2019-08-03,72.0
2019-08-04,70.5
2019-08-05,47.25
2019-08-06,44.25
2019-08-07,45.75
2019-08-08,44.25
2019-08-09,50.25
2019-08-10,74.25
2019-08-11,71.25
2019-08-12,47.25
2019-08-13,48.0
2019-08-14,43.5
2019-08-15,42.75
2019-08-16,51.75
2019-08-17,75.0
2019-08-18,73.5
2019-08-19,44.25
2019-08-20,42.0
2019-08-21,40.5
2019-08-22,40.5
2019-08-23,49.5
2019-08-24,73.5
2019-08-25,71.25
2019-08-26,42.0
2019-08-27,39.75
2019-08-28,36.75
2019-08-29,36.75
2019-08-30,43.5
2019-08-31,64.5
2019-09-01,71.0
2019-09-02,70.28999999999999
2019-09-03,39.76
2019-09-04,32.66
2019-09-05,34.79
2019-09-06,42.599999999999994
2019-09-07,67.45
2019-09-08,62.48
2019-09-09,36.21
2019-09-10,34.08
2019-09-11,33.37
2019-09-12,34.08
2019-09-13,44.73
2019-09-14,71.0
2019-09-15,63.19
2019-09-16,35.5
2019-09-17,34.79
2019-09-18,34.08
2019-09-19,34.08
2019-09-20,44.73
2019-09-21,67.45
2019-09-22,62.48
2019-09-23,37.629999999999995
2019-09-24,34.79
2019-09-25,34.08
2019-09-26,33.37
2019-09-27,43.309999999999995
2019-09-28,67.45
2019-09-29,63.9
2019-09-30,38.339999999999996
2019-10-01,37.0
2019-10-02,36.26
2019-10-03,36.26
2019-10-04,45.88
2019-10-05,71.03999999999999
2019-10-06,67.34
2019-10-07,39.96
2019-10-08,39.22
2019-10-09,39.96
2019-10-10,38.48
2019-10-11,46.62
2019-10-12,74.0
2019-10-13,69.56
2019-10-14,45.88
2019-10-15,39.22
2019-10-16,37.74
2019-10-17,39.22
2019-10-18,47.36
2019-10-19,72.52
2019-10-20,68.82
2019-10-21,40.7
2019-10-22,39.96
2019-10-23,37.74
2019-10-24,36.26
2019-10-25,49.58
2019-10-26,69.56
2019-10-27,71.03999999999999
2019-10-28,40.7
2019-10-29,40.7
2019-10-30,39.22
2019-10-31,45.88
2019-11-01,59.339999999999996
2019-11-02,82.56
2019-11-03,74.82
2019-11-04,44.72
2019-11-05,42.14
2019-11-06,38.7
2019-11-07,42.14
2019-11-08,51.6
2019-11-09,79.12
2019-11-10,78.26
2019-11-11,50.74
2019-11-12,44.72
2019-11-13,45.58
2019-11-14,44.72
2019-11-15,54.18
2019-11-16,81.7
2019-11-17,82.56
2019-11-18,46.44
2019-11-19,42.14
2019-11-20,42.14
2019-11-21,43.86
2019-11-22,55.9
2019-11-23,79.12
2019-11-24,77.4
2019-11-25,54.18
2019-11-26,53.32
2019-11-27,60.199999999999996
2019-11-28,72.24
2019-11-29,81.7
2019-11-30,86.0
2019-12-01,62.64
2019-12-02,38.28
2019-12-03,33.06
2019-12-04,32.19
2019-12-05,31.32
2019-12-06,37.41
2019-12-07,53.94
2019-12-08,52.2
2019-12-09,34.8
2019-12-10,33.93
2019-12-11,33.06
2019-12-12,33.93
2019-12-13,38.28
2019-12-14,57.42
2019-12-15,57.42
2019-12-16,41.76
2019-12-17,38.28
2019-12-18,36.54
2019-12-19,38.28
2019-12-20,47.85
2019-12-21,64.38
2019-12-22,66.12
2019-12-23,56.55
2019-12-24,58.29
2019-12-25,87.0
2019-12-26,73.95
2019-12-27,66.12
2019-12-28,73.95
2019-12-29,69.6
2019-12-30,57.42
2019-12-31,58.29
2020-01-01,79.0
2020-01-02,55.300000000000004
2020-01-03,52.93
2020-01-04,67.94
2020-01-05,61.620000000000005
2020-01-06,43.45
2020-01-07,36.34
2020-01-08,32.39
2020-01-09,35.550000000000004
2020-01-10,41.870000000000005
2020-01-11,64.78
2020-01-12,58.46
2020-01-13,36.34
2020-01-14,33.18
2020-01-15,33.18
2020-01-16,33.18
2020-01-17,43.45
2020-01-18,68.73
2020-01-19,69.52000000000001
2020-01-20,54.510000000000005
2020-01-21,36.34
2020-01-22,33.18
2020-01-23,33.18
2020-01-24,39.5
2020-01-25,64.78
2020-01-26,59.25
2020-01-27,30.810000000000002
2020-01-28,30.020000000000003
2020-01-29,30.020000000000003
2020-01-30,31.6
2020-01-31,36.34
2020-02-01,61.42
2020-02-02,52.54
2020-02-03,31.08
2020-02-04,31.82
2020-02-05,31.08
2020-02-06,32.56
2020-02-07,42.18
2020-02-08,65.86
2020-02-09,65.86
2020-02-10,42.92
2020-02-11,34.04
2020-02-12,34.78
2020-02-13,34.78
2020-02-14,51.8
2020-02-15,74.0
2020-02-16,70.3
2020-02-17,48.839999999999996
2020-02-18,34.78
2020-02-19,31.08
2020-02-20,32.56
2020-02-21,41.44
2020-02-22,62.16
2020-02-23,59.94
2020-02-24,35.519999999999996
2020-02-25,31.82
2020-02-26,29.6
2020-02-27,31.08
2020-02-28,37.0
2020-02-29,58.46
2020-03-01,71.03999999999999
2020-03-02,39.22
2020-03-03,34.78
2020-03-04,33.3
2020-03-05,35.519999999999996
2020-03-06,44.4
2020-03-07,67.34
2020-03-08,68.08
2020-03-09,39.22
2020-03-10,37.0
2020-03-11,35.519999999999996
2020-03-12,37.0
2020-03-13,44.4
2020-03-14,69.56
2020-03-15,71.03999999999999
2020-03-16,45.14
2020-03-17,44.4
2020-03-18,43.66
2020-03-19,43.66
2020-03-20,46.62
2020-03-21,70.3
2020-03-22,74.0
2020-03-23,48.1
2020-03-24,46.62
2020-03-25,42.18
2020-03-26,42.92
2020-03-27,46.62
2020-03-28,67.34
2020-03-29,70.3
2020-03-30,46.62
2020-03-31,45.14
2020-04-01,45.88
2020-04-02,46.62
2020-04-03,50.32
2020-04-04,68.08
2020-04-05,74.0
2020-04-06,48.1
2020-04-07,46.62
2020-04-08,45.88
