Date,MSPUS
2013-04-18,267483.5164835165
2013-04-19,267447.25274725276
2013-04-20,267410.989010989
2013-04-21,267374.7252747253
2013-04-22,267338.46153846156
2013-04-23,267302.1978021978
2013-04-24,267265.93406593404
2013-04-25,267229.6703296703
2013-04-26,267193.4065934066
2013-04-27,267157.14285714284
2013-04-28,267120.8791208791
2013-04-29,267084.6153846154
2013-04-30,267048.35164835164
2013-05-01,267012.0879120879
2013-05-02,266975.8241758242
2013-05-03,266939.56043956045
2013-05-04,266903.2967032967
2013-05-05,266867.032967033
2013-05-06,266830.76923076925
2013-05-07,266794.5054945055
2013-05-08,266758.2417582418
2013-05-09,266721.978021978
2013-05-10,266685.71428571426
2013-05-11,266649.4505494505
2013-05-12,266613.1868131868
2013-05-13,266576.92307692306
2013-05-14,266540.65934065933
2013-05-15,266504.3956043956
2013-05-16,266468.13186813187
2013-05-17,266431.86813186813
2013-05-18,266395.6043956044
2013-05-19,266359.34065934067
2013-05-20,266323.07692307694
2013-05-21,266286.8131868132
2013-05-22,266250.5494505495
2013-05-23,266214.28571428574
2013-05-24,266178.021978022
2013-05-25,266141.7582417582
2013-05-26,266105.4945054945
2013-05-27,266069.23076923075
2013-05-28,266032.967032967
2013-05-29,265996.7032967033
2013-05-30,265960.43956043955
2013-05-31,265924.1758241758
2013-06-01,265887.9120879121
2013-06-02,265851.64835164836
2013-06-03,265815.3846153846
2013-06-04,265779.1208791209
2013-06-05,265742.85714285716
2013-06-06,265706.5934065934
2013-06-07,265670.3296703297
2013-06-08,265634.06593406596
2013-06-09,265597.8021978022
2013-06-10,265561.53846153844
2013-06-11,265525.2747252747
2013-06-12,265489.010989011
2013-06-13,265452.74725274724
2013-06-14,265416.4835164835
2013-06-15,265380.2197802198
2013-06-16,265343.95604395604
2013-06-17,265307.6923076923
2013-06-18,265271.4285714286
2013-06-19,265235.16483516485
2013-06-20,265198.9010989011
2013-06-21,265162.6373626374
2013-06-22,265126.37362637365
2013-06-23,265090.1098901099
2013-06-24,265053.8461538461
2013-06-25,265017.5824175824
2013-06-26,264981.31868131866
2013-06-27,264945.05494505493
2013-06-28,264908.7912087912
2013-06-29,264872.52747252746
2013-06-30,264836.26373626373
2013-07-01,264800.0
2013-07-02,264895.652173913
2013-07-03,264991.3043478261
2013-07-04,265086.95652173914
2013-07-05,265182.60869565216
2013-07-06,265278.26086956525
2013-07-07,265373.9130434783
2013-07-08,265469.5652173913
2013-07-09,265565.2173913043
2013-07-10,265660.8695652174
2013-07-11,265756.52173913043
2013-07-12,265852.17391304346
2013-07-13,265947.82608695654
2013-07-14,266043.47826086957
2013-07-15,266139.1304347826
2013-07-16,266234.7826086957
2013-07-17,266330.4347826087
2013-07-18,266426.0869565217
2013-07-19,266521.73913043475
2013-07-20,266617.39130434784
2013-07-21,266713.04347826086
2013-07-22,266808.6956521739
2013-07-23,266904.347826087
2013-07-24,267000.0
2013-07-25,267095.652173913
2013-07-26,267191.3043478261
2013-07-27,267286.95652173914
2013-07-28,267382.60869565216
2013-07-29,267478.26086956525
2013-07-30,267573.9130434783
2013-07-31,267669.5652173913
2013-08-01,267765.2173913043
2013-08-02,267860.8695652174
2013-08-03,267956.52173913043
2013-08-04,268052.17391304346
2013-08-05,268147.82608695654
2013-08-06,268243.47826086957
2013-08-07,268339.1304347826
2013-08-08,268434.7826086957
2013-08-09,268530.4347826087
2013-08-10,268626.0869565217
2013-08-11,268721.73913043475
2013-08-12,268817.39130434784
2013-08-13,268913.04347826086
2013-08-14,269008.6956521739
2013-08-15,269104.347826087
2013-08-16,269200.0
2013-08-17,269295.652173913
2013-08-18,269391.3043478261
2013-08-19,269486.95652173914
2013-08-20,269582.60869565216
2013-08-21,269678.26086956525
2013-08-22,269773.9130434783
2013-08-23,269869.5652173913
2013-08-24,269965.2173913043
2013-08-25,270060.8695652174
2013-08-26,270156.52173913043
2013-08-27,270252.17391304346
2013-08-28,270347.82608695654
2013-08-29,270443.47826086957
2013-08-30,270539.1304347826
2013-08-31,270634.7826086957
2013-09-01,270730.4347826087
2013-09-02,270826.0869565217
2013-09-03,270921.73913043475
2013-09-04,271017.39130434784
2013-09-05,271113.04347826086
2013-09-06,271208.6956521739
2013-09-07,271304.347826087
2013-09-08,271400.0
2013-09-09,271495.652173913
2013-09-10,271591.3043478261
2013-09-11,271686.95652173914
2013-09-12,271782.60869565216
2013-09-13,271878.26086956525
2013-09-14,271973.9130434783
2013-09-15,272069.5652173913
2013-09-16,272165.2173913043
2013-09-17,272260.8695652174
2013-09-18,272356.52173913043
2013-09-19,272452.17391304346
2013-09-20,272547.82608695654
2013-09-21,272643.47826086957
2013-09-22,272739.1304347826
2013-09-23,272834.7826086957
2013-09-24,272930.4347826087
2013-09-25,273026.0869565217
2013-09-26,273121.7391304348
2013-09-27,273217.39130434784
2013-09-28,273313.04347826086
2013-09-29,273408.6956521739
2013-09-30,273504.347826087
2013-10-01,273600.0
2013-10-02,273617.39130434784
2013-10-03,273634.7826086957
2013-10-04,273652.17391304346
2013-10-05,273669.5652173913
2013-10-06,273686.95652173914
2013-10-07,273704.347826087
2013-10-08,273721.73913043475
2013-10-09,273739.1304347826
2013-10-10,273756.52173913043
2013-10-11,273773.9130434783
2013-10-12,273791.3043478261
2013-10-13,273808.6956521739
2013-10-14,273826.0869565217
2013-10-15,273843.47826086957
2013-10-16,273860.8695652174
2013-10-17,273878.26086956525
2013-10-18,273895.652173913
2013-10-19,273913.04347826086
2013-10-20,273930.4347826087
2013-10-21,273947.82608695654
2013-10-22,273965.2173913043
2013-10-23,273982.60869565216
2013-10-24,274000.0
2013-10-25,274017.39130434784
2013-10-26,274034.7826086957
2013-10-27,274052.17391304346
2013-10-28,274069.5652173913
2013-10-29,274086.95652173914
2013-10-30,274104.347826087
2013-10-31,274121.73913043475
2013-11-01,274139.1304347826
2013-11-02,274156.52173913043
2013-11-03,274173.9130434783
2013-11-04,274191.3043478261
2013-11-05,274208.6956521739
2013-11-06,274226.0869565217
2013-11-07,274243.47826086957
2013-11-08,274260.8695652174
2013-11-09,274278.26086956525
2013-11-10,274295.652173913
2013-11-11,274313.04347826086
2013-11-12,274330.4347826087
2013-11-13,274347.82608695654
2013-11-14,274365.2173913043
2013-11-15,274382.60869565216
2013-11-16,274400.0
2013-11-17,274417.39130434784
2013-11-18,274434.7826086957
2013-11-19,274452.17391304346
2013-11-20,274469.5652173913
2013-11-21,274486.95652173914
2013-11-22,274504.347826087
2013-11-23,274521.73913043475
2013-11-24,274539.1304347826
2013-11-25,274556.52173913043
2013-11-26,274573.9130434783
2013-11-27,274591.3043478261
2013-11-28,274608.6956521739
2013-11-29,274626.0869565217
2013-11-30,274643.47826086957
2013-12-01,274660.8695652174
2013-12-02,274678.26086956525
2013-12-03,274695.652173913
2013-12-04,274713.04347826086
2013-12-05,274730.4347826087
2013-12-06,274747.82608695654
2013-12-07,274765.2173913043
2013-12-08,274782.60869565216
2013-12-09,274800.0
2013-12-10,274817.39130434784
2013-12-11,274834.7826086957
2013-12-12,274852.17391304346
2013-12-13,274869.5652173913
2013-12-14,274886.95652173914
2013-12-15,274904.347826087
2013-12-16,274921.73913043475
2013-12-17,274939.1304347826
2013-12-18,274956.52173913043
2013-12-19,274973.9130434783
2013-12-20,274991.3043478261
2013-12-21,275008.6956521739
2013-12-22,275026.0869565217
2013-12-23,275043.47826086957
2013-12-24,275060.8695652174
2013-12-25,275078.26086956525
2013-12-26,275095.652173913
2013-12-27,275113.04347826086
2013-12-28,275130.4347826087
2013-12-29,275147.82608695654
2013-12-30,275165.2173913043
2013-12-31,275182.60869565216
2014-01-01,275200.0
2014-01-02,275342.22222222225
2014-01-03,275484.44444444444
2014-01-04,275626.6666666667
2014-01-05,275768.8888888889
2014-01-06,275911.1111111111
2014-01-07,276053.3333333333
2014-01-08,276195.55555555556
2014-01-09,276337.77777777775
2014-01-10,276480.0
2014-01-11,276622.22222222225
2014-01-12,276764.44444444444
2014-01-13,276906.6666666667
2014-01-14,277048.8888888889
2014-01-15,277191.1111111111
2014-01-16,277333.3333333333
2014-01-17,277475.55555555556
2014-01-18,277617.77777777775
2014-01-19,277760.0
2014-01-20,277902.22222222225
2014-01-21,278044.44444444444
2014-01-22,278186.6666666667
2014-01-23,278328.8888888889
2014-01-24,278471.1111111111
2014-01-25,278613.3333333333
2014-01-26,278755.55555555556
2014-01-27,278897.77777777775
2014-01-28,279040.0
2014-01-29,279182.22222222225
2014-01-30,279324.44444444444
2014-01-31,279466.6666666667
2014-02-01,279608.8888888889
2014-02-02,279751.1111111111
2014-02-03,279893.3333333333
2014-02-04,280035.55555555556
2014-02-05,280177.77777777775
2014-02-06,280320.0
2014-02-07,280462.22222222225
2014-02-08,280604.44444444444
2014-02-09,280746.6666666667
2014-02-10,280888.8888888889
2014-02-11,281031.1111111111
2014-02-12,281173.3333333333
2014-02-13,281315.55555555556
2014-02-14,281457.77777777775
2014-02-15,281600.0
2014-02-16,281742.22222222225
2014-02-17,281884.44444444444
2014-02-18,282026.6666666667
2014-02-19,282168.8888888889
2014-02-20,282311.1111111111
2014-02-21,282453.3333333333
2014-02-22,282595.55555555556
2014-02-23,282737.77777777775
2014-02-24,282880.0
2014-02-25,283022.22222222225
2014-02-26,283164.44444444444
2014-02-27,283306.6666666667
2014-02-28,283448.8888888889
2014-03-01,283591.1111111111
2014-03-02,283733.3333333333
2014-03-03,283875.55555555556
2014-03-04,284017.77777777775
2014-03-05,284160.0
2014-03-06,284302.22222222225
2014-03-07,284444.44444444444
2014-03-08,284586.6666666667
2014-03-09,284728.8888888889
2014-03-10,284871.1111111111
2014-03-11,285013.3333333333
2014-03-12,285155.55555555556
2014-03-13,285297.77777777775
2014-03-14,285440.0
2014-03-15,285582.22222222225
2014-03-16,285724.44444444444
2014-03-17,285866.6666666667
2014-03-18,286008.8888888889
2014-03-19,286151.1111111111
2014-03-20,286293.3333333333
2014-03-21,286435.55555555556
2014-03-22,286577.77777777775
2014-03-23,286720.0
2014-03-24,286862.22222222225
2014-03-25,287004.44444444444
2014-03-26,287146.6666666667
2014-03-27,287288.8888888889
2014-03-28,287431.1111111111
2014-03-29,287573.3333333333
2014-03-30,287715.55555555556
2014-03-31,287857.77777777775
2014-04-01,288000.0
2014-04-02,287923.07692307694
2014-04-03,287846.1538461539
2014-04-04,287769.23076923075
2014-04-05,287692.3076923077
2014-04-06,287615.3846153846
2014-04-07,287538.46153846156
2014-04-08,287461.53846153844
2014-04-09,287384.6153846154
2014-04-10,287307.6923076923
2014-04-11,287230.76923076925
2014-04-12,287153.8461538461
2014-04-13,287076.92307692306
2014-04-14,287000.0
2014-04-15,286923.07692307694
2014-04-16,286846.1538461539
2014-04-17,286769.23076923075
2014-04-18,286692.3076923077
2014-04-19,286615.3846153846
2014-04-20,286538.46153846156
2014-04-21,286461.53846153844
2014-04-22,286384.6153846154
2014-04-23,286307.6923076923
2014-04-24,286230.76923076925
2014-04-25,286153.8461538461
2014-04-26,286076.92307692306
2014-04-27,286000.0
2014-04-28,285923.07692307694
2014-04-29,285846.1538461539
2014-04-30,285769.23076923075
2014-05-01,285692.3076923077
2014-05-02,285615.3846153846
2014-05-03,285538.46153846156
2014-05-04,285461.53846153844
2014-05-05,285384.6153846154
2014-05-06,285307.6923076923
2014-05-07,285230.76923076925
2014-05-08,285153.8461538461
2014-05-09,285076.92307692306
2014-05-10,285000.0
2014-05-11,284923.07692307694
2014-05-12,284846.1538461539
2014-05-13,284769.23076923075
2014-05-14,284692.3076923077
2014-05-15,284615.3846153846
2014-05-16,284538.46153846156
2014-05-17,284461.53846153844
2014-05-18,284384.6153846154
2014-05-19,284307.6923076923
2014-05-20,284230.76923076925
2014-05-21,284153.8461538461
2014-05-22,284076.92307692306
2014-05-23,284000.0
2014-05-24,283923.07692307694
2014-05-25,283846.1538461539
2014-05-26,283769.23076923075
2014-05-27,283692.3076923077
2014-05-28,283615.3846153846
2014-05-29,283538.46153846156
2014-05-30,283461.53846153844
2014-05-31,283384.6153846154
2014-06-01,283307.6923076923
2014-06-02,283230.76923076925
2014-06-03,283153.8461538461
2014-06-04,283076.92307692306
2014-06-05,283000.0
2014-06-06,282923.07692307694
2014-06-07,282846.1538461539
2014-06-08,282769.23076923075
2014-06-09,282692.3076923077
2014-06-10,282615.3846153846
2014-06-11,282538.46153846156
2014-06-12,282461.53846153844
2014-06-13,282384.6153846154
2014-06-14,282307.6923076923
2014-06-15,282230.76923076925
2014-06-16,282153.8461538461
2014-06-17,282076.92307692306
2014-06-18,282000.0
2014-06-19,281923.07692307694
2014-06-20,281846.1538461539
2014-06-21,281769.23076923075
2014-06-22,281692.3076923077
2014-06-23,281615.3846153846
2014-06-24,281538.46153846156
2014-06-25,281461.53846153844
2014-06-26,281384.6153846154
2014-06-27,281307.6923076923
2014-06-28,281230.76923076925
2014-06-29,281153.8461538461
2014-06-30,281076.92307692306
2014-07-01,281000.0
2014-07-02,281194.5652173913
2014-07-03,281389.1304347826
2014-07-04,281583.6956521739
2014-07-05,281778.26086956525
2014-07-06,281972.82608695654
2014-07-07,282167.39130434784
2014-07-08,282361.95652173914
2014-07-09,282556.52173913043
2014-07-10,282751.0869565217
2014-07-11,282945.652173913
2014-07-12,283140.2173913043
2014-07-13,283334.7826086957
2014-07-14,283529.347826087
2014-07-15,283723.9130434783
2014-07-16,283918.47826086957
2014-07-17,284113.04347826086
2014-07-18,284307.60869565216
2014-07-19,284502.17391304346
2014-07-20,284696.73913043475
2014-07-21,284891.3043478261
2014-07-22,285085.8695652174
2014-07-23,285280.4347826087
2014-07-24,285475.0
2014-07-25,285669.5652173913
2014-07-26,285864.1304347826
2014-07-27,286058.6956521739
2014-07-28,286253.26086956525
2014-07-29,286447.82608695654
2014-07-30,286642.39130434784
2014-07-31,286836.95652173914
2014-08-01,287031.52173913043
2014-08-02,287226.0869565217
2014-08-03,287420.652173913
2014-08-04,287615.2173913043
2014-08-05,287809.7826086957
2014-08-06,288004.347826087
2014-08-07,288198.9130434783
2014-08-08,288393.47826086957
2014-08-09,288588.04347826086
2014-08-10,288782.60869565216
2014-08-11,288977.17391304346
2014-08-12,289171.73913043475
2014-08-13,289366.3043478261
2014-08-14,289560.8695652174
2014-08-15,289755.4347826087
2014-08-16,289950.0
2014-08-17,290144.5652173913
2014-08-18,290339.1304347826
2014-08-19,290533.6956521739
2014-08-20,290728.26086956525
2014-08-21,290922.82608695654
2014-08-22,291117.39130434784
2014-08-23,291311.95652173914
2014-08-24,291506.52173913043
2014-08-25,291701.0869565217
2014-08-26,291895.652173913
2014-08-27,292090.2173913043
2014-08-28,292284.7826086957
2014-08-29,292479.347826087
2014-08-30,292673.9130434783
2014-08-31,292868.47826086957
2014-09-01,293063.04347826086
2014-09-02,293257.60869565216
2014-09-03,293452.17391304346
2014-09-04,293646.73913043475
2014-09-05,293841.3043478261
2014-09-06,294035.8695652174
2014-09-07,294230.4347826087
2014-09-08,294425.0
2014-09-09,294619.5652173913
2014-09-10,294814.1304347826
2014-09-11,295008.6956521739
2014-09-12,295203.26086956525
2014-09-13,295397.82608695654
2014-09-14,295592.39130434784
2014-09-15,295786.95652173914
2014-09-16,295981.52173913043
2014-09-17,296176.0869565217
2014-09-18,296370.652173913
2014-09-19,296565.2173913043
2014-09-20,296759.7826086957
2014-09-21,296954.347826087
2014-09-22,297148.9130434783
2014-09-23,297343.47826086957
2014-09-24,297538.04347826086
2014-09-25,297732.60869565216
2014-09-26,297927.17391304346
2014-09-27,298121.7391304348
2014-09-28,298316.3043478261
2014-09-29,298510.8695652174
2014-09-30,298705.4347826087
2014-10-01,298900.0
2014-10-02,298794.5652173913
2014-10-03,298689.1304347826
2014-10-04,298583.6956521739
2014-10-05,298478.26086956525
2014-10-06,298372.82608695654
2014-10-07,298267.39130434784
2014-10-08,298161.95652173914
2014-10-09,298056.52173913043
2014-10-10,297951.0869565217
2014-10-11,297845.652173913
2014-10-12,297740.2173913043
2014-10-13,297634.7826086957
2014-10-14,297529.347826087
2014-10-15,297423.9130434783
2014-10-16,297318.47826086957
2014-10-17,297213.04347826086
2014-10-18,297107.60869565216
2014-10-19,297002.17391304346
2014-10-20,296896.73913043475
2014-10-21,296791.3043478261
2014-10-22,296685.8695652174
2014-10-23,296580.4347826087
2014-10-24,296475.0
2014-10-25,296369.5652173913
2014-10-26,296264.1304347826
2014-10-27,296158.6956521739
2014-10-28,296053.26086956525
2014-10-29,295947.82608695654
2014-10-30,295842.39130434784
2014-10-31,295736.95652173914
2014-11-01,295631.52173913043
2014-11-02,295526.0869565217
2014-11-03,295420.652173913
2014-11-04,295315.2173913043
2014-11-05,295209.7826086957
2014-11-06,295104.347826087
2014-11-07,294998.9130434783
2014-11-08,294893.47826086957
2014-11-09,294788.04347826086
2014-11-10,294682.60869565216
2014-11-11,294577.17391304346
2014-11-12,294471.73913043475
2014-11-13,294366.3043478261
2014-11-14,294260.8695652174
2014-11-15,294155.4347826087
2014-11-16,294050.0
2014-11-17,293944.5652173913
2014-11-18,293839.1304347826
2014-11-19,293733.6956521739
2014-11-20,293628.26086956525
2014-11-21,293522.82608695654
2014-11-22,293417.39130434784
2014-11-23,293311.95652173914
2014-11-24,293206.52173913043
2014-11-25,293101.0869565217
2014-11-26,292995.652173913
2014-11-27,292890.2173913043
2014-11-28,292784.7826086957
2014-11-29,292679.347826087
2014-11-30,292573.9130434783
2014-12-01,292468.47826086957
2014-12-02,292363.04347826086
2014-12-03,292257.60869565216
2014-12-04,292152.17391304346
2014-12-05,292046.73913043475
2014-12-06,291941.3043478261
2014-12-07,291835.8695652174
2014-12-08,291730.4347826087
2014-12-09,291625.0
2014-12-10,291519.5652173913
2014-12-11,291414.1304347826
2014-12-12,291308.6956521739
2014-12-13,291203.26086956525
2014-12-14,291097.82608695654
2014-12-15,290992.39130434784
2014-12-16,290886.95652173914
2014-12-17,290781.52173913043
2014-12-18,290676.0869565217
2014-12-19,290570.652173913
2014-12-20,290465.2173913043
2014-12-21,290359.7826086957
2014-12-22,290254.347826087
2014-12-23,290148.9130434783
2014-12-24,290043.47826086957
2014-12-25,289938.04347826086
2014-12-26,289832.60869565216
2014-12-27,289727.17391304346
2014-12-28,289621.73913043475
2014-12-29,289516.3043478261
2014-12-30,289410.8695652174
2014-12-31,289305.4347826087
2015-01-01,289200.0
2015-01-02,289198.8888888889
2015-01-03,289197.77777777775
2015-01-04,289196.6666666667
2015-01-05,289195.55555555556
2015-01-06,289194.44444444444
2015-01-07,289193.3333333333
2015-01-08,289192.22222222225
2015-01-09,289191.1111111111
2015-01-10,289190.0
2015-01-11,289188.8888888889
2015-01-12,289187.77777777775
2015-01-13,289186.6666666667
2015-01-14,289185.55555555556
2015-01-15,289184.44444444444
2015-01-16,289183.3333333333
2015-01-17,289182.22222222225
2015-01-18,289181.1111111111
2015-01-19,289180.0
2015-01-20,289178.8888888889
2015-01-21,289177.77777777775
2015-01-22,289176.6666666667
2015-01-23,289175.55555555556
2015-01-24,289174.44444444444
2015-01-25,289173.3333333333
2015-01-26,289172.22222222225
2015-01-27,289171.1111111111
2015-01-28,289170.0
2015-01-29,289168.8888888889
2015-01-30,289167.77777777775
2015-01-31,289166.6666666667
2015-02-01,289165.55555555556
2015-02-02,289164.44444444444
2015-02-03,289163.3333333333
2015-02-04,289162.22222222225
2015-02-05,289161.1111111111
2015-02-06,289160.0
2015-02-07,289158.8888888889
2015-02-08,289157.77777777775
2015-02-09,289156.6666666667
2015-02-10,289155.55555555556
2015-02-11,289154.44444444444
2015-02-12,289153.3333333333
2015-02-13,289152.22222222225
2015-02-14,289151.1111111111
2015-02-15,289150.0
2015-02-16,289148.8888888889
2015-02-17,289147.77777777775
2015-02-18,289146.6666666667
2015-02-19,289145.55555555556
2015-02-20,289144.44444444444
2015-02-21,289143.3333333333
2015-02-22,289142.22222222225
2015-02-23,289141.1111111111
2015-02-24,289140.0
2015-02-25,289138.8888888889
2015-02-26,289137.77777777775
2015-02-27,289136.6666666667
2015-02-28,289135.55555555556
2015-03-01,289134.44444444444
2015-03-02,289133.3333333333
2015-03-03,289132.22222222225
2015-03-04,289131.1111111111
2015-03-05,289130.0
2015-03-06,289128.8888888889
2015-03-07,289127.77777777775
2015-03-08,289126.6666666667
2015-03-09,289125.55555555556
2015-03-10,289124.44444444444
2015-03-11,289123.3333333333
2015-03-12,289122.22222222225
2015-03-13,289121.1111111111
2015-03-14,289120.0
2015-03-15,289118.8888888889
2015-03-16,289117.77777777775
2015-03-17,289116.6666666667
2015-03-18,289115.55555555556
2015-03-19,289114.44444444444
2015-03-20,289113.3333333333
2015-03-21,289112.22222222225
2015-03-22,289111.1111111111
2015-03-23,289110.0
2015-03-24,289108.8888888889
2015-03-25,289107.77777777775
2015-03-26,289106.6666666667
2015-03-27,289105.55555555556
2015-03-28,289104.44444444444
2015-03-29,289103.3333333333
2015-03-30,289102.22222222225
2015-03-31,289101.1111111111
2015-04-01,289100.0
2015-04-02,289173.62637362635
2015-04-03,289247.25274725276
2015-04-04,289320.8791208791
2015-04-05,289394.5054945055
2015-04-06,289468.13186813187
2015-04-07,289541.7582417582
2015-04-08,289615.3846153846
2015-04-09,289689.010989011
2015-04-10,289762.6373626374
2015-04-11,289836.26373626373
2015-04-12,289909.8901098901
2015-04-13,289983.5164835165
2015-04-14,290057.14285714284
2015-04-15,290130.76923076925
2015-04-16,290204.3956043956
2015-04-17,290278.021978022
2015-04-18,290351.64835164836
2015-04-19,290425.2747252747
2015-04-20,290498.9010989011
2015-04-21,290572.52747252746
2015-04-22,290646.1538461539
2015-04-23,290719.7802197802
2015-04-24,290793.4065934066
2015-04-25,290867.032967033
2015-04-26,290940.65934065933
2015-04-27,291014.28571428574
2015-04-28,291087.9120879121
2015-04-29,291161.53846153844
2015-04-30,291235.16483516485
2015-05-01,291308.7912087912
2015-05-02,291382.4175824176
2015-05-03,291456.04395604396
2015-05-04,291529.6703296703
2015-05-05,291603.2967032967
2015-05-06,291676.92307692306
2015-05-07,291750.5494505495
2015-05-08,291824.1758241758
2015-05-09,291897.8021978022
2015-05-10,291971.4285714286
2015-05-11,292045.05494505493
2015-05-12,292118.68131868134
2015-05-13,292192.3076923077
2015-05-14,292265.93406593404
2015-05-15,292339.56043956045
2015-05-16,292413.1868131868
2015-05-17,292486.8131868132
2015-05-18,292560.43956043955
2015-05-19,292634.06593406596
2015-05-20,292707.6923076923
2015-05-21,292781.31868131866
2015-05-22,292854.94505494507
2015-05-23,292928.5714285714
2015-05-24,293002.1978021978
2015-05-25,293075.8241758242
2015-05-26,293149.4505494505
2015-05-27,293223.07692307694
2015-05-28,293296.7032967033
2015-05-29,293370.3296703297
2015-05-30,293443.95604395604
2015-05-31,293517.5824175824
2015-06-01,293591.2087912088
2015-06-02,293664.83516483515
2015-06-03,293738.46153846156
2015-06-04,293812.0879120879
2015-06-05,293885.71428571426
2015-06-06,293959.34065934067
2015-06-07,294032.967032967
2015-06-08,294106.5934065934
2015-06-09,294180.2197802198
2015-06-10,294253.8461538461
2015-06-11,294327.47252747254
2015-06-12,294401.0989010989
2015-06-13,294474.7252747253
2015-06-14,294548.35164835164
2015-06-15,294621.978021978
2015-06-16,294695.6043956044
2015-06-17,294769.23076923075
2015-06-18,294842.85714285716
2015-06-19,294916.4835164835
2015-06-20,294990.1098901099
2015-06-21,295063.73626373627
2015-06-22,295137.3626373626
2015-06-23,295210.989010989
2015-06-24,295284.6153846154
2015-06-25,295358.2417582418
2015-06-26,295431.86813186813
2015-06-27,295505.4945054945
2015-06-28,295579.1208791209
2015-06-29,295652.74725274724
2015-06-30,295726.37362637365
2015-07-01,295800.0
2015-07-02,295872.82608695654
2015-07-03,295945.652173913
2015-07-04,296018.47826086957
2015-07-05,296091.3043478261
2015-07-06,296164.1304347826
2015-07-07,296236.95652173914
2015-07-08,296309.7826086957
2015-07-09,296382.60869565216
2015-07-10,296455.4347826087
2015-07-11,296528.26086956525
2015-07-12,296601.0869565217
2015-07-13,296673.9130434783
2015-07-14,296746.73913043475
2015-07-15,296819.5652173913
2015-07-16,296892.39130434784
2015-07-17,296965.2173913043
2015-07-18,297038.04347826086
2015-07-19,297110.8695652174
2015-07-20,297183.6956521739
2015-07-21,297256.52173913043
2015-07-22,297329.347826087
2015-07-23,297402.17391304346
2015-07-24,297475.0
2015-07-25,297547.82608695654
2015-07-26,297620.652173913
2015-07-27,297693.47826086957
2015-07-28,297766.3043478261
2015-07-29,297839.1304347826
2015-07-30,297911.95652173914
2015-07-31,297984.7826086957
2015-08-01,298057.60869565216
2015-08-02,298130.4347826087
2015-08-03,298203.26086956525
2015-08-04,298276.0869565217
2015-08-05,298348.9130434783
2015-08-06,298421.73913043475
2015-08-07,298494.5652173913
2015-08-08,298567.39130434784
2015-08-09,298640.2173913043
2015-08-10,298713.04347826086
2015-08-11,298785.8695652174
2015-08-12,298858.6956521739
2015-08-13,298931.52173913043
2015-08-14,299004.347826087
2015-08-15,299077.17391304346
2015-08-16,299150.0
2015-08-17,299222.82608695654
2015-08-18,299295.652173913
2015-08-19,299368.47826086957
2015-08-20,299441.3043478261
2015-08-21,299514.1304347826
2015-08-22,299586.95652173914
2015-08-23,299659.7826086957
2015-08-24,299732.60869565216
2015-08-25,299805.4347826087
2015-08-26,299878.26086956525
2015-08-27,299951.0869565217
2015-08-28,300023.9130434783
2015-08-29,300096.73913043475
2015-08-30,300169.5652173913
2015-08-31,300242.39130434784
2015-09-01,300315.2173913043
2015-09-02,300388.04347826086
2015-09-03,300460.8695652174
2015-09-04,300533.6956521739
2015-09-05,300606.52173913043
2015-09-06,300679.347826087
2015-09-07,300752.17391304346
2015-09-08,300825.0
2015-09-09,300897.82608695654
2015-09-10,300970.652173913
2015-09-11,301043.47826086957
2015-09-12,301116.3043478261
2015-09-13,301189.1304347826
2015-09-14,301261.95652173914
2015-09-15,301334.7826086957
2015-09-16,301407.60869565216
2015-09-17,301480.4347826087
2015-09-18,301553.26086956525
2015-09-19,301626.0869565217
2015-09-20,301698.9130434783
2015-09-21,301771.73913043475
2015-09-22,301844.5652173913
2015-09-23,301917.39130434784
2015-09-24,301990.2173913043
2015-09-25,302063.04347826086
2015-09-26,302135.8695652174
2015-09-27,302208.6956521739
2015-09-28,302281.52173913043
2015-09-29,302354.347826087
2015-09-30,302427.17391304346
2015-10-01,302500.0
2015-10-02,302470.652173913
2015-10-03,302441.3043478261
2015-10-04,302411.95652173914
2015-10-05,302382.60869565216
2015-10-06,302353.26086956525
2015-10-07,302323.9130434783
2015-10-08,302294.5652173913
2015-10-09,302265.2173913043
2015-10-10,302235.8695652174
2015-10-11,302206.52173913043
2015-10-12,302177.17391304346
2015-10-13,302147.82608695654
2015-10-14,302118.47826086957
2015-10-15,302089.1304347826
2015-10-16,302059.7826086957
2015-10-17,302030.4347826087
2015-10-18,302001.0869565217
2015-10-19,301971.73913043475
2015-10-20,301942.39130434784
2015-10-21,301913.04347826086
2015-10-22,301883.6956521739
2015-10-23,301854.347826087
2015-10-24,301825.0
2015-10-25,301795.652173913
2015-10-26,301766.3043478261
2015-10-27,301736.95652173914
2015-10-28,301707.60869565216
2015-10-29,301678.26086956525
2015-10-30,301648.9130434783
2015-10-31,301619.5652173913
2015-11-01,301590.2173913043
2015-11-02,301560.8695652174
2015-11-03,301531.52173913043
2015-11-04,301502.17391304346
2015-11-05,301472.82608695654
2015-11-06,301443.47826086957
2015-11-07,301414.1304347826
2015-11-08,301384.7826086957
2015-11-09,301355.4347826087
2015-11-10,301326.0869565217
2015-11-11,301296.73913043475
2015-11-12,301267.39130434784
2015-11-13,301238.04347826086
2015-11-14,301208.6956521739
2015-11-15,301179.347826087
2015-11-16,301150.0
2015-11-17,301120.652173913
2015-11-18,301091.3043478261
2015-11-19,301061.95652173914
2015-11-20,301032.60869565216
2015-11-21,301003.26086956525
2015-11-22,300973.9130434783
2015-11-23,300944.5652173913
2015-11-24,300915.2173913043
2015-11-25,300885.8695652174
2015-11-26,300856.52173913043
2015-11-27,300827.17391304346
2015-11-28,300797.82608695654
2015-11-29,300768.47826086957
2015-11-30,300739.1304347826
2015-12-01,300709.7826086957
2015-12-02,300680.4347826087
2015-12-03,300651.0869565217
2015-12-04,300621.73913043475
2015-12-05,300592.39130434784
2015-12-06,300563.04347826086
2015-12-07,300533.6956521739
2015-12-08,300504.347826087
2015-12-09,300475.0
2015-12-10,300445.652173913
2015-12-11,300416.3043478261
2015-12-12,300386.95652173914
2015-12-13,300357.60869565216
2015-12-14,300328.26086956525
2015-12-15,300298.9130434783
2015-12-16,300269.5652173913
2015-12-17,300240.2173913043
2015-12-18,300210.8695652174
2015-12-19,300181.52173913043
2015-12-20,300152.17391304346
2015-12-21,300122.82608695654
2015-12-22,300093.47826086957
2015-12-23,300064.1304347826
2015-12-24,300034.7826086957
2015-12-25,300005.4347826087
2015-12-26,299976.0869565217
2015-12-27,299946.73913043475
2015-12-28,299917.39130434784
2015-12-29,299888.04347826086
2015-12-30,299858.6956521739
2015-12-31,299829.347826087
2016-01-01,299800.0
2016-01-02,299868.13186813187
2016-01-03,299936.26373626373
2016-01-04,300004.3956043956
2016-01-05,300072.52747252746
2016-01-06,300140.65934065933
2016-01-07,300208.7912087912
2016-01-08,300276.92307692306
2016-01-09,300345.05494505493
2016-01-10,300413.1868131868
2016-01-11,300481.31868131866
2016-01-12,300549.4505494505
2016-01-13,300617.5824175824
2016-01-14,300685.71428571426
2016-01-15,300753.8461538461
2016-01-16,300821.978021978
2016-01-17,300890.1098901099
2016-01-18,300958.2417582418
2016-01-19,301026.37362637365
2016-01-20,301094.5054945055
2016-01-21,301162.6373626374
2016-01-22,301230.76923076925
2016-01-23,301298.9010989011
2016-01-24,301367.032967033
2016-01-25,301435.16483516485
2016-01-26,301503.2967032967
2016-01-27,301571.4285714286
2016-01-28,301639.56043956045
2016-01-29,301707.6923076923
2016-01-30,301775.8241758242
2016-01-31,301843.95604395604
2016-02-01,301912.0879120879
2016-02-02,301980.2197802198
2016-02-03,302048.35164835164
2016-02-04,302116.4835164835
2016-02-05,302184.6153846154
2016-02-06,302252.74725274724
2016-02-07,302320.8791208791
2016-02-08,302389.010989011
2016-02-09,302457.14285714284
2016-02-10,302525.2747252747
2016-02-11,302593.4065934066
2016-02-12,302661.53846153844
2016-02-13,302729.6703296703
2016-02-14,302797.8021978022
2016-02-15,302865.93406593404
2016-02-16,302934.06593406596
2016-02-17,303002.1978021978
2016-02-18,303070.3296703297
2016-02-19,303138.46153846156
2016-02-20,303206.5934065934
2016-02-21,303274.7252747253
2016-02-22,303342.85714285716
2016-02-23,303410.989010989
2016-02-24,303479.1208791209
2016-02-25,303547.25274725276
2016-02-26,303615.3846153846
2016-02-27,303683.5164835165
2016-02-28,303751.64835164836
2016-02-29,303819.7802197802
2016-03-01,303887.9120879121
2016-03-02,303956.04395604396
2016-03-03,304024.1758241758
2016-03-04,304092.3076923077
2016-03-05,304160.43956043955
2016-03-06,304228.5714285714
2016-03-07,304296.7032967033
2016-03-08,304364.83516483515
2016-03-09,304432.967032967
2016-03-10,304501.0989010989
2016-03-11,304569.23076923075
2016-03-12,304637.3626373626
2016-03-13,304705.4945054945
2016-03-14,304773.62637362635
2016-03-15,304841.7582417582
2016-03-16,304909.8901098901
2016-03-17,304978.02197802195
2016-03-18,305046.1538461539
2016-03-19,305114.28571428574
2016-03-20,305182.4175824176
2016-03-21,305250.5494505495
2016-03-22,305318.68131868134
2016-03-23,305386.8131868132
2016-03-24,305454.94505494507
2016-03-25,305523.07692307694
2016-03-26,305591.2087912088
2016-03-27,305659.34065934067
2016-03-28,305727.47252747254
2016-03-29,305795.6043956044
2016-03-30,305863.73626373627
2016-03-31,305931.86813186813
2016-04-01,306000.0
2016-04-02,305975.8241758242
2016-04-03,305951.64835164836
2016-04-04,305927.47252747254
2016-04-05,305903.2967032967
2016-04-06,305879.1208791209
2016-04-07,305854.94505494507
2016-04-08,305830.76923076925
2016-04-09,305806.5934065934
2016-04-10,305782.4175824176
2016-04-11,305758.2417582418
2016-04-12,305734.06593406596
2016-04-13,305709.8901098901
2016-04-14,305685.71428571426
2016-04-15,305661.53846153844
2016-04-16,305637.3626373626
2016-04-17,305613.1868131868
2016-04-18,305589.010989011
2016-04-19,305564.83516483515
2016-04-20,305540.65934065933
2016-04-21,305516.4835164835
2016-04-22,305492.3076923077
2016-04-23,305468.13186813187
2016-04-24,305443.95604395604
2016-04-25,305419.7802197802
2016-04-26,305395.6043956044
2016-04-27,305371.4285714286
2016-04-28,305347.25274725276
2016-04-29,305323.07692307694
2016-04-30,305298.9010989011
2016-05-01,305274.7252747253
2016-05-02,305250.5494505495
2016-05-03,305226.37362637365
2016-05-04,305202.1978021978
2016-05-05,305178.021978022
2016-05-06,305153.8461538461
2016-05-07,305129.6703296703
2016-05-08,305105.4945054945
2016-05-09,305081.31868131866
2016-05-10,305057.14285714284
2016-05-11,305032.967032967
2016-05-12,305008.7912087912
2016-05-13,304984.6153846154
2016-05-14,304960.43956043955
2016-05-15,304936.26373626373
2016-05-16,304912.0879120879
2016-05-17,304887.9120879121
2016-05-18,304863.73626373627
2016-05-19,304839.56043956045
2016-05-20,304815.3846153846
2016-05-21,304791.2087912088
2016-05-22,304767.032967033
2016-05-23,304742.85714285716
2016-05-24,304718.68131868134
2016-05-25,304694.5054945055
2016-05-26,304670.3296703297
2016-05-27,304646.1538461539
2016-05-28,304621.978021978
2016-05-29,304597.8021978022
2016-05-30,304573.62637362635
2016-05-31,304549.4505494505
2016-06-01,304525.2747252747
2016-06-02,304501.0989010989
2016-06-03,304476.92307692306
2016-06-04,304452.74725274724
2016-06-05,304428.5714285714
2016-06-06,304404.3956043956
2016-06-07,304380.2197802198
2016-06-08,304356.04395604396
2016-06-09,304331.86813186813
2016-06-10,304307.6923076923
2016-06-11,304283.5164835165
2016-06-12,304259.34065934067
2016-06-13,304235.16483516485
2016-06-14,304210.989010989
2016-06-15,304186.8131868132
2016-06-16,304162.6373626374
2016-06-17,304138.46153846156
2016-06-18,304114.28571428574
2016-06-19,304090.1098901099
2016-06-20,304065.93406593404
2016-06-21,304041.7582417582
2016-06-22,304017.5824175824
2016-06-23,303993.4065934066
2016-06-24,303969.23076923075
2016-06-25,303945.05494505493
2016-06-26,303920.8791208791
2016-06-27,303896.7032967033
2016-06-28,303872.52747252746
2016-06-29,303848.35164835164
2016-06-30,303824.1758241758
2016-07-01,303800.0
2016-07-02,303877.17391304346
2016-07-03,303954.347826087
2016-07-04,304031.52173913043
2016-07-05,304108.6956521739
2016-07-06,304185.8695652174
2016-07-07,304263.04347826086
2016-07-08,304340.2173913043
2016-07-09,304417.39130434784
2016-07-10,304494.5652173913
2016-07-11,304571.73913043475
2016-07-12,304648.9130434783
2016-07-13,304726.0869565217
2016-07-14,304803.26086956525
2016-07-15,304880.4347826087
2016-07-16,304957.60869565216
2016-07-17,305034.7826086957
2016-07-18,305111.95652173914
2016-07-19,305189.1304347826
2016-07-20,305266.3043478261
2016-07-21,305343.47826086957
2016-07-22,305420.652173913
2016-07-23,305497.82608695654
2016-07-24,305575.0
2016-07-25,305652.17391304346
2016-07-26,305729.347826087
2016-07-27,305806.52173913043
2016-07-28,305883.6956521739
2016-07-29,305960.8695652174
2016-07-30,306038.04347826086
2016-07-31,306115.2173913043
2016-08-01,306192.39130434784
2016-08-02,306269.5652173913
2016-08-03,306346.73913043475
2016-08-04,306423.9130434783
2016-08-05,306501.0869565217
2016-08-06,306578.26086956525
2016-08-07,306655.4347826087
2016-08-08,306732.60869565216
2016-08-09,306809.7826086957
2016-08-10,306886.95652173914
2016-08-11,306964.1304347826
2016-08-12,307041.3043478261
2016-08-13,307118.47826086957
2016-08-14,307195.652173913
2016-08-15,307272.82608695654
2016-08-16,307350.0
2016-08-17,307427.17391304346
2016-08-18,307504.347826087
2016-08-19,307581.52173913043
2016-08-20,307658.6956521739
2016-08-21,307735.8695652174
2016-08-22,307813.04347826086
2016-08-23,307890.2173913043
2016-08-24,307967.39130434784
2016-08-25,308044.5652173913
2016-08-26,308121.73913043475
2016-08-27,308198.9130434783
2016-08-28,308276.0869565217
2016-08-29,308353.26086956525
2016-08-30,308430.4347826087
2016-08-31,308507.60869565216
2016-09-01,308584.7826086957
2016-09-02,308661.95652173914
2016-09-03,308739.1304347826
2016-09-04,308816.3043478261
2016-09-05,308893.47826086957
2016-09-06,308970.652173913
2016-09-07,309047.82608695654
2016-09-08,309125.0
2016-09-09,309202.17391304346
2016-09-10,309279.347826087
2016-09-11,309356.52173913043
2016-09-12,309433.6956521739
2016-09-13,309510.8695652174
2016-09-14,309588.04347826086
2016-09-15,309665.2173913043
2016-09-16,309742.39130434784
2016-09-17,309819.5652173913
2016-09-18,309896.73913043475
2016-09-19,309973.9130434783
2016-09-20,310051.0869565217
2016-09-21,310128.26086956525
2016-09-22,310205.4347826087
2016-09-23,310282.60869565216
2016-09-24,310359.7826086957
2016-09-25,310436.95652173914
2016-09-26,310514.1304347826
2016-09-27,310591.3043478261
2016-09-28,310668.47826086957
2016-09-29,310745.652173913
2016-09-30,310822.82608695654
2016-10-01,310900.0
2016-10-02,310923.9130434783
2016-10-03,310947.82608695654
2016-10-04,310971.73913043475
2016-10-05,310995.652173913
2016-10-06,311019.5652173913
2016-10-07,311043.47826086957
2016-10-08,311067.39130434784
2016-10-09,311091.3043478261
2016-10-10,311115.2173913043
2016-10-11,311139.1304347826
2016-10-12,311163.04347826086
2016-10-13,311186.95652173914
2016-10-14,311210.8695652174
2016-10-15,311234.7826086957
2016-10-16,311258.6956521739
2016-10-17,311282.60869565216
2016-10-18,311306.52173913043
2016-10-19,311330.4347826087
2016-10-20,311354.347826087
2016-10-21,311378.26086956525
2016-10-22,311402.17391304346
2016-10-23,311426.0869565217
2016-10-24,311450.0
2016-10-25,311473.9130434783
2016-10-26,311497.82608695654
2016-10-27,311521.73913043475
2016-10-28,311545.652173913
2016-10-29,311569.5652173913
2016-10-30,311593.47826086957
2016-10-31,311617.39130434784
2016-11-01,311641.3043478261
2016-11-02,311665.2173913043
2016-11-03,311689.1304347826
2016-11-04,311713.04347826086
2016-11-05,311736.95652173914
2016-11-06,311760.8695652174
2016-11-07,311784.7826086957
2016-11-08,311808.6956521739
2016-11-09,311832.60869565216
2016-11-10,311856.52173913043
2016-11-11,311880.4347826087
2016-11-12,311904.347826087
2016-11-13,311928.26086956525
2016-11-14,311952.17391304346
2016-11-15,311976.0869565217
2016-11-16,312000.0
2016-11-17,312023.9130434783
2016-11-18,312047.82608695654
2016-11-19,312071.73913043475
2016-11-20,312095.652173913
2016-11-21,312119.5652173913
2016-11-22,312143.47826086957
2016-11-23,312167.39130434784
2016-11-24,312191.3043478261
2016-11-25,312215.2173913043
2016-11-26,312239.1304347826
2016-11-27,312263.04347826086
2016-11-28,312286.95652173914
2016-11-29,312310.8695652174
2016-11-30,312334.7826086957
2016-12-01,312358.6956521739
2016-12-02,312382.60869565216
2016-12-03,312406.52173913043
2016-12-04,312430.4347826087
2016-12-05,312454.347826087
2016-12-06,312478.26086956525
2016-12-07,312502.17391304346
2016-12-08,312526.0869565217
2016-12-09,312550.0
2016-12-10,312573.9130434783
2016-12-11,312597.82608695654
2016-12-12,312621.73913043475
2016-12-13,312645.652173913
2016-12-14,312669.5652173913
2016-12-15,312693.47826086957
2016-12-16,312717.39130434784
2016-12-17,312741.3043478261
2016-12-18,312765.2173913043
2016-12-19,312789.1304347826
2016-12-20,312813.04347826086
2016-12-21,312836.95652173914
2016-12-22,312860.8695652174
2016-12-23,312884.7826086957
2016-12-24,312908.6956521739
2016-12-25,312932.60869565216
2016-12-26,312956.52173913043
2016-12-27,312980.4347826087
2016-12-28,313004.347826087
2016-12-29,313028.26086956525
2016-12-30,313052.17391304346
2016-12-31,313076.0869565217
2017-01-01,313100.0
2017-01-02,313156.6666666667
2017-01-03,313213.3333333333
2017-01-04,313270.0
2017-01-05,313326.6666666667
2017-01-06,313383.3333333333
2017-01-07,313440.0
2017-01-08,313496.6666666667
2017-01-09,313553.3333333333
2017-01-10,313610.0
2017-01-11,313666.6666666667
2017-01-12,313723.3333333333
2017-01-13,313780.0
2017-01-14,313836.6666666667
2017-01-15,313893.3333333333
2017-01-16,313950.0
2017-01-17,314006.6666666667
2017-01-18,314063.3333333333
2017-01-19,314120.0
2017-01-20,314176.6666666667
2017-01-21,314233.3333333333
2017-01-22,314290.0
2017-01-23,314346.6666666667
2017-01-24,314403.3333333333
2017-01-25,314460.0
2017-01-26,314516.6666666667
2017-01-27,314573.3333333333
2017-01-28,314630.0
2017-01-29,314686.6666666667
2017-01-30,314743.3333333333
2017-01-31,314800.0
2017-02-01,314856.6666666667
2017-02-02,314913.3333333333
2017-02-03,314970.0
2017-02-04,315026.6666666667
2017-02-05,315083.3333333333
2017-02-06,315140.0
2017-02-07,315196.6666666667
2017-02-08,315253.3333333333
2017-02-09,315310.0
2017-02-10,315366.6666666667
2017-02-11,315423.3333333333
2017-02-12,315480.0
2017-02-13,315536.6666666667
2017-02-14,315593.3333333333
2017-02-15,315650.0
2017-02-16,315706.6666666667
2017-02-17,315763.3333333333
2017-02-18,315820.0
2017-02-19,315876.6666666667
2017-02-20,315933.3333333333
2017-02-21,315990.0
2017-02-22,316046.6666666667
2017-02-23,316103.3333333333
2017-02-24,316160.0
2017-02-25,316216.6666666667
2017-02-26,316273.3333333333
2017-02-27,316330.0
2017-02-28,316386.6666666667
2017-03-01,316443.3333333333
2017-03-02,316500.0
2017-03-03,316556.6666666667
2017-03-04,316613.3333333333
2017-03-05,316670.0
2017-03-06,316726.6666666667
2017-03-07,316783.3333333333
2017-03-08,316840.0
2017-03-09,316896.6666666667
2017-03-10,316953.3333333333
2017-03-11,317010.0
2017-03-12,317066.6666666667
2017-03-13,317123.3333333333
2017-03-14,317180.0
2017-03-15,317236.6666666667
2017-03-16,317293.3333333333
2017-03-17,317350.0
2017-03-18,317406.6666666667
2017-03-19,317463.3333333333
2017-03-20,317520.0
2017-03-21,317576.6666666667
2017-03-22,317633.3333333333
2017-03-23,317690.0
2017-03-24,317746.6666666667
2017-03-25,317803.3333333333
2017-03-26,317860.0
2017-03-27,317916.6666666667
2017-03-28,317973.3333333333
2017-03-29,318030.0
2017-03-30,318086.6666666667
2017-03-31,318143.3333333333
2017-04-01,318200.0
2017-04-02,318225.2747252747
2017-04-03,318250.5494505495
2017-04-04,318275.8241758242
2017-04-05,318301.0989010989
2017-04-06,318326.37362637365
2017-04-07,318351.64835164836
2017-04-08,318376.92307692306
2017-04-09,318402.1978021978
2017-04-10,318427.47252747254
2017-04-11,318452.74725274724
2017-04-12,318478.021978022
2017-04-13,318503.2967032967
2017-04-14,318528.5714285714
2017-04-15,318553.8461538461
2017-04-16,318579.1208791209
2017-04-17,318604.3956043956
2017-04-18,318629.6703296703
2017-04-19,318654.94505494507
2017-04-20,318680.2197802198
2017-04-21,318705.4945054945
2017-04-22,318730.76923076925
2017-04-23,318756.04395604396
2017-04-24,318781.31868131866
2017-04-25,318806.5934065934
2017-04-26,318831.86813186813
2017-04-27,318857.14285714284
2017-04-28,318882.4175824176
2017-04-29,318907.6923076923
2017-04-30,318932.967032967
2017-05-01,318958.2417582418
2017-05-02,318983.5164835165
2017-05-03,319008.7912087912
2017-05-04,319034.06593406596
2017-05-05,319059.34065934067
2017-05-06,319084.6153846154
2017-05-07,319109.8901098901
2017-05-08,319135.16483516485
2017-05-09,319160.43956043955
2017-05-10,319185.71428571426
2017-05-11,319210.989010989
2017-05-12,319236.26373626373
2017-05-13,319261.53846153844
2017-05-14,319286.8131868132
2017-05-15,319312.0879120879
2017-05-16,319337.3626373626
2017-05-17,319362.6373626374
2017-05-18,319387.9120879121
2017-05-19,319413.1868131868
2017-05-20,319438.46153846156
2017-05-21,319463.73626373627
2017-05-22,319489.010989011
2017-05-23,319514.28571428574
2017-05-24,319539.56043956045
2017-05-25,319564.83516483515
2017-05-26,319590.1098901099
2017-05-27,319615.3846153846
2017-05-28,319640.65934065933
2017-05-29,319665.93406593404
2017-05-30,319691.2087912088
2017-05-31,319716.4835164835
2017-06-01,319741.7582417582
2017-06-02,319767.032967033
2017-06-03,319792.3076923077
2017-06-04,319817.5824175824
2017-06-05,319842.85714285716
2017-06-06,319868.13186813187
2017-06-07,319893.4065934066
2017-06-08,319918.68131868134
2017-06-09,319943.95604395604
2017-06-10,319969.23076923075
2017-06-11,319994.5054945055
2017-06-12,320019.7802197802
2017-06-13,320045.05494505493
2017-06-14,320070.3296703297
2017-06-15,320095.6043956044
2017-06-16,320120.8791208791
2017-06-17,320146.1538461539
2017-06-18,320171.4285714286
2017-06-19,320196.7032967033
2017-06-20,320221.978021978
2017-06-21,320247.25274725276
2017-06-22,320272.52747252746
2017-06-23,320297.8021978022
2017-06-24,320323.07692307694
2017-06-25,320348.35164835164
2017-06-26,320373.62637362635
2017-06-27,320398.9010989011
2017-06-28,320424.1758241758
2017-06-29,320449.4505494505
2017-06-30,320474.7252747253
2017-07-01,320500.0
2017-07-02,320689.1304347826
2017-07-03,320878.26086956525
2017-07-04,321067.39130434784
2017-07-05,321256.52173913043
2017-07-06,321445.652173913
2017-07-07,321634.7826086957
2017-07-08,321823.9130434783
2017-07-09,322013.04347826086
2017-07-10,322202.17391304346
2017-07-11,322391.3043478261
2017-07-12,322580.4347826087
2017-07-13,322769.5652173913
2017-07-14,322958.6956521739
2017-07-15,323147.82608695654
2017-07-16,323336.95652173914
2017-07-17,323526.0869565217
2017-07-18,323715.2173913043
2017-07-19,323904.347826087
2017-07-20,324093.47826086957
2017-07-21,324282.60869565216
2017-07-22,324471.73913043475
2017-07-23,324660.8695652174
2017-07-24,324850.0
2017-07-25,325039.1304347826
2017-07-26,325228.26086956525
2017-07-27,325417.39130434784
2017-07-28,325606.52173913043
2017-07-29,325795.652173913
2017-07-30,325984.7826086957
2017-07-31,326173.9130434783
2017-08-01,326363.04347826086
2017-08-02,326552.17391304346
2017-08-03,326741.3043478261
2017-08-04,326930.4347826087
2017-08-05,327119.5652173913
2017-08-06,327308.6956521739
2017-08-07,327497.82608695654
2017-08-08,327686.95652173914
2017-08-09,327876.0869565217
2017-08-10,328065.2173913043
2017-08-11,328254.347826087
2017-08-12,328443.47826086957
2017-08-13,328632.60869565216
2017-08-14,328821.73913043475
2017-08-15,329010.8695652174
2017-08-16,329200.0
2017-08-17,329389.1304347826
2017-08-18,329578.2608695652
2017-08-19,329767.39130434784
2017-08-20,329956.52173913043
2017-08-21,330145.652173913
2017-08-22,330334.7826086957
2017-08-23,330523.9130434783
2017-08-24,330713.04347826086
2017-08-25,330902.17391304346
2017-08-26,331091.3043478261
2017-08-27,331280.4347826087
2017-08-28,331469.5652173913
2017-08-29,331658.6956521739
2017-08-30,331847.82608695654
2017-08-31,332036.95652173914
2017-09-01,332226.0869565217
2017-09-02,332415.2173913043
2017-09-03,332604.347826087
2017-09-04,332793.47826086957
2017-09-05,332982.60869565216
2017-09-06,333171.73913043475
2017-09-07,333360.8695652174
2017-09-08,333550.0
2017-09-09,333739.1304347826
2017-09-10,333928.2608695652
2017-09-11,334117.39130434784
2017-09-12,334306.52173913043
2017-09-13,334495.652173913
2017-09-14,334684.7826086957
2017-09-15,334873.9130434783
2017-09-16,335063.04347826086
2017-09-17,335252.17391304346
2017-09-18,335441.3043478261
2017-09-19,335630.4347826087
2017-09-20,335819.5652173913
2017-09-21,336008.6956521739
2017-09-22,336197.82608695654
2017-09-23,336386.95652173914
2017-09-24,336576.0869565217
2017-09-25,336765.2173913043
2017-09-26,336954.347826087
2017-09-27,337143.47826086957
2017-09-28,337332.60869565216
2017-09-29,337521.73913043475
2017-09-30,337710.8695652174
2017-10-01,337900.0
2017-10-02,337833.6956521739
2017-10-03,337767.39130434784
2017-10-04,337701.0869565217
2017-10-05,337634.7826086957
2017-10-06,337568.47826086957
2017-10-07,337502.17391304346
2017-10-08,337435.8695652174
2017-10-09,337369.5652173913
2017-10-10,337303.26086956525
2017-10-11,337236.95652173914
2017-10-12,337170.652173913
2017-10-13,337104.347826087
2017-10-14,337038.04347826086
2017-10-15,336971.73913043475
2017-10-16,336905.4347826087
2017-10-17,336839.1304347826
2017-10-18,336772.82608695654
2017-10-19,336706.52173913043
2017-10-20,336640.2173913043
2017-10-21,336573.9130434783
2017-10-22,336507.60869565216
2017-10-23,336441.3043478261
2017-10-24,336375.0
2017-10-25,336308.6956521739
2017-10-26,336242.39130434784
2017-10-27,336176.0869565217
2017-10-28,336109.7826086957
2017-10-29,336043.47826086957
2017-10-30,335977.17391304346
2017-10-31,335910.8695652174
2017-11-01,335844.5652173913
2017-11-02,335778.26086956525
2017-11-03,335711.95652173914
2017-11-04,335645.652173913
2017-11-05,335579.347826087
2017-11-06,335513.04347826086
2017-11-07,335446.73913043475
2017-11-08,335380.4347826087
2017-11-09,335314.1304347826
2017-11-10,335247.82608695654
2017-11-11,335181.52173913043
2017-11-12,335115.2173913043
2017-11-13,335048.9130434783
2017-11-14,334982.60869565216
2017-11-15,334916.3043478261
2017-11-16,334850.0
2017-11-17,334783.6956521739
2017-11-18,334717.39130434784
2017-11-19,334651.0869565217
2017-11-20,334584.7826086957
2017-11-21,334518.47826086957
2017-11-22,334452.17391304346
2017-11-23,334385.8695652174
2017-11-24,334319.5652173913
2017-11-25,334253.26086956525
2017-11-26,334186.95652173914
2017-11-27,334120.652173913
2017-11-28,334054.347826087
2017-11-29,333988.04347826086
2017-11-30,333921.73913043475
2017-12-01,333855.4347826087
2017-12-02,333789.1304347826
2017-12-03,333722.82608695654
2017-12-04,333656.52173913043
2017-12-05,333590.2173913043
2017-12-06,333523.9130434783
2017-12-07,333457.60869565216
2017-12-08,333391.3043478261
2017-12-09,333325.0
2017-12-10,333258.6956521739
2017-12-11,333192.39130434784
2017-12-12,333126.0869565217
2017-12-13,333059.7826086957
2017-12-14,332993.47826086957
2017-12-15,332927.17391304346
2017-12-16,332860.8695652174
2017-12-17,332794.5652173913
2017-12-18,332728.26086956525
2017-12-19,332661.95652173914
2017-12-20,332595.652173913
2017-12-21,332529.347826087
2017-12-22,332463.04347826086
2017-12-23,332396.73913043475
2017-12-24,332330.4347826087
2017-12-25,332264.1304347826
2017-12-26,332197.82608695654
2017-12-27,332131.52173913043
2017-12-28,332065.2173913043
2017-12-29,331998.9130434783
2017-12-30,331932.60869565216
2017-12-31,331866.3043478261
2018-01-01,331800.0
2018-01-02,331620.0
2018-01-03,331440.0
2018-01-04,331260.0
2018-01-05,331080.0
2018-01-06,330900.0
2018-01-07,330720.0
2018-01-08,330540.0
2018-01-09,330360.0
2018-01-10,330180.0
2018-01-11,330000.0
2018-01-12,329820.0
2018-01-13,329640.0
2018-01-14,329460.0
2018-01-15,329280.0
2018-01-16,329100.0
2018-01-17,328920.0
2018-01-18,328740.0
2018-01-19,328560.0
2018-01-20,328380.0
2018-01-21,328200.0
2018-01-22,328020.0
2018-01-23,327840.0
2018-01-24,327660.0
2018-01-25,327480.0
2018-01-26,327300.0
2018-01-27,327120.0
2018-01-28,326940.0
2018-01-29,326760.0
2018-01-30,326580.0
2018-01-31,326400.0
2018-02-01,326220.0
2018-02-02,326040.0
2018-02-03,325860.0
2018-02-04,325680.0
2018-02-05,325500.0
2018-02-06,325320.0
2018-02-07,325140.0
2018-02-08,324960.0
2018-02-09,324780.0
2018-02-10,324600.0
2018-02-11,324420.0
2018-02-12,324240.0
2018-02-13,324060.0
2018-02-14,323880.0
2018-02-15,323700.0
2018-02-16,323520.0
2018-02-17,323340.0
2018-02-18,323160.0
2018-02-19,322980.0
2018-02-20,322800.0
2018-02-21,322620.0
2018-02-22,322440.0
2018-02-23,322260.0
2018-02-24,322080.0
2018-02-25,321900.0
2018-02-26,321720.0
2018-02-27,321540.0
2018-02-28,321360.0
2018-03-01,321180.0
2018-03-02,321000.0
2018-03-03,320820.0
2018-03-04,320640.0
2018-03-05,320460.0
2018-03-06,320280.0
2018-03-07,320100.0
2018-03-08,319920.0
2018-03-09,319740.0
2018-03-10,319560.0
2018-03-11,319380.0
2018-03-12,319200.0
2018-03-13,319020.0
2018-03-14,318840.0
2018-03-15,318660.0
2018-03-16,318480.0
2018-03-17,318300.0
2018-03-18,318120.0
2018-03-19,317940.0
2018-03-20,317760.0
2018-03-21,317580.0
2018-03-22,317400.0
2018-03-23,317220.0
2018-03-24,317040.0
2018-03-25,316860.0
2018-03-26,316680.0
2018-03-27,316500.0
2018-03-28,316320.0
2018-03-29,316140.0
2018-03-30,315960.0
2018-03-31,315780.0
2018-04-01,315600.0
2018-04-02,315768.13186813187
2018-04-03,315936.26373626373
2018-04-04,316104.3956043956
2018-04-05,316272.52747252746
2018-04-06,316440.65934065933
2018-04-07,316608.7912087912
2018-04-08,316776.92307692306
2018-04-09,316945.05494505493
2018-04-10,317113.1868131868
2018-04-11,317281.31868131866
2018-04-12,317449.4505494505
2018-04-13,317617.5824175824
2018-04-14,317785.71428571426
2018-04-15,317953.8461538461
2018-04-16,318121.97802197805
2018-04-17,318290.1098901099
2018-04-18,318458.2417582418
2018-04-19,318626.37362637365
2018-04-20,318794.5054945055
2018-04-21,318962.6373626374
2018-04-22,319130.76923076925
2018-04-23,319298.9010989011
2018-04-24,319467.032967033
2018-04-25,319635.16483516485
2018-04-26,319803.2967032967
2018-04-27,319971.4285714286
2018-04-28,320139.56043956045
2018-04-29,320307.6923076923
2018-04-30,320475.8241758242
2018-05-01,320643.95604395604
2018-05-02,320812.0879120879
2018-05-03,320980.2197802198
2018-05-04,321148.35164835164
2018-05-05,321316.4835164835
2018-05-06,321484.6153846154
2018-05-07,321652.74725274724
2018-05-08,321820.8791208791
2018-05-09,321989.010989011
2018-05-10,322157.14285714284
2018-05-11,322325.2747252747
2018-05-12,322493.4065934066
2018-05-13,322661.53846153844
2018-05-14,322829.6703296703
2018-05-15,322997.8021978022
2018-05-16,323165.93406593404
2018-05-17,323334.06593406596
2018-05-18,323502.1978021978
2018-05-19,323670.3296703297
2018-05-20,323838.46153846156
2018-05-21,324006.5934065934
2018-05-22,324174.7252747253
2018-05-23,324342.85714285716
2018-05-24,324510.989010989
2018-05-25,324679.1208791209
2018-05-26,324847.25274725276
2018-05-27,325015.3846153846
2018-05-28,325183.5164835165
2018-05-29,325351.64835164836
2018-05-30,325519.7802197802
2018-05-31,325687.9120879121
2018-06-01,325856.04395604396
2018-06-02,326024.1758241758
2018-06-03,326192.3076923077
2018-06-04,326360.43956043955
2018-06-05,326528.5714285714
2018-06-06,326696.7032967033
2018-06-07,326864.83516483515
2018-06-08,327032.967032967
2018-06-09,327201.0989010989
2018-06-10,327369.23076923075
2018-06-11,327537.3626373626
2018-06-12,327705.4945054945
2018-06-13,327873.62637362635
2018-06-14,328041.7582417582
2018-06-15,328209.89010989014
2018-06-16,328378.021978022
2018-06-17,328546.1538461539
2018-06-18,328714.28571428574
2018-06-19,328882.4175824176
2018-06-20,329050.5494505495
2018-06-21,329218.68131868134
2018-06-22,329386.8131868132
2018-06-23,329554.94505494507
2018-06-24,329723.07692307694
2018-06-25,329891.2087912088
2018-06-26,330059.34065934067
2018-06-27,330227.47252747254
2018-06-28,330395.6043956044
2018-06-29,330563.73626373627
2018-06-30,330731.86813186813
2018-07-01,330900.0
2018-07-02,330811.95652173914
2018-07-03,330723.9130434783
2018-07-04,330635.8695652174
2018-07-05,330547.82608695654
2018-07-06,330459.7826086957
2018-07-07,330371.73913043475
2018-07-08,330283.6956521739
2018-07-09,330195.652173913
2018-07-10,330107.60869565216
2018-07-11,330019.5652173913
2018-07-12,329931.52173913043
2018-07-13,329843.47826086957
2018-07-14,329755.4347826087
2018-07-15,329667.39130434784
2018-07-16,329579.347826087
2018-07-17,329491.3043478261
2018-07-18,329403.26086956525
2018-07-19,329315.2173913043
2018-07-20,329227.17391304346
2018-07-21,329139.1304347826
2018-07-22,329051.0869565217
2018-07-23,328963.04347826086
2018-07-24,328875.0
2018-07-25,328786.95652173914
2018-07-26,328698.9130434783
2018-07-27,328610.8695652174
2018-07-28,328522.82608695654
2018-07-29,328434.7826086957
2018-07-30,328346.73913043475
2018-07-31,328258.6956521739
2018-08-01,328170.652173913
2018-08-02,328082.60869565216
2018-08-03,327994.5652173913
2018-08-04,327906.52173913043
2018-08-05,327818.47826086957
2018-08-06,327730.4347826087
2018-08-07,327642.39130434784
2018-08-08,327554.347826087
2018-08-09,327466.3043478261
2018-08-10,327378.26086956525
2018-08-11,327290.2173913043
2018-08-12,327202.17391304346
2018-08-13,327114.1304347826
2018-08-14,327026.0869565217
2018-08-15,326938.04347826086
2018-08-16,326850.0
2018-08-17,326761.95652173914
2018-08-18,326673.9130434783
2018-08-19,326585.8695652174
2018-08-20,326497.82608695654
2018-08-21,326409.7826086957
2018-08-22,326321.73913043475
2018-08-23,326233.6956521739
2018-08-24,326145.652173913
2018-08-25,326057.60869565216
2018-08-26,325969.5652173913
2018-08-27,325881.52173913043
2018-08-28,325793.47826086957
2018-08-29,325705.4347826087
2018-08-30,325617.39130434784
2018-08-31,325529.347826087
2018-09-01,325441.3043478261
2018-09-02,325353.26086956525
2018-09-03,325265.2173913043
2018-09-04,325177.17391304346
2018-09-05,325089.1304347826
2018-09-06,325001.0869565217
2018-09-07,324913.04347826086
2018-09-08,324825.0
2018-09-09,324736.95652173914
2018-09-10,324648.9130434783
2018-09-11,324560.8695652174
2018-09-12,324472.82608695654
2018-09-13,324384.7826086957
2018-09-14,324296.73913043475
2018-09-15,324208.6956521739
2018-09-16,324120.652173913
2018-09-17,324032.60869565216
2018-09-18,323944.5652173913
2018-09-19,323856.52173913043
2018-09-20,323768.47826086957
2018-09-21,323680.4347826087
2018-09-22,323592.39130434784
2018-09-23,323504.347826087
2018-09-24,323416.3043478261
2018-09-25,323328.26086956525
2018-09-26,323240.2173913043
2018-09-27,323152.17391304346
2018-09-28,323064.1304347826
2018-09-29,322976.0869565217
2018-09-30,322888.04347826086
2018-10-01,322800.0
2018-10-02,322693.47826086957
2018-10-03,322586.95652173914
2018-10-04,322480.4347826087
2018-10-05,322373.9130434783
2018-10-06,322267.39130434784
2018-10-07,322160.8695652174
2018-10-08,322054.347826087
2018-10-09,321947.82608695654
2018-10-10,321841.3043478261
2018-10-11,321734.7826086957
2018-10-12,321628.26086956525
2018-10-13,321521.73913043475
2018-10-14,321415.2173913043
2018-10-15,321308.6956521739
2018-10-16,321202.17391304346
2018-10-17,321095.652173913
2018-10-18,320989.1304347826
2018-10-19,320882.60869565216
2018-10-20,320776.0869565217
2018-10-21,320669.5652173913
2018-10-22,320563.04347826086
2018-10-23,320456.52173913043
2018-10-24,320350.0
2018-10-25,320243.47826086957
2018-10-26,320136.95652173914
2018-10-27,320030.4347826087
2018-10-28,319923.9130434783
2018-10-29,319817.39130434784
2018-10-30,319710.8695652174
2018-10-31,319604.347826087
2018-11-01,319497.82608695654
2018-11-02,319391.3043478261
2018-11-03,319284.7826086957
2018-11-04,319178.26086956525
2018-11-05,319071.73913043475
2018-11-06,318965.2173913043
2018-11-07,318858.6956521739
2018-11-08,318752.17391304346
2018-11-09,318645.652173913
2018-11-10,318539.1304347826
2018-11-11,318432.60869565216
2018-11-12,318326.0869565217
2018-11-13,318219.5652173913
2018-11-14,318113.04347826086
2018-11-15,318006.52173913043
2018-11-16,317900.0
2018-11-17,317793.47826086957
2018-11-18,317686.95652173914
2018-11-19,317580.4347826087
2018-11-20,317473.9130434783
2018-11-21,317367.39130434784
2018-11-22,317260.8695652174
2018-11-23,317154.347826087
2018-11-24,317047.82608695654
2018-11-25,316941.3043478261
2018-11-26,316834.7826086957
2018-11-27,316728.26086956525
2018-11-28,316621.73913043475
2018-11-29,316515.2173913043
2018-11-30,316408.6956521739
2018-12-01,316302.17391304346
2018-12-02,316195.652173913
2018-12-03,316089.1304347826
2018-12-04,315982.60869565216
2018-12-05,315876.0869565217
2018-12-06,315769.5652173913
2018-12-07,315663.04347826086
2018-12-08,315556.52173913043
2018-12-09,315450.0
2018-12-10,315343.47826086957
2018-12-11,315236.95652173914
2018-12-12,315130.4347826087
2018-12-13,315023.9130434783
2018-12-14,314917.39130434784
2018-12-15,314810.8695652174
2018-12-16,314704.347826087
2018-12-17,314597.82608695654
2018-12-18,314491.3043478261
2018-12-19,314384.7826086957
2018-12-20,314278.26086956525
2018-12-21,314171.73913043475
2018-12-22,314065.2173913043
2018-12-23,313958.6956521739
2018-12-24,313852.17391304346
2018-12-25,313745.652173913
2018-12-26,313639.1304347826
2018-12-27,313532.60869565216
2018-12-28,313426.0869565217
2018-12-29,313319.5652173913
2018-12-30,313213.04347826086
2018-12-31,313106.52173913043
2019-01-01,313000.0
2019-01-02,313105.55555555556
2019-01-03,313211.1111111111
2019-01-04,313316.6666666667
2019-01-05,313422.22222222225
2019-01-06,313527.77777777775
2019-01-07,313633.3333333333
2019-01-08,313738.8888888889
2019-01-09,313844.44444444444
2019-01-10,313950.0
2019-01-11,314055.55555555556
2019-01-12,314161.1111111111
2019-01-13,314266.6666666667
2019-01-14,314372.22222222225
2019-01-15,314477.77777777775
2019-01-16,314583.3333333333
2019-01-17,314688.8888888889
2019-01-18,314794.44444444444
2019-01-19,314900.0
2019-01-20,315005.55555555556
2019-01-21,315111.1111111111
2019-01-22,315216.6666666667
2019-01-23,315322.22222222225
2019-01-24,315427.77777777775
2019-01-25,315533.3333333333
2019-01-26,315638.8888888889
2019-01-27,315744.44444444444
2019-01-28,315850.0
2019-01-29,315955.55555555556
2019-01-30,316061.1111111111
2019-01-31,316166.6666666667
2019-02-01,316272.22222222225
2019-02-02,316377.77777777775
2019-02-03,316483.3333333333
2019-02-04,316588.8888888889
2019-02-05,316694.44444444444
2019-02-06,316800.0
2019-02-07,316905.55555555556
2019-02-08,317011.1111111111
2019-02-09,317116.6666666667
2019-02-10,317222.22222222225
2019-02-11,317327.77777777775
2019-02-12,317433.3333333333
2019-02-13,317538.8888888889
2019-02-14,317644.44444444444
2019-02-15,317750.0
2019-02-16,317855.55555555556
2019-02-17,317961.1111111111
2019-02-18,318066.6666666667
2019-02-19,318172.22222222225
2019-02-20,318277.77777777775
2019-02-21,318383.3333333333
2019-02-22,318488.8888888889
2019-02-23,318594.44444444444
2019-02-24,318700.0
2019-02-25,318805.55555555556
2019-02-26,318911.1111111111
2019-02-27,319016.6666666667
2019-02-28,319122.22222222225
2019-03-01,319227.77777777775
2019-03-02,319333.3333333333
2019-03-03,319438.8888888889
2019-03-04,319544.44444444444
2019-03-05,319650.0
2019-03-06,319755.55555555556
2019-03-07,319861.1111111111
2019-03-08,319966.6666666667
2019-03-09,320072.22222222225
2019-03-10,320177.77777777775
2019-03-11,320283.3333333333
2019-03-12,320388.8888888889
2019-03-13,320494.44444444444
2019-03-14,320600.0
2019-03-15,320705.55555555556
2019-03-16,320811.1111111111
2019-03-17,320916.6666666667
2019-03-18,321022.22222222225
2019-03-19,321127.77777777775
2019-03-20,321233.3333333333
2019-03-21,321338.8888888889
2019-03-22,321444.44444444444
2019-03-23,321550.0
2019-03-24,321655.55555555556
2019-03-25,321761.1111111111
2019-03-26,321866.6666666667
2019-03-27,321972.22222222225
2019-03-28,322077.77777777775
2019-03-29,322183.3333333333
2019-03-30,322288.8888888889
2019-03-31,322394.44444444444
2019-04-01,322500.0
2019-04-02,322454.94505494507
2019-04-03,322409.8901098901
2019-04-04,322364.83516483515
2019-04-05,322319.7802197802
2019-04-06,322274.7252747253
2019-04-07,322229.6703296703
2019-04-08,322184.6153846154
2019-04-09,322139.56043956045
2019-04-10,322094.5054945055
2019-04-11,322049.4505494505
2019-04-12,322004.3956043956
2019-04-13,321959.34065934067
2019-04-14,321914.28571428574
2019-04-15,321869.23076923075
2019-04-16,321824.1758241758
2019-04-17,321779.1208791209
2019-04-18,321734.06593406596
2019-04-19,321689.010989011
2019-04-20,321643.95604395604
2019-04-21,321598.9010989011
2019-04-22,321553.8461538461
2019-04-23,321508.7912087912
2019-04-24,321463.73626373627
2019-04-25,321418.68131868134
2019-04-26,321373.62637362635
2019-04-27,321328.5714285714
2019-04-28,321283.5164835165
2019-04-29,321238.46153846156
2019-04-30,321193.4065934066
2019-05-01,321148.35164835164
2019-05-02,321103.2967032967
2019-05-03,321058.2417582418
2019-05-04,321013.1868131868
2019-05-05,320968.13186813187
2019-05-06,320923.07692307694
2019-05-07,320878.021978022
2019-05-08,320832.967032967
2019-05-09,320787.9120879121
2019-05-10,320742.85714285716
2019-05-11,320697.8021978022
2019-05-12,320652.74725274724
2019-05-13,320607.6923076923
2019-05-14,320562.6373626374
2019-05-15,320517.5824175824
2019-05-16,320472.52747252746
2019-05-17,320427.47252747254
2019-05-18,320382.4175824176
2019-05-19,320337.3626373626
2019-05-20,320292.3076923077
2019-05-21,320247.25274725276
2019-05-22,320202.1978021978
2019-05-23,320157.14285714284
2019-05-24,320112.0879120879
2019-05-25,320067.032967033
2019-05-26,320021.978021978
2019-05-27,319976.92307692306
2019-05-28,319931.86813186813
2019-05-29,319886.8131868132
2019-05-30,319841.7582417582
2019-05-31,319796.7032967033
2019-06-01,319751.64835164836
2019-06-02,319706.5934065934
2019-06-03,319661.53846153844
2019-06-04,319616.4835164835
2019-06-05,319571.4285714286
2019-06-06,319526.37362637365
2019-06-07,319481.31868131866
2019-06-08,319436.26373626373
2019-06-09,319391.2087912088
2019-06-10,319346.1538461539
2019-06-11,319301.0989010989
2019-06-12,319256.04395604396
2019-06-13,319210.989010989
2019-06-14,319165.93406593404
2019-06-15,319120.8791208791
2019-06-16,319075.8241758242
2019-06-17,319030.76923076925
2019-06-18,318985.71428571426
2019-06-19,318940.65934065933
2019-06-20,318895.6043956044
2019-06-21,318850.5494505495
2019-06-22,318805.4945054945
2019-06-23,318760.43956043955
2019-06-24,318715.3846153846
2019-06-25,318670.3296703297
2019-06-26,318625.2747252747
2019-06-27,318580.2197802198
2019-06-28,318535.16483516485
2019-06-29,318490.1098901099
2019-06-30,318445.05494505493
2019-07-01,318400.0
2019-07-02,318466.3043478261
2019-07-03,318532.60869565216
2019-07-04,318598.9130434783
2019-07-05,318665.2173913043
2019-07-06,318731.52173913043
2019-07-07,318797.82608695654
2019-07-08,318864.1304347826
2019-07-09,318930.4347826087
2019-07-10,318996.73913043475
2019-07-11,319063.04347826086
2019-07-12,319129.347826087
2019-07-13,319195.652173913
2019-07-14,319261.95652173914
2019-07-15,319328.26086956525
2019-07-16,319394.5652173913
2019-07-17,319460.8695652174
2019-07-18,319527.17391304346
2019-07-19,319593.47826086957
2019-07-20,319659.7826086957
2019-07-21,319726.0869565217
2019-07-22,319792.39130434784
2019-07-23,319858.6956521739
2019-07-24,319925.0
2019-07-25,319991.3043478261
2019-07-26,320057.60869565216
2019-07-27,320123.9130434783
2019-07-28,320190.2173913043
2019-07-29,320256.52173913043
2019-07-30,320322.82608695654
2019-07-31,320389.1304347826
2019-08-01,320455.4347826087
2019-08-02,320521.73913043475
2019-08-03,320588.04347826086
2019-08-04,320654.347826087
2019-08-05,320720.652173913
2019-08-06,320786.95652173914
2019-08-07,320853.26086956525
2019-08-08,320919.5652173913
2019-08-09,320985.8695652174
2019-08-10,321052.17391304346
2019-08-11,321118.47826086957
2019-08-12,321184.7826086957
2019-08-13,321251.0869565217
2019-08-14,321317.39130434784
2019-08-15,321383.6956521739
2019-08-16,321450.0
2019-08-17,321516.3043478261
2019-08-18,321582.60869565216
2019-08-19,321648.9130434783
2019-08-20,321715.2173913043
2019-08-21,321781.52173913043
2019-08-22,321847.82608695654
2019-08-23,321914.1304347826
2019-08-24,321980.4347826087
2019-08-25,322046.73913043475
2019-08-26,322113.04347826086
2019-08-27,322179.347826087
2019-08-28,322245.652173913
2019-08-29,322311.95652173914
2019-08-30,322378.26086956525
2019-08-31,322444.5652173913
2019-09-01,322510.8695652174
2019-09-02,322577.17391304346
2019-09-03,322643.47826086957
2019-09-04,322709.7826086957
2019-09-05,322776.0869565217
2019-09-06,322842.39130434784
2019-09-07,322908.6956521739
2019-09-08,322975.0
2019-09-09,323041.3043478261
2019-09-10,323107.60869565216
2019-09-11,323173.9130434783
2019-09-12,323240.2173913043
2019-09-13,323306.52173913043
2019-09-14,323372.82608695654
2019-09-15,323439.1304347826
2019-09-16,323505.4347826087
2019-09-17,323571.73913043475
2019-09-18,323638.04347826086
2019-09-19,323704.347826087
2019-09-20,323770.652173913
2019-09-21,323836.95652173914
2019-09-22,323903.26086956525
2019-09-23,323969.5652173913
2019-09-24,324035.8695652174
2019-09-25,324102.17391304346
2019-09-26,324168.47826086957
2019-09-27,324234.7826086957
2019-09-28,324301.0869565217
2019-09-29,324367.39130434784
2019-09-30,324433.6956521739
2019-10-01,324500.0
2019-10-02,324500.0
2019-10-03,324500.0
2019-10-04,324500.0
2019-10-05,324500.0
2019-10-06,324500.0
2019-10-07,324500.0
2019-10-08,324500.0
2019-10-09,324500.0
2019-10-10,324500.0
2019-10-11,324500.0
2019-10-12,324500.0
2019-10-13,324500.0
2019-10-14,324500.0
2019-10-15,324500.0
2019-10-16,324500.0
2019-10-17,324500.0
2019-10-18,324500.0
2019-10-19,324500.0
2019-10-20,324500.0
2019-10-21,324500.0
2019-10-22,324500.0
2019-10-23,324500.0
2019-10-24,324500.0
2019-10-25,324500.0
2019-10-26,324500.0
2019-10-27,324500.0
2019-10-28,324500.0
2019-10-29,324500.0
2019-10-30,324500.0
2019-10-31,324500.0
2019-11-01,324500.0
2019-11-02,324500.0
2019-11-03,324500.0
2019-11-04,324500.0
2019-11-05,324500.0
2019-11-06,324500.0
2019-11-07,324500.0
2019-11-08,324500.0
2019-11-09,324500.0
2019-11-10,324500.0
2019-11-11,324500.0
2019-11-12,324500.0
2019-11-13,324500.0
2019-11-14,324500.0
2019-11-15,324500.0
2019-11-16,324500.0
2019-11-17,324500.0
2019-11-18,324500.0
2019-11-19,324500.0
2019-11-20,324500.0
2019-11-21,324500.0
2019-11-22,324500.0
2019-11-23,324500.0
2019-11-24,324500.0
2019-11-25,324500.0
2019-11-26,324500.0
2019-11-27,324500.0
2019-11-28,324500.0
2019-11-29,324500.0
2019-11-30,324500.0
2019-12-01,324500.0
2019-12-02,324500.0
2019-12-03,324500.0
2019-12-04,324500.0
2019-12-05,324500.0
2019-12-06,324500.0
2019-12-07,324500.0
2019-12-08,324500.0
2019-12-09,324500.0
2019-12-10,324500.0
2019-12-11,324500.0
2019-12-12,324500.0
2019-12-13,324500.0
2019-12-14,324500.0
2019-12-15,324500.0
2019-12-16,324500.0
2019-12-17,324500.0
2019-12-18,324500.0
2019-12-19,324500.0
2019-12-20,324500.0
2019-12-21,324500.0
2019-12-22,324500.0
2019-12-23,324500.0
2019-12-24,324500.0
2019-12-25,324500.0
2019-12-26,324500.0
2019-12-27,324500.0
2019-12-28,324500.0
2019-12-29,324500.0
2019-12-30,324500.0
2019-12-31,324500.0
2020-01-01,324500.0
2020-01-02,324500.0
2020-01-03,324500.0
2020-01-04,324500.0
2020-01-05,324500.0
2020-01-06,324500.0
2020-01-07,324500.0
2020-01-08,324500.0
2020-01-09,324500.0
2020-01-10,324500.0
2020-01-11,324500.0
2020-01-12,324500.0
2020-01-13,324500.0
2020-01-14,324500.0
2020-01-15,324500.0
2020-01-16,324500.0
2020-01-17,324500.0
2020-01-18,324500.0
2020-01-19,324500.0
2020-01-20,324500.0
2020-01-21,324500.0
2020-01-22,324500.0
2020-01-23,324500.0
2020-01-24,324500.0
2020-01-25,324500.0
2020-01-26,324500.0
2020-01-27,324500.0
2020-01-28,324500.0
2020-01-29,324500.0
2020-01-30,324500.0
2020-01-31,324500.0
2020-02-01,324500.0
2020-02-02,324500.0
2020-02-03,324500.0
2020-02-04,324500.0
2020-02-05,324500.0
2020-02-06,324500.0
2020-02-07,324500.0
2020-02-08,324500.0
2020-02-09,324500.0
2020-02-10,324500.0
2020-02-11,324500.0
2020-02-12,324500.0
2020-02-13,324500.0
2020-02-14,324500.0
2020-02-15,324500.0
2020-02-16,324500.0
2020-02-17,324500.0
2020-02-18,324500.0
2020-02-19,324500.0
2020-02-20,324500.0
2020-02-21,324500.0
2020-02-22,324500.0
2020-02-23,324500.0
2020-02-24,324500.0
2020-02-25,324500.0
2020-02-26,324500.0
2020-02-27,324500.0
2020-02-28,324500.0
2020-02-29,324500.0
2020-03-01,324500.0
2020-03-02,324500.0
2020-03-03,324500.0
2020-03-04,324500.0
2020-03-05,324500.0
2020-03-06,324500.0
2020-03-07,324500.0
2020-03-08,324500.0
2020-03-09,324500.0
2020-03-10,324500.0
2020-03-11,324500.0
2020-03-12,324500.0
2020-03-13,324500.0
2020-03-14,324500.0
2020-03-15,324500.0
2020-03-16,324500.0
2020-03-17,324500.0
2020-03-18,324500.0
2020-03-19,324500.0
2020-03-20,324500.0
2020-03-21,324500.0
2020-03-22,324500.0
2020-03-23,324500.0
2020-03-24,324500.0
2020-03-25,324500.0
2020-03-26,324500.0
2020-03-27,324500.0
2020-03-28,324500.0
2020-03-29,324500.0
2020-03-30,324500.0
2020-03-31,324500.0
2020-04-01,324500.0
2020-04-02,324500.0
2020-04-03,324500.0
2020-04-04,324500.0
2020-04-05,324500.0
2020-04-06,324500.0
2020-04-07,324500.0
2020-04-08,324500.0
2020-04-09,324500.0
2020-04-10,324500.0
2020-04-11,324500.0
2020-04-12,324500.0
2020-04-13,324500.0
2020-04-14,324500.0
2020-04-15,324500.0
