Date,HSN1F
2013-04-18,433.6333333333333
2013-04-19,433.2
2013-04-20,432.76666666666665
2013-04-21,432.3333333333333
2013-04-22,431.9
2013-04-23,431.46666666666664
2013-04-24,431.03333333333336
2013-04-25,430.6
2013-04-26,430.1666666666667
2013-04-27,429.73333333333335
2013-04-28,429.3
2013-04-29,428.8666666666667
2013-04-30,428.43333333333334
2013-05-01,428.0
2013-05-02,429.35483870967744
2013-05-03,430.7096774193548
2013-05-04,432.06451612903226
2013-05-05,433.4193548387097
2013-05-06,434.7741935483871
2013-05-07,436.1290322580645
2013-05-08,437.48387096774195
2013-05-09,438.83870967741933
2013-05-10,440.19354838709677
2013-05-11,441.5483870967742
2013-05-12,442.9032258064516
2013-05-13,444.258064516129
2013-05-14,445.61290322580646
2013-05-15,446.96774193548384
2013-05-16,448.3225806451613
2013-05-17,449.6774193548387
2013-05-18,451.0322580645161
2013-05-19,452.38709677419354
2013-05-20,453.741935483871
2013-05-21,455.0967741935484
2013-05-22,456.4516129032258
2013-05-23,457.80645161290323
2013-05-24,459.16129032258067
2013-05-25,460.51612903225805
2013-05-26,461.8709677419355
2013-05-27,463.2258064516129
2013-05-28,464.5806451612903
2013-05-29,465.93548387096774
2013-05-30,467.2903225806452
2013-05-31,468.64516129032256
2013-06-01,470.0
2013-06-02,466.8333333333333
2013-06-03,463.6666666666667
2013-06-04,460.5
2013-06-05,457.3333333333333
2013-06-06,454.1666666666667
2013-06-07,451.0
2013-06-08,447.8333333333333
2013-06-09,444.6666666666667
2013-06-10,441.5
2013-06-11,438.3333333333333
2013-06-12,435.1666666666667
2013-06-13,432.0
2013-06-14,428.8333333333333
2013-06-15,425.6666666666667
2013-06-16,422.5
2013-06-17,419.3333333333333
2013-06-18,416.1666666666667
2013-06-19,413.0
2013-06-20,409.8333333333333
2013-06-21,406.6666666666667
2013-06-22,403.5
2013-06-23,400.33333333333337
2013-06-24,397.1666666666667
2013-06-25,394.0
2013-06-26,390.83333333333337
2013-06-27,387.6666666666667
2013-06-28,384.5
2013-06-29,381.33333333333337
2013-06-30,378.1666666666667
2013-07-01,375.0
2013-07-02,375.19354838709677
2013-07-03,375.38709677419354
2013-07-04,375.5806451612903
2013-07-05,375.7741935483871
2013-07-06,375.96774193548384
2013-07-07,376.16129032258067
2013-07-08,376.35483870967744
2013-07-09,376.5483870967742
2013-07-10,376.741935483871
2013-07-11,376.93548387096774
2013-07-12,377.1290322580645
2013-07-13,377.3225806451613
2013-07-14,377.51612903225805
2013-07-15,377.7096774193548
2013-07-16,377.9032258064516
2013-07-17,378.0967741935484
2013-07-18,378.2903225806452
2013-07-19,378.48387096774195
2013-07-20,378.6774193548387
2013-07-21,378.8709677419355
2013-07-22,379.06451612903226
2013-07-23,379.258064516129
2013-07-24,379.4516129032258
2013-07-25,379.64516129032256
2013-07-26,379.83870967741933
2013-07-27,380.03225806451616
2013-07-28,380.2258064516129
2013-07-29,380.4193548387097
2013-07-30,380.61290322580646
2013-07-31,380.80645161290323
2013-08-01,381.0
2013-08-02,381.7096774193548
2013-08-03,382.4193548387097
2013-08-04,383.1290322580645
2013-08-05,383.83870967741933
2013-08-06,384.5483870967742
2013-08-07,385.258064516129
2013-08-08,385.96774193548384
2013-08-09,386.6774193548387
2013-08-10,387.38709677419354
2013-08-11,388.0967741935484
2013-08-12,388.80645161290323
2013-08-13,389.51612903225805
2013-08-14,390.2258064516129
2013-08-15,390.93548387096774
2013-08-16,391.64516129032256
2013-08-17,392.35483870967744
2013-08-18,393.06451612903226
2013-08-19,393.7741935483871
2013-08-20,394.48387096774195
2013-08-21,395.19354838709677
2013-08-22,395.9032258064516
2013-08-23,396.61290322580646
2013-08-24,397.3225806451613
2013-08-25,398.0322580645161
2013-08-26,398.741935483871
2013-08-27,399.4516129032258
2013-08-28,400.16129032258067
2013-08-29,400.8709677419355
2013-08-30,401.5806451612903
2013-08-31,402.2903225806452
2013-09-01,403.0
2013-09-02,404.3666666666667
2013-09-03,405.73333333333335
2013-09-04,407.1
2013-09-05,408.46666666666664
2013-09-06,409.8333333333333
2013-09-07,411.2
2013-09-08,412.56666666666666
2013-09-09,413.93333333333334
2013-09-10,415.3
2013-09-11,416.6666666666667
2013-09-12,418.03333333333336
2013-09-13,419.4
2013-09-14,420.76666666666665
2013-09-15,422.1333333333333
2013-09-16,423.5
2013-09-17,424.8666666666667
2013-09-18,426.23333333333335
2013-09-19,427.6
2013-09-20,428.9666666666667
2013-09-21,430.3333333333333
2013-09-22,431.7
2013-09-23,433.06666666666666
2013-09-24,434.43333333333334
2013-09-25,435.8
2013-09-26,437.1666666666667
2013-09-27,438.5333333333333
2013-09-28,439.9
2013-09-29,441.26666666666665
2013-09-30,442.6333333333333
2013-10-01,444.0
2013-10-02,444.06451612903226
2013-10-03,444.1290322580645
2013-10-04,444.19354838709677
2013-10-05,444.258064516129
2013-10-06,444.3225806451613
2013-10-07,444.38709677419354
2013-10-08,444.4516129032258
2013-10-09,444.51612903225805
2013-10-10,444.5806451612903
2013-10-11,444.64516129032256
2013-10-12,444.7096774193548
2013-10-13,444.7741935483871
2013-10-14,444.83870967741933
2013-10-15,444.9032258064516
2013-10-16,444.96774193548384
2013-10-17,445.03225806451616
2013-10-18,445.0967741935484
2013-10-19,445.16129032258067
2013-10-20,445.2258064516129
2013-10-21,445.2903225806452
2013-10-22,445.35483870967744
2013-10-23,445.4193548387097
2013-10-24,445.48387096774195
2013-10-25,445.5483870967742
2013-10-26,445.61290322580646
2013-10-27,445.6774193548387
2013-10-28,445.741935483871
2013-10-29,445.80645161290323
2013-10-30,445.8709677419355
2013-10-31,445.93548387096774
2013-11-01,446.0
2013-11-02,445.56666666666666
2013-11-03,445.1333333333333
2013-11-04,444.7
2013-11-05,444.26666666666665
2013-11-06,443.8333333333333
2013-11-07,443.4
2013-11-08,442.96666666666664
2013-11-09,442.53333333333336
2013-11-10,442.1
2013-11-11,441.6666666666667
2013-11-12,441.23333333333335
2013-11-13,440.8
2013-11-14,440.3666666666667
2013-11-15,439.93333333333334
2013-11-16,439.5
2013-11-17,439.06666666666666
2013-11-18,438.6333333333333
2013-11-19,438.2
2013-11-20,437.76666666666665
2013-11-21,437.3333333333333
2013-11-22,436.9
2013-11-23,436.46666666666664
2013-11-24,436.03333333333336
2013-11-25,435.6
2013-11-26,435.1666666666667
2013-11-27,434.73333333333335
2013-11-28,434.3
2013-11-29,433.8666666666667
2013-11-30,433.43333333333334
2013-12-01,433.0
2013-12-02,433.3225806451613
2013-12-03,433.64516129032256
2013-12-04,433.96774193548384
2013-12-05,434.2903225806452
2013-12-06,434.61290322580646
2013-12-07,434.93548387096774
2013-12-08,435.258064516129
2013-12-09,435.5806451612903
2013-12-10,435.9032258064516
2013-12-11,436.2258064516129
2013-12-12,436.5483870967742
2013-12-13,436.8709677419355
2013-12-14,437.19354838709677
2013-12-15,437.51612903225805
2013-12-16,437.83870967741933
2013-12-17,438.16129032258067
2013-12-18,438.48387096774195
2013-12-19,438.80645161290323
2013-12-20,439.1290322580645
2013-12-21,439.4516129032258
2013-12-22,439.7741935483871
2013-12-23,440.0967741935484
2013-12-24,440.4193548387097
2013-12-25,440.741935483871
2013-12-26,441.06451612903226
2013-12-27,441.38709677419354
2013-12-28,441.7096774193548
2013-12-29,442.0322580645161
2013-12-30,442.35483870967744
2013-12-31,442.6774193548387
2014-01-01,443.0
2014-01-02,442.258064516129
2014-01-03,441.51612903225805
2014-01-04,440.7741935483871
2014-01-05,440.03225806451616
2014-01-06,439.2903225806452
2014-01-07,438.5483870967742
2014-01-08,437.80645161290323
2014-01-09,437.06451612903226
2014-01-10,436.3225806451613
2014-01-11,435.5806451612903
2014-01-12,434.83870967741933
2014-01-13,434.0967741935484
2014-01-14,433.35483870967744
2014-01-15,432.61290322580646
2014-01-16,431.8709677419355
2014-01-17,431.1290322580645
2014-01-18,430.38709677419354
2014-01-19,429.64516129032256
2014-01-20,428.9032258064516
2014-01-21,428.16129032258067
2014-01-22,427.4193548387097
2014-01-23,426.6774193548387
2014-01-24,425.93548387096774
2014-01-25,425.19354838709677
2014-01-26,424.4516129032258
2014-01-27,423.7096774193548
2014-01-28,422.9677419354839
2014-01-29,422.2258064516129
2014-01-30,421.48387096774195
2014-01-31,420.741935483871
2014-02-01,420.0
2014-02-02,419.4642857142857
2014-02-03,418.92857142857144
2014-02-04,418.39285714285717
2014-02-05,417.85714285714283
2014-02-06,417.32142857142856
2014-02-07,416.7857142857143
2014-02-08,416.25
2014-02-09,415.7142857142857
2014-02-10,415.17857142857144
2014-02-11,414.64285714285717
2014-02-12,414.10714285714283
2014-02-13,413.57142857142856
2014-02-14,413.0357142857143
2014-02-15,412.5
2014-02-16,411.9642857142857
2014-02-17,411.42857142857144
2014-02-18,410.89285714285717
2014-02-19,410.35714285714283
2014-02-20,409.82142857142856
2014-02-21,409.2857142857143
2014-02-22,408.75
2014-02-23,408.2142857142857
2014-02-24,407.67857142857144
2014-02-25,407.14285714285717
2014-02-26,406.60714285714283
2014-02-27,406.07142857142856
2014-02-28,405.5357142857143
2014-03-01,405.0
2014-03-02,404.93548387096774
2014-03-03,404.8709677419355
2014-03-04,404.80645161290323
2014-03-05,404.741935483871
2014-03-06,404.6774193548387
2014-03-07,404.61290322580646
2014-03-08,404.5483870967742
2014-03-09,404.48387096774195
2014-03-10,404.4193548387097
2014-03-11,404.35483870967744
2014-03-12,404.2903225806452
2014-03-13,404.2258064516129
2014-03-14,404.16129032258067
2014-03-15,404.0967741935484
2014-03-16,404.03225806451616
2014-03-17,403.96774193548384
2014-03-18,403.9032258064516
2014-03-19,403.83870967741933
2014-03-20,403.7741935483871
2014-03-21,403.7096774193548
2014-03-22,403.64516129032256
2014-03-23,403.5806451612903
2014-03-24,403.51612903225805
2014-03-25,403.4516129032258
2014-03-26,403.38709677419354
2014-03-27,403.3225806451613
2014-03-28,403.258064516129
2014-03-29,403.19354838709677
2014-03-30,403.1290322580645
2014-03-31,403.06451612903226
2014-04-01,403.0
2014-04-02,404.6
2014-04-03,406.2
2014-04-04,407.8
2014-04-05,409.4
2014-04-06,411.0
2014-04-07,412.6
2014-04-08,414.2
2014-04-09,415.8
2014-04-10,417.4
2014-04-11,419.0
2014-04-12,420.6
2014-04-13,422.2
2014-04-14,423.8
2014-04-15,425.4
2014-04-16,427.0
2014-04-17,428.6
2014-04-18,430.2
2014-04-19,431.8
2014-04-20,433.4
2014-04-21,435.0
2014-04-22,436.6
2014-04-23,438.2
2014-04-24,439.8
2014-04-25,441.4
2014-04-26,443.0
2014-04-27,444.6
2014-04-28,446.2
2014-04-29,447.8
2014-04-30,449.4
2014-05-01,451.0
2014-05-02,449.93548387096774
2014-05-03,448.8709677419355
2014-05-04,447.80645161290323
2014-05-05,446.741935483871
2014-05-06,445.6774193548387
2014-05-07,444.61290322580646
2014-05-08,443.5483870967742
2014-05-09,442.48387096774195
2014-05-10,441.4193548387097
2014-05-11,440.35483870967744
2014-05-12,439.2903225806452
2014-05-13,438.2258064516129
2014-05-14,437.16129032258067
2014-05-15,436.0967741935484
2014-05-16,435.03225806451616
2014-05-17,433.9677419354839
2014-05-18,432.9032258064516
2014-05-19,431.83870967741933
2014-05-20,430.7741935483871
2014-05-21,429.7096774193548
2014-05-22,428.64516129032256
2014-05-23,427.5806451612903
2014-05-24,426.51612903225805
2014-05-25,425.4516129032258
2014-05-26,424.38709677419354
2014-05-27,423.3225806451613
2014-05-28,422.258064516129
2014-05-29,421.19354838709677
2014-05-30,420.1290322580645
2014-05-31,419.06451612903226
2014-06-01,418.0
2014-06-02,417.46666666666664
2014-06-03,416.93333333333334
2014-06-04,416.4
2014-06-05,415.8666666666667
2014-06-06,415.3333333333333
2014-06-07,414.8
2014-06-08,414.26666666666665
2014-06-09,413.73333333333335
2014-06-10,413.2
2014-06-11,412.6666666666667
2014-06-12,412.1333333333333
2014-06-13,411.6
2014-06-14,411.06666666666666
2014-06-15,410.53333333333336
2014-06-16,410.0
2014-06-17,409.46666666666664
2014-06-18,408.93333333333334
2014-06-19,408.4
2014-06-20,407.8666666666667
2014-06-21,407.3333333333333
2014-06-22,406.8
2014-06-23,406.26666666666665
2014-06-24,405.73333333333335
2014-06-25,405.2
2014-06-26,404.6666666666667
2014-06-27,404.1333333333333
2014-06-28,403.6
2014-06-29,403.06666666666666
2014-06-30,402.53333333333336
2014-07-01,402.0
2014-07-02,403.741935483871
2014-07-03,405.48387096774195
2014-07-04,407.2258064516129
2014-07-05,408.96774193548384
2014-07-06,410.7096774193548
2014-07-07,412.4516129032258
2014-07-08,414.19354838709677
2014-07-09,415.93548387096774
2014-07-10,417.6774193548387
2014-07-11,419.4193548387097
2014-07-12,421.16129032258067
2014-07-13,422.9032258064516
2014-07-14,424.64516129032256
2014-07-15,426.38709677419354
2014-07-16,428.1290322580645
2014-07-17,429.8709677419355
2014-07-18,431.61290322580646
2014-07-19,433.35483870967744
2014-07-20,435.0967741935484
2014-07-21,436.83870967741933
2014-07-22,438.5806451612903
2014-07-23,440.3225806451613
2014-07-24,442.06451612903226
2014-07-25,443.80645161290323
2014-07-26,445.5483870967742
2014-07-27,447.2903225806452
2014-07-28,449.0322580645161
2014-07-29,450.7741935483871
2014-07-30,452.51612903225805
2014-07-31,454.258064516129
2014-08-01,456.0
2014-08-02,456.4516129032258
2014-08-03,456.9032258064516
2014-08-04,457.35483870967744
2014-08-05,457.80645161290323
2014-08-06,458.258064516129
2014-08-07,458.7096774193548
2014-08-08,459.16129032258067
2014-08-09,459.61290322580646
2014-08-10,460.06451612903226
2014-08-11,460.51612903225805
2014-08-12,460.96774193548384
2014-08-13,461.4193548387097
2014-08-14,461.8709677419355
2014-08-15,462.3225806451613
2014-08-16,462.7741935483871
2014-08-17,463.2258064516129
2014-08-18,463.6774193548387
2014-08-19,464.1290322580645
2014-08-20,464.5806451612903
2014-08-21,465.0322580645161
2014-08-22,465.48387096774195
2014-08-23,465.93548387096774
2014-08-24,466.38709677419354
2014-08-25,466.83870967741933
2014-08-26,467.2903225806452
2014-08-27,467.741935483871
2014-08-28,468.19354838709677
2014-08-29,468.64516129032256
2014-08-30,469.0967741935484
2014-08-31,469.5483870967742
2014-09-01,470.0
2014-09-02,470.2
2014-09-03,470.4
2014-09-04,470.6
2014-09-05,470.8
2014-09-06,471.0
2014-09-07,471.2
2014-09-08,471.4
2014-09-09,471.6
2014-09-10,471.8
2014-09-11,472.0
2014-09-12,472.2
2014-09-13,472.4
2014-09-14,472.6
2014-09-15,472.8
2014-09-16,473.0
2014-09-17,473.2
2014-09-18,473.4
2014-09-19,473.6
2014-09-20,473.8
2014-09-21,474.0
2014-09-22,474.2
2014-09-23,474.4
2014-09-24,474.6
2014-09-25,474.8
2014-09-26,475.0
2014-09-27,475.2
2014-09-28,475.4
2014-09-29,475.6
2014-09-30,475.8
2014-10-01,476.0
2014-10-02,474.9032258064516
2014-10-03,473.80645161290323
2014-10-04,472.7096774193548
2014-10-05,471.61290322580646
2014-10-06,470.51612903225805
2014-10-07,469.4193548387097
2014-10-08,468.3225806451613
2014-10-09,467.2258064516129
2014-10-10,466.1290322580645
2014-10-11,465.03225806451616
2014-10-12,463.93548387096774
2014-10-13,462.83870967741933
2014-10-14,461.741935483871
2014-10-15,460.64516129032256
2014-10-16,459.5483870967742
2014-10-17,458.4516129032258
2014-10-18,457.35483870967744
2014-10-19,456.258064516129
2014-10-20,455.16129032258067
2014-10-21,454.06451612903226
2014-10-22,452.9677419354839
2014-10-23,451.8709677419355
2014-10-24,450.7741935483871
2014-10-25,449.6774193548387
2014-10-26,448.5806451612903
2014-10-27,447.48387096774195
2014-10-28,446.38709677419354
2014-10-29,445.2903225806452
2014-10-30,444.19354838709677
2014-10-31,443.0967741935484
2014-11-01,442.0
2014-11-02,443.8333333333333
2014-11-03,445.6666666666667
2014-11-04,447.5
2014-11-05,449.3333333333333
2014-11-06,451.1666666666667
2014-11-07,453.0
2014-11-08,454.8333333333333
2014-11-09,456.6666666666667
2014-11-10,458.5
2014-11-11,460.3333333333333
2014-11-12,462.1666666666667
2014-11-13,464.0
2014-11-14,465.8333333333333
2014-11-15,467.6666666666667
2014-11-16,469.5
2014-11-17,471.3333333333333
2014-11-18,473.1666666666667
2014-11-19,475.0
2014-11-20,476.8333333333333
2014-11-21,478.6666666666667
2014-11-22,480.5
2014-11-23,482.3333333333333
2014-11-24,484.1666666666667
2014-11-25,486.0
2014-11-26,487.8333333333333
2014-11-27,489.6666666666667
2014-11-28,491.5
2014-11-29,493.3333333333333
2014-11-30,495.1666666666667
2014-12-01,497.0
2014-12-02,497.6774193548387
2014-12-03,498.35483870967744
2014-12-04,499.03225806451616
2014-12-05,499.7096774193548
2014-12-06,500.38709677419354
2014-12-07,501.06451612903226
2014-12-08,501.741935483871
2014-12-09,502.4193548387097
2014-12-10,503.0967741935484
2014-12-11,503.7741935483871
2014-12-12,504.4516129032258
2014-12-13,505.1290322580645
2014-12-14,505.80645161290323
2014-12-15,506.48387096774195
2014-12-16,507.16129032258067
2014-12-17,507.83870967741933
2014-12-18,508.51612903225805
2014-12-19,509.19354838709677
2014-12-20,509.8709677419355
2014-12-21,510.5483870967742
2014-12-22,511.2258064516129
2014-12-23,511.9032258064516
2014-12-24,512.5806451612904
2014-12-25,513.258064516129
2014-12-26,513.9354838709677
2014-12-27,514.6129032258065
2014-12-28,515.2903225806451
2014-12-29,515.9677419354839
2014-12-30,516.6451612903226
2014-12-31,517.3225806451613
2015-01-01,518.0
2015-01-02,518.8387096774194
2015-01-03,519.6774193548387
2015-01-04,520.516129032258
2015-01-05,521.3548387096774
2015-01-06,522.1935483870968
2015-01-07,523.0322580645161
2015-01-08,523.8709677419355
2015-01-09,524.7096774193549
2015-01-10,525.5483870967741
2015-01-11,526.3870967741935
2015-01-12,527.2258064516129
2015-01-13,528.0645161290323
2015-01-14,528.9032258064516
2015-01-15,529.741935483871
2015-01-16,530.5806451612904
2015-01-17,531.4193548387096
2015-01-18,532.258064516129
2015-01-19,533.0967741935484
2015-01-20,533.9354838709677
2015-01-21,534.7741935483871
2015-01-22,535.6129032258065
2015-01-23,536.4516129032259
2015-01-24,537.2903225806451
2015-01-25,538.1290322580645
2015-01-26,538.9677419354839
2015-01-27,539.8064516129032
2015-01-28,540.6451612903226
2015-01-29,541.483870967742
2015-01-30,542.3225806451613
2015-01-31,543.1612903225806
2015-02-01,544.0
2015-02-02,541.7142857142857
2015-02-03,539.4285714285714
2015-02-04,537.1428571428571
2015-02-05,534.8571428571429
2015-02-06,532.5714285714286
2015-02-07,530.2857142857143
2015-02-08,528.0
2015-02-09,525.7142857142857
2015-02-10,523.4285714285714
2015-02-11,521.1428571428571
2015-02-12,518.8571428571429
2015-02-13,516.5714285714286
2015-02-14,514.2857142857143
2015-02-15,512.0
2015-02-16,509.7142857142857
2015-02-17,507.42857142857144
2015-02-18,505.14285714285717
2015-02-19,502.8571428571429
2015-02-20,500.57142857142856
2015-02-21,498.2857142857143
2015-02-22,496.0
2015-02-23,493.7142857142857
2015-02-24,491.42857142857144
2015-02-25,489.14285714285717
2015-02-26,486.8571428571429
2015-02-27,484.57142857142856
2015-02-28,482.2857142857143
2015-03-01,480.0
2015-03-02,480.6774193548387
2015-03-03,481.35483870967744
2015-03-04,482.03225806451616
2015-03-05,482.7096774193548
2015-03-06,483.38709677419354
2015-03-07,484.06451612903226
2015-03-08,484.741935483871
2015-03-09,485.4193548387097
2015-03-10,486.0967741935484
2015-03-11,486.7741935483871
2015-03-12,487.4516129032258
2015-03-13,488.1290322580645
2015-03-14,488.80645161290323
2015-03-15,489.48387096774195
2015-03-16,490.16129032258067
2015-03-17,490.83870967741933
2015-03-18,491.51612903225805
2015-03-19,492.19354838709677
2015-03-20,492.8709677419355
2015-03-21,493.5483870967742
2015-03-22,494.2258064516129
2015-03-23,494.9032258064516
2015-03-24,495.5806451612903
2015-03-25,496.258064516129
2015-03-26,496.93548387096774
2015-03-27,497.61290322580646
2015-03-28,498.2903225806452
2015-03-29,498.96774193548384
2015-03-30,499.64516129032256
2015-03-31,500.3225806451613
2015-04-01,501.0
2015-04-02,500.96666666666664
2015-04-03,500.93333333333334
2015-04-04,500.9
2015-04-05,500.8666666666667
2015-04-06,500.8333333333333
2015-04-07,500.8
2015-04-08,500.76666666666665
2015-04-09,500.73333333333335
2015-04-10,500.7
2015-04-11,500.6666666666667
2015-04-12,500.6333333333333
2015-04-13,500.6
2015-04-14,500.56666666666666
2015-04-15,500.53333333333336
2015-04-16,500.5
2015-04-17,500.46666666666664
2015-04-18,500.43333333333334
2015-04-19,500.4
2015-04-20,500.3666666666667
2015-04-21,500.3333333333333
2015-04-22,500.3
2015-04-23,500.26666666666665
2015-04-24,500.23333333333335
2015-04-25,500.2
2015-04-26,500.1666666666667
2015-04-27,500.1333333333333
2015-04-28,500.1
2015-04-29,500.06666666666666
2015-04-30,500.03333333333336
2015-05-01,500.0
2015-05-02,499.35483870967744
2015-05-03,498.7096774193548
2015-05-04,498.06451612903226
2015-05-05,497.4193548387097
2015-05-06,496.7741935483871
2015-05-07,496.1290322580645
2015-05-08,495.48387096774195
2015-05-09,494.83870967741933
2015-05-10,494.19354838709677
2015-05-11,493.5483870967742
2015-05-12,492.9032258064516
2015-05-13,492.258064516129
2015-05-14,491.61290322580646
2015-05-15,490.9677419354839
2015-05-16,490.3225806451613
2015-05-17,489.6774193548387
2015-05-18,489.03225806451616
2015-05-19,488.38709677419354
2015-05-20,487.741935483871
2015-05-21,487.0967741935484
2015-05-22,486.4516129032258
2015-05-23,485.80645161290323
2015-05-24,485.16129032258067
2015-05-25,484.51612903225805
2015-05-26,483.8709677419355
2015-05-27,483.2258064516129
2015-05-28,482.5806451612903
2015-05-29,481.93548387096774
2015-05-30,481.2903225806452
2015-05-31,480.64516129032256
2015-06-01,480.0
2015-06-02,480.6333333333333
2015-06-03,481.26666666666665
2015-06-04,481.9
2015-06-05,482.53333333333336
2015-06-06,483.1666666666667
2015-06-07,483.8
2015-06-08,484.43333333333334
2015-06-09,485.06666666666666
2015-06-10,485.7
2015-06-11,486.3333333333333
2015-06-12,486.96666666666664
2015-06-13,487.6
2015-06-14,488.23333333333335
2015-06-15,488.8666666666667
2015-06-16,489.5
2015-06-17,490.1333333333333
2015-06-18,490.76666666666665
2015-06-19,491.4
2015-06-20,492.03333333333336
2015-06-21,492.6666666666667
2015-06-22,493.3
2015-06-23,493.93333333333334
2015-06-24,494.56666666666666
2015-06-25,495.2
2015-06-26,495.8333333333333
2015-06-27,496.46666666666664
2015-06-28,497.1
2015-06-29,497.73333333333335
2015-06-30,498.3666666666667
2015-07-01,499.0
2015-07-02,499.7096774193548
2015-07-03,500.4193548387097
2015-07-04,501.1290322580645
2015-07-05,501.83870967741933
2015-07-06,502.5483870967742
2015-07-07,503.258064516129
2015-07-08,503.96774193548384
2015-07-09,504.6774193548387
2015-07-10,505.38709677419354
2015-07-11,506.0967741935484
2015-07-12,506.80645161290323
2015-07-13,507.51612903225805
2015-07-14,508.2258064516129
2015-07-15,508.93548387096774
2015-07-16,509.64516129032256
2015-07-17,510.35483870967744
2015-07-18,511.06451612903226
2015-07-19,511.7741935483871
2015-07-20,512.483870967742
2015-07-21,513.1935483870968
2015-07-22,513.9032258064516
2015-07-23,514.6129032258065
2015-07-24,515.3225806451613
2015-07-25,516.0322580645161
2015-07-26,516.741935483871
2015-07-27,517.4516129032259
2015-07-28,518.1612903225806
2015-07-29,518.8709677419355
2015-07-30,519.5806451612904
2015-07-31,520.2903225806451
2015-08-01,521.0
2015-08-02,518.9677419354839
2015-08-03,516.9354838709677
2015-08-04,514.9032258064516
2015-08-05,512.8709677419355
2015-08-06,510.83870967741933
2015-08-07,508.80645161290323
2015-08-08,506.7741935483871
2015-08-09,504.741935483871
2015-08-10,502.7096774193548
2015-08-11,500.6774193548387
2015-08-12,498.64516129032256
2015-08-13,496.61290322580646
2015-08-14,494.5806451612903
2015-08-15,492.5483870967742
2015-08-16,490.51612903225805
2015-08-17,488.48387096774195
2015-08-18,486.4516129032258
2015-08-19,484.4193548387097
2015-08-20,482.38709677419354
2015-08-21,480.35483870967744
2015-08-22,478.3225806451613
2015-08-23,476.2903225806452
2015-08-24,474.258064516129
2015-08-25,472.2258064516129
2015-08-26,470.19354838709677
2015-08-27,468.16129032258067
2015-08-28,466.1290322580645
2015-08-29,464.0967741935484
2015-08-30,462.06451612903226
2015-08-31,460.0322580645161
2015-09-01,458.0
2015-09-02,458.76666666666665
2015-09-03,459.53333333333336
2015-09-04,460.3
2015-09-05,461.06666666666666
2015-09-06,461.8333333333333
2015-09-07,462.6
2015-09-08,463.3666666666667
2015-09-09,464.1333333333333
2015-09-10,464.9
2015-09-11,465.6666666666667
2015-09-12,466.43333333333334
2015-09-13,467.2
2015-09-14,467.96666666666664
2015-09-15,468.73333333333335
2015-09-16,469.5
2015-09-17,470.26666666666665
2015-09-18,471.03333333333336
2015-09-19,471.8
2015-09-20,472.56666666666666
2015-09-21,473.3333333333333
2015-09-22,474.1
2015-09-23,474.8666666666667
2015-09-24,475.6333333333333
2015-09-25,476.4
2015-09-26,477.1666666666667
2015-09-27,477.93333333333334
2015-09-28,478.7
2015-09-29,479.4666666666667
2015-09-30,480.23333333333335
2015-10-01,481.0
2015-10-02,481.7741935483871
2015-10-03,482.5483870967742
2015-10-04,483.3225806451613
2015-10-05,484.0967741935484
2015-10-06,484.8709677419355
2015-10-07,485.64516129032256
2015-10-08,486.4193548387097
2015-10-09,487.19354838709677
2015-10-10,487.96774193548384
2015-10-11,488.741935483871
2015-10-12,489.51612903225805
2015-10-13,490.2903225806452
2015-10-14,491.06451612903226
2015-10-15,491.83870967741933
2015-10-16,492.61290322580646
2015-10-17,493.38709677419354
2015-10-18,494.16129032258067
2015-10-19,494.93548387096774
2015-10-20,495.7096774193548
2015-10-21,496.48387096774195
2015-10-22,497.258064516129
2015-10-23,498.0322580645161
2015-10-24,498.80645161290323
2015-10-25,499.5806451612903
2015-10-26,500.35483870967744
2015-10-27,501.1290322580645
2015-10-28,501.9032258064516
2015-10-29,502.6774193548387
2015-10-30,503.4516129032258
2015-10-31,504.2258064516129
2015-11-01,505.0
2015-11-02,506.3333333333333
2015-11-03,507.6666666666667
2015-11-04,509.0
2015-11-05,510.3333333333333
2015-11-06,511.6666666666667
2015-11-07,513.0
2015-11-08,514.3333333333334
2015-11-09,515.6666666666666
2015-11-10,517.0
2015-11-11,518.3333333333334
2015-11-12,519.6666666666666
2015-11-13,521.0
2015-11-14,522.3333333333334
2015-11-15,523.6666666666666
2015-11-16,525.0
2015-11-17,526.3333333333334
2015-11-18,527.6666666666666
2015-11-19,529.0
2015-11-20,530.3333333333334
2015-11-21,531.6666666666666
2015-11-22,533.0
2015-11-23,534.3333333333334
2015-11-24,535.6666666666666
2015-11-25,537.0
2015-11-26,538.3333333333334
2015-11-27,539.6666666666666
2015-11-28,541.0
2015-11-29,542.3333333333334
2015-11-30,543.6666666666666
2015-12-01,545.0
2015-12-02,544.0
2015-12-03,543.0
2015-12-04,542.0
2015-12-05,541.0
2015-12-06,540.0
2015-12-07,539.0
2015-12-08,538.0
2015-12-09,537.0
2015-12-10,536.0
2015-12-11,535.0
2015-12-12,534.0
2015-12-13,533.0
2015-12-14,532.0
2015-12-15,531.0
2015-12-16,530.0
2015-12-17,529.0
2015-12-18,528.0
2015-12-19,527.0
2015-12-20,526.0
2015-12-21,525.0
2015-12-22,524.0
2015-12-23,523.0
2015-12-24,522.0
2015-12-25,521.0
2015-12-26,520.0
2015-12-27,519.0
2015-12-28,518.0
2015-12-29,517.0
2015-12-30,516.0
2015-12-31,515.0
2016-01-01,514.0
2016-01-02,514.1290322580645
2016-01-03,514.258064516129
2016-01-04,514.3870967741935
2016-01-05,514.516129032258
2016-01-06,514.6451612903226
2016-01-07,514.7741935483871
2016-01-08,514.9032258064516
2016-01-09,515.0322580645161
2016-01-10,515.1612903225806
2016-01-11,515.2903225806451
2016-01-12,515.4193548387096
2016-01-13,515.5483870967741
2016-01-14,515.6774193548387
2016-01-15,515.8064516129032
2016-01-16,515.9354838709677
2016-01-17,516.0645161290323
2016-01-18,516.1935483870968
2016-01-19,516.3225806451613
2016-01-20,516.4516129032259
2016-01-21,516.5806451612904
2016-01-22,516.7096774193549
2016-01-23,516.8387096774194
2016-01-24,516.9677419354839
2016-01-25,517.0967741935484
2016-01-26,517.2258064516129
2016-01-27,517.3548387096774
2016-01-28,517.483870967742
2016-01-29,517.6129032258065
2016-01-30,517.741935483871
2016-01-31,517.8709677419355
2016-02-01,518.0
2016-02-02,518.2758620689655
2016-02-03,518.551724137931
2016-02-04,518.8275862068965
2016-02-05,519.1034482758621
2016-02-06,519.3793103448276
2016-02-07,519.6551724137931
2016-02-08,519.9310344827586
2016-02-09,520.2068965517242
2016-02-10,520.4827586206897
2016-02-11,520.7586206896551
2016-02-12,521.0344827586207
2016-02-13,521.3103448275862
2016-02-14,521.5862068965517
2016-02-15,521.8620689655172
2016-02-16,522.1379310344828
2016-02-17,522.4137931034483
2016-02-18,522.6896551724138
2016-02-19,522.9655172413793
2016-02-20,523.2413793103449
2016-02-21,523.5172413793103
2016-02-22,523.7931034482758
2016-02-23,524.0689655172414
2016-02-24,524.3448275862069
2016-02-25,524.6206896551724
2016-02-26,524.8965517241379
2016-02-27,525.1724137931035
2016-02-28,525.448275862069
2016-02-29,525.7241379310345
2016-03-01,526.0
2016-03-02,527.2258064516129
2016-03-03,528.4516129032259
2016-03-04,529.6774193548387
2016-03-05,530.9032258064516
2016-03-06,532.1290322580645
2016-03-07,533.3548387096774
2016-03-08,534.5806451612904
2016-03-09,535.8064516129032
2016-03-10,537.0322580645161
2016-03-11,538.258064516129
2016-03-12,539.483870967742
2016-03-13,540.7096774193549
2016-03-14,541.9354838709677
2016-03-15,543.1612903225806
2016-03-16,544.3870967741935
2016-03-17,545.6129032258065
2016-03-18,546.8387096774194
2016-03-19,548.0645161290323
2016-03-20,549.2903225806451
2016-03-21,550.516129032258
2016-03-22,551.741935483871
2016-03-23,552.9677419354839
2016-03-24,554.1935483870968
2016-03-25,555.4193548387096
2016-03-26,556.6451612903226
2016-03-27,557.8709677419355
2016-03-28,559.0967741935484
2016-03-29,560.3225806451613
2016-03-30,561.5483870967741
2016-03-31,562.7741935483871
2016-04-01,564.0
2016-04-02,563.7333333333333
2016-04-03,563.4666666666667
2016-04-04,563.2
2016-04-05,562.9333333333333
2016-04-06,562.6666666666666
2016-04-07,562.4
2016-04-08,562.1333333333333
2016-04-09,561.8666666666667
2016-04-10,561.6
2016-04-11,561.3333333333334
2016-04-12,561.0666666666667
2016-04-13,560.8
2016-04-14,560.5333333333333
2016-04-15,560.2666666666667
2016-04-16,560.0
2016-04-17,559.7333333333333
2016-04-18,559.4666666666667
2016-04-19,559.2
2016-04-20,558.9333333333333
2016-04-21,558.6666666666666
2016-04-22,558.4
2016-04-23,558.1333333333333
2016-04-24,557.8666666666667
2016-04-25,557.6
2016-04-26,557.3333333333334
2016-04-27,557.0666666666667
2016-04-28,556.8
2016-04-29,556.5333333333333
2016-04-30,556.2666666666667
2016-05-01,556.0
2016-05-02,556.2258064516129
2016-05-03,556.4516129032259
2016-05-04,556.6774193548387
2016-05-05,556.9032258064516
2016-05-06,557.1290322580645
2016-05-07,557.3548387096774
2016-05-08,557.5806451612904
2016-05-09,557.8064516129032
2016-05-10,558.0322580645161
2016-05-11,558.258064516129
2016-05-12,558.483870967742
2016-05-13,558.7096774193549
2016-05-14,558.9354838709677
2016-05-15,559.1612903225806
2016-05-16,559.3870967741935
2016-05-17,559.6129032258065
2016-05-18,559.8387096774194
2016-05-19,560.0645161290323
2016-05-20,560.2903225806451
2016-05-21,560.516129032258
2016-05-22,560.741935483871
2016-05-23,560.9677419354839
2016-05-24,561.1935483870968
2016-05-25,561.4193548387096
2016-05-26,561.6451612903226
2016-05-27,561.8709677419355
2016-05-28,562.0967741935484
2016-05-29,562.3225806451613
2016-05-30,562.5483870967741
2016-05-31,562.7741935483871
2016-06-01,563.0
2016-06-02,565.2666666666667
2016-06-03,567.5333333333333
2016-06-04,569.8
2016-06-05,572.0666666666667
2016-06-06,574.3333333333334
2016-06-07,576.6
2016-06-08,578.8666666666667
2016-06-09,581.1333333333333
2016-06-10,583.4
2016-06-11,585.6666666666666
2016-06-12,587.9333333333333
2016-06-13,590.2
2016-06-14,592.4666666666667
2016-06-15,594.7333333333333
2016-06-16,597.0
2016-06-17,599.2666666666667
2016-06-18,601.5333333333333
2016-06-19,603.8
2016-06-20,606.0666666666666
2016-06-21,608.3333333333334
2016-06-22,610.6
2016-06-23,612.8666666666667
2016-06-24,615.1333333333333
2016-06-25,617.4
2016-06-26,619.6666666666666
2016-06-27,621.9333333333333
2016-06-28,624.2
2016-06-29,626.4666666666667
2016-06-30,628.7333333333333
2016-07-01,631.0
2016-07-02,629.5483870967741
2016-07-03,628.0967741935484
2016-07-04,626.6451612903226
2016-07-05,625.1935483870968
2016-07-06,623.741935483871
2016-07-07,622.2903225806451
2016-07-08,620.8387096774194
2016-07-09,619.3870967741935
2016-07-10,617.9354838709677
2016-07-11,616.483870967742
2016-07-12,615.0322580645161
2016-07-13,613.5806451612904
2016-07-14,612.1290322580645
2016-07-15,610.6774193548387
2016-07-16,609.2258064516129
2016-07-17,607.7741935483871
2016-07-18,606.3225806451613
2016-07-19,604.8709677419355
2016-07-20,603.4193548387096
2016-07-21,601.9677419354839
2016-07-22,600.516129032258
2016-07-23,599.0645161290322
2016-07-24,597.6129032258065
2016-07-25,596.1612903225806
2016-07-26,594.7096774193549
2016-07-27,593.258064516129
2016-07-28,591.8064516129032
2016-07-29,590.3548387096774
2016-07-30,588.9032258064516
2016-07-31,587.4516129032259
2016-08-01,586.0
2016-08-02,585.4516129032259
2016-08-03,584.9032258064516
2016-08-04,584.3548387096774
2016-08-05,583.8064516129032
2016-08-06,583.258064516129
2016-08-07,582.7096774193549
2016-08-08,582.1612903225806
2016-08-09,581.6129032258065
2016-08-10,581.0645161290323
2016-08-11,580.516129032258
2016-08-12,579.9677419354839
2016-08-13,579.4193548387096
2016-08-14,578.8709677419355
2016-08-15,578.3225806451613
2016-08-16,577.7741935483871
2016-08-17,577.2258064516129
2016-08-18,576.6774193548387
2016-08-19,576.1290322580645
2016-08-20,575.5806451612904
2016-08-21,575.0322580645161
2016-08-22,574.483870967742
2016-08-23,573.9354838709678
2016-08-24,573.3870967741935
2016-08-25,572.8387096774194
2016-08-26,572.2903225806451
2016-08-27,571.741935483871
2016-08-28,571.1935483870968
2016-08-29,570.6451612903226
2016-08-30,570.0967741935484
2016-08-31,569.5483870967741
2016-09-01,569.0
2016-09-02,569.3666666666667
2016-09-03,569.7333333333333
2016-09-04,570.1
2016-09-05,570.4666666666667
2016-09-06,570.8333333333334
2016-09-07,571.2
2016-09-08,571.5666666666667
2016-09-09,571.9333333333333
2016-09-10,572.3
2016-09-11,572.6666666666666
2016-09-12,573.0333333333333
2016-09-13,573.4
2016-09-14,573.7666666666667
2016-09-15,574.1333333333333
2016-09-16,574.5
2016-09-17,574.8666666666667
2016-09-18,575.2333333333333
2016-09-19,575.6
2016-09-20,575.9666666666667
2016-09-21,576.3333333333334
2016-09-22,576.7
2016-09-23,577.0666666666667
2016-09-24,577.4333333333333
2016-09-25,577.8
2016-09-26,578.1666666666666
2016-09-27,578.5333333333333
2016-09-28,578.9
2016-09-29,579.2666666666667
2016-09-30,579.6333333333333
2016-10-01,580.0
2016-10-02,579.7096774193549
2016-10-03,579.4193548387096
2016-10-04,579.1290322580645
2016-10-05,578.8387096774194
2016-10-06,578.5483870967741
2016-10-07,578.258064516129
2016-10-08,577.9677419354839
2016-10-09,577.6774193548387
2016-10-10,577.3870967741935
2016-10-11,577.0967741935484
2016-10-12,576.8064516129032
2016-10-13,576.516129032258
2016-10-14,576.2258064516129
2016-10-15,575.9354838709677
2016-10-16,575.6451612903226
2016-10-17,575.3548387096774
2016-10-18,575.0645161290323
2016-10-19,574.7741935483871
2016-10-20,574.483870967742
2016-10-21,574.1935483870968
2016-10-22,573.9032258064516
2016-10-23,573.6129032258065
2016-10-24,573.3225806451613
2016-10-25,573.0322580645161
2016-10-26,572.741935483871
2016-10-27,572.4516129032259
2016-10-28,572.1612903225806
2016-10-29,571.8709677419355
2016-10-30,571.5806451612904
2016-10-31,571.2903225806451
2016-11-01,571.0
2016-11-02,570.6333333333333
2016-11-03,570.2666666666667
2016-11-04,569.9
2016-11-05,569.5333333333333
2016-11-06,569.1666666666666
2016-11-07,568.8
2016-11-08,568.4333333333333
2016-11-09,568.0666666666667
2016-11-10,567.7
2016-11-11,567.3333333333334
2016-11-12,566.9666666666667
2016-11-13,566.6
2016-11-14,566.2333333333333
2016-11-15,565.8666666666667
2016-11-16,565.5
2016-11-17,565.1333333333333
2016-11-18,564.7666666666667
2016-11-19,564.4
2016-11-20,564.0333333333333
2016-11-21,563.6666666666666
2016-11-22,563.3
2016-11-23,562.9333333333333
2016-11-24,562.5666666666667
2016-11-25,562.2
2016-11-26,561.8333333333334
2016-11-27,561.4666666666667
2016-11-28,561.1
2016-11-29,560.7333333333333
2016-11-30,560.3666666666667
2016-12-01,560.0
2016-12-02,561.0
2016-12-03,562.0
2016-12-04,563.0
2016-12-05,564.0
2016-12-06,565.0
2016-12-07,566.0
2016-12-08,567.0
2016-12-09,568.0
2016-12-10,569.0
2016-12-11,570.0
2016-12-12,571.0
2016-12-13,572.0
2016-12-14,573.0
2016-12-15,574.0
2016-12-16,575.0
2016-12-17,576.0
2016-12-18,577.0
2016-12-19,578.0
2016-12-20,579.0
2016-12-21,580.0
2016-12-22,581.0
2016-12-23,582.0
2016-12-24,583.0
2016-12-25,584.0
2016-12-26,585.0
2016-12-27,586.0
2016-12-28,587.0
2016-12-29,588.0
2016-12-30,589.0
2016-12-31,590.0
2017-01-01,591.0
2017-01-02,591.3870967741935
2017-01-03,591.7741935483871
2017-01-04,592.1612903225806
2017-01-05,592.5483870967741
2017-01-06,592.9354838709677
2017-01-07,593.3225806451613
2017-01-08,593.7096774193549
2017-01-09,594.0967741935484
2017-01-10,594.483870967742
2017-01-11,594.8709677419355
2017-01-12,595.258064516129
2017-01-13,595.6451612903226
2017-01-14,596.0322580645161
2017-01-15,596.4193548387096
2017-01-16,596.8064516129032
2017-01-17,597.1935483870968
2017-01-18,597.5806451612904
2017-01-19,597.9677419354839
2017-01-20,598.3548387096774
2017-01-21,598.741935483871
2017-01-22,599.1290322580645
2017-01-23,599.516129032258
2017-01-24,599.9032258064516
2017-01-25,600.2903225806451
2017-01-26,600.6774193548387
2017-01-27,601.0645161290323
2017-01-28,601.4516129032259
2017-01-29,601.8387096774194
2017-01-30,602.2258064516129
2017-01-31,602.6129032258065
2017-02-01,603.0
2017-02-02,603.8571428571429
2017-02-03,604.7142857142857
2017-02-04,605.5714285714286
2017-02-05,606.4285714285714
2017-02-06,607.2857142857143
2017-02-07,608.1428571428571
2017-02-08,609.0
2017-02-09,609.8571428571429
2017-02-10,610.7142857142857
2017-02-11,611.5714285714286
2017-02-12,612.4285714285714
2017-02-13,613.2857142857143
2017-02-14,614.1428571428571
2017-02-15,615.0
2017-02-16,615.8571428571429
2017-02-17,616.7142857142857
2017-02-18,617.5714285714286
2017-02-19,618.4285714285714
2017-02-20,619.2857142857143
2017-02-21,620.1428571428571
2017-02-22,621.0
2017-02-23,621.8571428571429
2017-02-24,622.7142857142857
2017-02-25,623.5714285714286
2017-02-26,624.4285714285714
2017-02-27,625.2857142857143
2017-02-28,626.1428571428571
2017-03-01,627.0
2017-03-02,625.6774193548387
2017-03-03,624.3548387096774
2017-03-04,623.0322580645161
2017-03-05,621.7096774193549
2017-03-06,620.3870967741935
2017-03-07,619.0645161290323
2017-03-08,617.741935483871
2017-03-09,616.4193548387096
2017-03-10,615.0967741935484
2017-03-11,613.7741935483871
2017-03-12,612.4516129032259
2017-03-13,611.1290322580645
2017-03-14,609.8064516129032
2017-03-15,608.483870967742
2017-03-16,607.1612903225806
2017-03-17,605.8387096774194
2017-03-18,604.516129032258
2017-03-19,603.1935483870968
2017-03-20,601.8709677419355
2017-03-21,600.5483870967741
2017-03-22,599.2258064516129
2017-03-23,597.9032258064516
2017-03-24,596.5806451612904
2017-03-25,595.258064516129
2017-03-26,593.9354838709678
2017-03-27,592.6129032258065
2017-03-28,591.2903225806451
2017-03-29,589.9677419354839
2017-03-30,588.6451612903226
2017-03-31,587.3225806451613
2017-04-01,586.0
2017-04-02,586.6
2017-04-03,587.2
2017-04-04,587.8
2017-04-05,588.4
2017-04-06,589.0
2017-04-07,589.6
2017-04-08,590.2
2017-04-09,590.8
2017-04-10,591.4
2017-04-11,592.0
2017-04-12,592.6
2017-04-13,593.2
2017-04-14,593.8
2017-04-15,594.4
2017-04-16,595.0
2017-04-17,595.6
2017-04-18,596.2
2017-04-19,596.8
2017-04-20,597.4
2017-04-21,598.0
2017-04-22,598.6
2017-04-23,599.2
2017-04-24,599.8
2017-04-25,600.4
2017-04-26,601.0
2017-04-27,601.6
2017-04-28,602.2
2017-04-29,602.8
2017-04-30,603.4
2017-05-01,604.0
2017-05-02,604.6451612903226
2017-05-03,605.2903225806451
2017-05-04,605.9354838709677
2017-05-05,606.5806451612904
2017-05-06,607.2258064516129
2017-05-07,607.8709677419355
2017-05-08,608.516129032258
2017-05-09,609.1612903225806
2017-05-10,609.8064516129032
2017-05-11,610.4516129032259
2017-05-12,611.0967741935484
2017-05-13,611.741935483871
2017-05-14,612.3870967741935
2017-05-15,613.0322580645161
2017-05-16,613.6774193548387
2017-05-17,614.3225806451613
2017-05-18,614.9677419354839
2017-05-19,615.6129032258065
2017-05-20,616.258064516129
2017-05-21,616.9032258064516
2017-05-22,617.5483870967741
2017-05-23,618.1935483870968
2017-05-24,618.8387096774194
2017-05-25,619.483870967742
2017-05-26,620.1290322580645
2017-05-27,620.7741935483871
2017-05-28,621.4193548387096
2017-05-29,622.0645161290322
2017-05-30,622.7096774193549
2017-05-31,623.3548387096774
2017-06-01,624.0
2017-06-02,621.8333333333334
2017-06-03,619.6666666666666
2017-06-04,617.5
2017-06-05,615.3333333333334
2017-06-06,613.1666666666666
2017-06-07,611.0
2017-06-08,608.8333333333334
2017-06-09,606.6666666666666
2017-06-10,604.5
2017-06-11,602.3333333333334
2017-06-12,600.1666666666666
2017-06-13,598.0
2017-06-14,595.8333333333334
2017-06-15,593.6666666666666
2017-06-16,591.5
2017-06-17,589.3333333333334
2017-06-18,587.1666666666666
2017-06-19,585.0
2017-06-20,582.8333333333334
2017-06-21,580.6666666666666
2017-06-22,578.5
2017-06-23,576.3333333333334
2017-06-24,574.1666666666666
2017-06-25,572.0
2017-06-26,569.8333333333334
2017-06-27,567.6666666666666
2017-06-28,565.5
2017-06-29,563.3333333333334
2017-06-30,561.1666666666666
2017-07-01,559.0
2017-07-02,559.1935483870968
2017-07-03,559.3870967741935
2017-07-04,559.5806451612904
2017-07-05,559.7741935483871
2017-07-06,559.9677419354839
2017-07-07,560.1612903225806
2017-07-08,560.3548387096774
2017-07-09,560.5483870967741
2017-07-10,560.741935483871
2017-07-11,560.9354838709677
2017-07-12,561.1290322580645
2017-07-13,561.3225806451613
2017-07-14,561.516129032258
2017-07-15,561.7096774193549
2017-07-16,561.9032258064516
2017-07-17,562.0967741935484
2017-07-18,562.2903225806451
2017-07-19,562.483870967742
2017-07-20,562.6774193548387
2017-07-21,562.8709677419355
2017-07-22,563.0645161290323
2017-07-23,563.258064516129
2017-07-24,563.4516129032259
2017-07-25,563.6451612903226
2017-07-26,563.8387096774194
2017-07-27,564.0322580645161
2017-07-28,564.2258064516129
2017-07-29,564.4193548387096
2017-07-30,564.6129032258065
2017-07-31,564.8064516129032
2017-08-01,565.0
2017-08-02,567.483870967742
2017-08-03,569.9677419354839
2017-08-04,572.4516129032259
2017-08-05,574.9354838709677
2017-08-06,577.4193548387096
2017-08-07,579.9032258064516
2017-08-08,582.3870967741935
2017-08-09,584.8709677419355
2017-08-10,587.3548387096774
2017-08-11,589.8387096774194
2017-08-12,592.3225806451613
2017-08-13,594.8064516129032
2017-08-14,597.2903225806451
2017-08-15,599.7741935483871
2017-08-16,602.258064516129
2017-08-17,604.741935483871
2017-08-18,607.2258064516129
2017-08-19,609.7096774193549
2017-08-20,612.1935483870968
2017-08-21,614.6774193548387
2017-08-22,617.1612903225806
2017-08-23,619.6451612903226
2017-08-24,622.1290322580645
2017-08-25,624.6129032258065
2017-08-26,627.0967741935484
2017-08-27,629.5806451612904
2017-08-28,632.0645161290322
2017-08-29,634.5483870967741
2017-08-30,637.0322580645161
2017-08-31,639.516129032258
2017-09-01,642.0
2017-09-02,641.6333333333333
2017-09-03,641.2666666666667
2017-09-04,640.9
2017-09-05,640.5333333333333
2017-09-06,640.1666666666666
2017-09-07,639.8
2017-09-08,639.4333333333333
2017-09-09,639.0666666666667
2017-09-10,638.7
2017-09-11,638.3333333333334
2017-09-12,637.9666666666667
2017-09-13,637.6
2017-09-14,637.2333333333333
2017-09-15,636.8666666666667
2017-09-16,636.5
2017-09-17,636.1333333333333
2017-09-18,635.7666666666667
2017-09-19,635.4
2017-09-20,635.0333333333333
2017-09-21,634.6666666666666
2017-09-22,634.3
2017-09-23,633.9333333333333
2017-09-24,633.5666666666667
2017-09-25,633.2
2017-09-26,632.8333333333334
2017-09-27,632.4666666666667
2017-09-28,632.1
2017-09-29,631.7333333333333
2017-09-30,631.3666666666667
2017-10-01,631.0
2017-10-02,633.7096774193549
2017-10-03,636.4193548387096
2017-10-04,639.1290322580645
2017-10-05,641.8387096774194
2017-10-06,644.5483870967741
2017-10-07,647.258064516129
2017-10-08,649.9677419354839
2017-10-09,652.6774193548387
2017-10-10,655.3870967741935
2017-10-11,658.0967741935484
2017-10-12,660.8064516129032
2017-10-13,663.516129032258
2017-10-14,666.2258064516129
2017-10-15,668.9354838709677
2017-10-16,671.6451612903226
2017-10-17,674.3548387096774
2017-10-18,677.0645161290322
2017-10-19,679.7741935483871
2017-10-20,682.483870967742
2017-10-21,685.1935483870968
2017-10-22,687.9032258064516
2017-10-23,690.6129032258065
2017-10-24,693.3225806451613
2017-10-25,696.0322580645161
2017-10-26,698.741935483871
2017-10-27,701.4516129032259
2017-10-28,704.1612903225806
2017-10-29,706.8709677419355
2017-10-30,709.5806451612904
2017-10-31,712.2903225806451
2017-11-01,715.0
2017-11-02,713.0333333333333
2017-11-03,711.0666666666667
2017-11-04,709.1
2017-11-05,707.1333333333333
2017-11-06,705.1666666666666
2017-11-07,703.2
2017-11-08,701.2333333333333
2017-11-09,699.2666666666667
2017-11-10,697.3
2017-11-11,695.3333333333334
2017-11-12,693.3666666666667
2017-11-13,691.4
2017-11-14,689.4333333333333
2017-11-15,687.4666666666667
2017-11-16,685.5
2017-11-17,683.5333333333333
2017-11-18,681.5666666666667
2017-11-19,679.6
2017-11-20,677.6333333333333
2017-11-21,675.6666666666666
2017-11-22,673.7
2017-11-23,671.7333333333333
2017-11-24,669.7666666666667
2017-11-25,667.8
2017-11-26,665.8333333333334
2017-11-27,663.8666666666667
2017-11-28,661.9
2017-11-29,659.9333333333334
2017-11-30,657.9666666666667
2017-12-01,656.0
2017-12-02,655.0967741935484
2017-12-03,654.1935483870968
2017-12-04,653.2903225806451
2017-12-05,652.3870967741935
2017-12-06,651.483870967742
2017-12-07,650.5806451612904
2017-12-08,649.6774193548387
2017-12-09,648.7741935483871
2017-12-10,647.8709677419355
2017-12-11,646.9677419354839
2017-12-12,646.0645161290323
2017-12-13,645.1612903225806
2017-12-14,644.258064516129
2017-12-15,643.3548387096774
2017-12-16,642.4516129032259
2017-12-17,641.5483870967741
2017-12-18,640.6451612903226
2017-12-19,639.741935483871
2017-12-20,638.8387096774194
2017-12-21,637.9354838709678
2017-12-22,637.0322580645161
2017-12-23,636.1290322580645
2017-12-24,635.2258064516129
2017-12-25,634.3225806451613
2017-12-26,633.4193548387096
2017-12-27,632.516129032258
2017-12-28,631.6129032258065
2017-12-29,630.7096774193549
2017-12-30,629.8064516129032
2017-12-31,628.9032258064516
2018-01-01,628.0
2018-01-02,628.516129032258
2018-01-03,629.0322580645161
2018-01-04,629.5483870967741
2018-01-05,630.0645161290323
2018-01-06,630.5806451612904
2018-01-07,631.0967741935484
2018-01-08,631.6129032258065
2018-01-09,632.1290322580645
2018-01-10,632.6451612903226
2018-01-11,633.1612903225806
2018-01-12,633.6774193548387
2018-01-13,634.1935483870968
2018-01-14,634.7096774193549
2018-01-15,635.2258064516129
2018-01-16,635.741935483871
2018-01-17,636.258064516129
2018-01-18,636.7741935483871
2018-01-19,637.2903225806451
2018-01-20,637.8064516129032
2018-01-21,638.3225806451613
2018-01-22,638.8387096774194
2018-01-23,639.3548387096774
2018-01-24,639.8709677419355
2018-01-25,640.3870967741935
2018-01-26,640.9032258064516
2018-01-27,641.4193548387096
2018-01-28,641.9354838709677
2018-01-29,642.4516129032259
2018-01-30,642.9677419354839
2018-01-31,643.483870967742
2018-02-01,644.0
2018-02-02,644.3571428571429
2018-02-03,644.7142857142857
2018-02-04,645.0714285714286
2018-02-05,645.4285714285714
2018-02-06,645.7857142857143
2018-02-07,646.1428571428571
2018-02-08,646.5
2018-02-09,646.8571428571429
2018-02-10,647.2142857142857
2018-02-11,647.5714285714286
2018-02-12,647.9285714285714
2018-02-13,648.2857142857143
2018-02-14,648.6428571428571
2018-02-15,649.0
2018-02-16,649.3571428571429
2018-02-17,649.7142857142857
2018-02-18,650.0714285714286
2018-02-19,650.4285714285714
2018-02-20,650.7857142857143
2018-02-21,651.1428571428571
2018-02-22,651.5
2018-02-23,651.8571428571429
2018-02-24,652.2142857142857
2018-02-25,652.5714285714286
2018-02-26,652.9285714285714
2018-02-27,653.2857142857143
2018-02-28,653.6428571428571
2018-03-01,654.0
2018-03-02,653.1935483870968
2018-03-03,652.3870967741935
2018-03-04,651.5806451612904
2018-03-05,650.7741935483871
2018-03-06,649.9677419354839
2018-03-07,649.1612903225806
2018-03-08,648.3548387096774
2018-03-09,647.5483870967741
2018-03-10,646.741935483871
2018-03-11,645.9354838709677
2018-03-12,645.1290322580645
2018-03-13,644.3225806451613
2018-03-14,643.516129032258
2018-03-15,642.7096774193549
2018-03-16,641.9032258064516
2018-03-17,641.0967741935484
2018-03-18,640.2903225806451
2018-03-19,639.483870967742
2018-03-20,638.6774193548387
2018-03-21,637.8709677419355
2018-03-22,637.0645161290323
2018-03-23,636.258064516129
2018-03-24,635.4516129032259
2018-03-25,634.6451612903226
2018-03-26,633.8387096774194
2018-03-27,633.0322580645161
2018-03-28,632.2258064516129
2018-03-29,631.4193548387096
2018-03-30,630.6129032258065
2018-03-31,629.8064516129032
2018-04-01,629.0
2018-04-02,629.7
2018-04-03,630.4
2018-04-04,631.1
2018-04-05,631.8
2018-04-06,632.5
2018-04-07,633.2
2018-04-08,633.9
2018-04-09,634.6
2018-04-10,635.3
2018-04-11,636.0
2018-04-12,636.7
2018-04-13,637.4
2018-04-14,638.1
2018-04-15,638.8
2018-04-16,639.5
2018-04-17,640.2
2018-04-18,640.9
2018-04-19,641.6
2018-04-20,642.3
2018-04-21,643.0
2018-04-22,643.7
2018-04-23,644.4
2018-04-24,645.1
2018-04-25,645.8
2018-04-26,646.5
2018-04-27,647.2
2018-04-28,647.9
2018-04-29,648.6
2018-04-30,649.3
2018-05-01,650.0
2018-05-02,648.9677419354839
2018-05-03,647.9354838709677
2018-05-04,646.9032258064516
2018-05-05,645.8709677419355
2018-05-06,644.8387096774194
2018-05-07,643.8064516129032
2018-05-08,642.7741935483871
2018-05-09,641.741935483871
2018-05-10,640.7096774193549
2018-05-11,639.6774193548387
2018-05-12,638.6451612903226
2018-05-13,637.6129032258065
2018-05-14,636.5806451612904
2018-05-15,635.5483870967741
2018-05-16,634.516129032258
2018-05-17,633.483870967742
2018-05-18,632.4516129032259
2018-05-19,631.4193548387096
2018-05-20,630.3870967741935
2018-05-21,629.3548387096774
2018-05-22,628.3225806451613
2018-05-23,627.2903225806451
2018-05-24,626.258064516129
2018-05-25,625.2258064516129
2018-05-26,624.1935483870968
2018-05-27,623.1612903225806
2018-05-28,622.1290322580645
2018-05-29,621.0967741935484
2018-05-30,620.0645161290323
2018-05-31,619.0322580645161
2018-06-01,618.0
2018-06-02,617.7
2018-06-03,617.4
2018-06-04,617.1
2018-06-05,616.8
2018-06-06,616.5
2018-06-07,616.2
2018-06-08,615.9
2018-06-09,615.6
2018-06-10,615.3
2018-06-11,615.0
2018-06-12,614.7
2018-06-13,614.4
2018-06-14,614.1
2018-06-15,613.8
2018-06-16,613.5
2018-06-17,613.2
2018-06-18,612.9
2018-06-19,612.6
2018-06-20,612.3
2018-06-21,612.0
2018-06-22,611.7
2018-06-23,611.4
2018-06-24,611.1
2018-06-25,610.8
2018-06-26,610.5
2018-06-27,610.2
2018-06-28,609.9
2018-06-29,609.6
2018-06-30,609.3
2018-07-01,609.0
2018-07-02,608.8387096774194
2018-07-03,608.6774193548387
2018-07-04,608.516129032258
2018-07-05,608.3548387096774
2018-07-06,608.1935483870968
2018-07-07,608.0322580645161
2018-07-08,607.8709677419355
2018-07-09,607.7096774193549
2018-07-10,607.5483870967741
2018-07-11,607.3870967741935
2018-07-12,607.2258064516129
2018-07-13,607.0645161290323
2018-07-14,606.9032258064516
2018-07-15,606.741935483871
2018-07-16,606.5806451612904
2018-07-17,606.4193548387096
2018-07-18,606.258064516129
2018-07-19,606.0967741935484
2018-07-20,605.9354838709677
2018-07-21,605.7741935483871
2018-07-22,605.6129032258065
2018-07-23,605.4516129032259
2018-07-24,605.2903225806451
2018-07-25,605.1290322580645
2018-07-26,604.9677419354839
2018-07-27,604.8064516129032
2018-07-28,604.6451612903226
2018-07-29,604.483870967742
2018-07-30,604.3225806451613
2018-07-31,604.1612903225806
2018-08-01,604.0
2018-08-02,604.0967741935484
2018-08-03,604.1935483870968
2018-08-04,604.2903225806451
2018-08-05,604.3870967741935
2018-08-06,604.483870967742
2018-08-07,604.5806451612904
2018-08-08,604.6774193548387
2018-08-09,604.7741935483871
2018-08-10,604.8709677419355
2018-08-11,604.9677419354839
2018-08-12,605.0645161290323
2018-08-13,605.1612903225806
2018-08-14,605.258064516129
2018-08-15,605.3548387096774
2018-08-16,605.4516129032259
2018-08-17,605.5483870967741
2018-08-18,605.6451612903226
2018-08-19,605.741935483871
2018-08-20,605.8387096774194
2018-08-21,605.9354838709677
2018-08-22,606.0322580645161
2018-08-23,606.1290322580645
2018-08-24,606.2258064516129
2018-08-25,606.3225806451613
2018-08-26,606.4193548387096
2018-08-27,606.516129032258
2018-08-28,606.6129032258065
2018-08-29,606.7096774193549
2018-08-30,606.8064516129032
2018-08-31,606.9032258064516
2018-09-01,607.0
2018-09-02,605.3333333333334
2018-09-03,603.6666666666666
2018-09-04,602.0
2018-09-05,600.3333333333334
2018-09-06,598.6666666666666
2018-09-07,597.0
2018-09-08,595.3333333333334
2018-09-09,593.6666666666666
2018-09-10,592.0
2018-09-11,590.3333333333334
2018-09-12,588.6666666666666
2018-09-13,587.0
2018-09-14,585.3333333333334
2018-09-15,583.6666666666666
2018-09-16,582.0
2018-09-17,580.3333333333334
2018-09-18,578.6666666666666
2018-09-19,577.0
2018-09-20,575.3333333333334
2018-09-21,573.6666666666666
2018-09-22,572.0
2018-09-23,570.3333333333334
2018-09-24,568.6666666666666
2018-09-25,567.0
2018-09-26,565.3333333333334
2018-09-27,563.6666666666666
2018-09-28,562.0
2018-09-29,560.3333333333334
2018-09-30,558.6666666666666
2018-10-01,557.0
2018-10-02,558.8709677419355
2018-10-03,560.741935483871
2018-10-04,562.6129032258065
2018-10-05,564.483870967742
2018-10-06,566.3548387096774
2018-10-07,568.2258064516129
2018-10-08,570.0967741935484
2018-10-09,571.9677419354839
2018-10-10,573.8387096774194
2018-10-11,575.7096774193549
2018-10-12,577.5806451612904
2018-10-13,579.4516129032259
2018-10-14,581.3225806451613
2018-10-15,583.1935483870968
2018-10-16,585.0645161290322
2018-10-17,586.9354838709677
2018-10-18,588.8064516129032
2018-10-19,590.6774193548387
2018-10-20,592.5483870967741
2018-10-21,594.4193548387096
2018-10-22,596.2903225806451
2018-10-23,598.1612903225806
2018-10-24,600.0322580645161
2018-10-25,601.9032258064516
2018-10-26,603.7741935483871
2018-10-27,605.6451612903226
2018-10-28,607.516129032258
2018-10-29,609.3870967741935
2018-10-30,611.258064516129
2018-10-31,613.1290322580645
2018-11-01,615.0
2018-11-02,613.3
2018-11-03,611.6
2018-11-04,609.9
2018-11-05,608.2
2018-11-06,606.5
2018-11-07,604.8
2018-11-08,603.1
2018-11-09,601.4
2018-11-10,599.7
2018-11-11,598.0
2018-11-12,596.3
2018-11-13,594.6
2018-11-14,592.9
2018-11-15,591.2
2018-11-16,589.5
2018-11-17,587.8
2018-11-18,586.1
2018-11-19,584.4
2018-11-20,582.7
2018-11-21,581.0
2018-11-22,579.3
2018-11-23,577.6
2018-11-24,575.9
2018-11-25,574.2
2018-11-26,572.5
2018-11-27,570.8
2018-11-28,569.1
2018-11-29,567.4
2018-11-30,565.7
2018-12-01,564.0
2018-12-02,566.5806451612904
2018-12-03,569.1612903225806
2018-12-04,571.741935483871
2018-12-05,574.3225806451613
2018-12-06,576.9032258064516
2018-12-07,579.483870967742
2018-12-08,582.0645161290322
2018-12-09,584.6451612903226
2018-12-10,587.2258064516129
2018-12-11,589.8064516129032
2018-12-12,592.3870967741935
2018-12-13,594.9677419354839
2018-12-14,597.5483870967741
2018-12-15,600.1290322580645
2018-12-16,602.7096774193549
2018-12-17,605.2903225806451
2018-12-18,607.8709677419355
2018-12-19,610.4516129032259
2018-12-20,613.0322580645161
2018-12-21,615.6129032258065
2018-12-22,618.1935483870968
2018-12-23,620.7741935483871
2018-12-24,623.3548387096774
2018-12-25,625.9354838709678
2018-12-26,628.516129032258
2018-12-27,631.0967741935484
2018-12-28,633.6774193548387
2018-12-29,636.258064516129
2018-12-30,638.8387096774194
2018-12-31,641.4193548387096
2019-01-01,644.0
2019-01-02,644.8064516129032
2019-01-03,645.6129032258065
2019-01-04,646.4193548387096
2019-01-05,647.2258064516129
2019-01-06,648.0322580645161
2019-01-07,648.8387096774194
2019-01-08,649.6451612903226
2019-01-09,650.4516129032259
2019-01-10,651.258064516129
2019-01-11,652.0645161290323
2019-01-12,652.8709677419355
2019-01-13,653.6774193548387
2019-01-14,654.483870967742
2019-01-15,655.2903225806451
2019-01-16,656.0967741935484
2019-01-17,656.9032258064516
2019-01-18,657.7096774193549
2019-01-19,658.516129032258
2019-01-20,659.3225806451613
2019-01-21,660.1290322580645
2019-01-22,660.9354838709677
2019-01-23,661.741935483871
2019-01-24,662.5483870967741
2019-01-25,663.3548387096774
2019-01-26,664.1612903225806
2019-01-27,664.9677419354839
2019-01-28,665.7741935483871
2019-01-29,666.5806451612904
2019-01-30,667.3870967741935
2019-01-31,668.1935483870968
2019-02-01,669.0
2019-02-02,669.8571428571429
2019-02-03,670.7142857142857
2019-02-04,671.5714285714286
2019-02-05,672.4285714285714
2019-02-06,673.2857142857143
2019-02-07,674.1428571428571
2019-02-08,675.0
2019-02-09,675.8571428571429
2019-02-10,676.7142857142857
2019-02-11,677.5714285714286
2019-02-12,678.4285714285714
2019-02-13,679.2857142857143
2019-02-14,680.1428571428571
2019-02-15,681.0
2019-02-16,681.8571428571429
2019-02-17,682.7142857142857
2019-02-18,683.5714285714286
2019-02-19,684.4285714285714
2019-02-20,685.2857142857143
2019-02-21,686.1428571428571
2019-02-22,687.0
2019-02-23,687.8571428571429
2019-02-24,688.7142857142857
2019-02-25,689.5714285714286
2019-02-26,690.4285714285714
2019-02-27,691.2857142857143
2019-02-28,692.1428571428571
2019-03-01,693.0
2019-03-02,691.8064516129032
2019-03-03,690.6129032258065
2019-03-04,689.4193548387096
2019-03-05,688.2258064516129
2019-03-06,687.0322580645161
2019-03-07,685.8387096774194
2019-03-08,684.6451612903226
2019-03-09,683.4516129032259
2019-03-10,682.258064516129
2019-03-11,681.0645161290323
2019-03-12,679.8709677419355
2019-03-13,678.6774193548387
2019-03-14,677.483870967742
2019-03-15,676.2903225806451
2019-03-16,675.0967741935484
2019-03-17,673.9032258064516
2019-03-18,672.7096774193549
2019-03-19,671.516129032258
2019-03-20,670.3225806451613
2019-03-21,669.1290322580645
2019-03-22,667.9354838709677
2019-03-23,666.741935483871
2019-03-24,665.5483870967741
2019-03-25,664.3548387096774
2019-03-26,663.1612903225806
2019-03-27,661.9677419354839
2019-03-28,660.7741935483871
2019-03-29,659.5806451612904
2019-03-30,658.3870967741935
2019-03-31,657.1935483870968
2019-04-01,656.0
2019-04-02,654.0666666666667
2019-04-03,652.1333333333333
2019-04-04,650.2
2019-04-05,648.2666666666667
2019-04-06,646.3333333333334
2019-04-07,644.4
2019-04-08,642.4666666666667
2019-04-09,640.5333333333333
2019-04-10,638.6
2019-04-11,636.6666666666666
2019-04-12,634.7333333333333
2019-04-13,632.8
2019-04-14,630.8666666666667
2019-04-15,628.9333333333333
2019-04-16,627.0
2019-04-17,625.0666666666667
2019-04-18,623.1333333333333
2019-04-19,621.2
2019-04-20,619.2666666666667
2019-04-21,617.3333333333334
2019-04-22,615.4
2019-04-23,613.4666666666667
2019-04-24,611.5333333333333
2019-04-25,609.6
2019-04-26,607.6666666666666
2019-04-27,605.7333333333333
2019-04-28,603.8
2019-04-29,601.8666666666667
2019-04-30,599.9333333333333
2019-05-01,598.0
2019-05-02,602.2258064516129
2019-05-03,606.4516129032259
2019-05-04,610.6774193548387
2019-05-05,614.9032258064516
2019-05-06,619.1290322580645
2019-05-07,623.3548387096774
2019-05-08,627.5806451612904
2019-05-09,631.8064516129032
2019-05-10,636.0322580645161
2019-05-11,640.258064516129
2019-05-12,644.483870967742
2019-05-13,648.7096774193549
2019-05-14,652.9354838709677
2019-05-15,657.1612903225806
2019-05-16,661.3870967741935
2019-05-17,665.6129032258065
2019-05-18,669.8387096774194
2019-05-19,674.0645161290322
2019-05-20,678.2903225806451
2019-05-21,682.516129032258
2019-05-22,686.741935483871
2019-05-23,690.9677419354839
2019-05-24,695.1935483870968
2019-05-25,699.4193548387096
2019-05-26,703.6451612903226
2019-05-27,707.8709677419355
2019-05-28,712.0967741935484
2019-05-29,716.3225806451612
2019-05-30,720.5483870967741
2019-05-31,724.7741935483871
2019-06-01,729.0
2019-06-02,726.7
2019-06-03,724.4
2019-06-04,722.1
2019-06-05,719.8
2019-06-06,717.5
2019-06-07,715.2
2019-06-08,712.9
2019-06-09,710.6
2019-06-10,708.3
2019-06-11,706.0
2019-06-12,703.7
2019-06-13,701.4
2019-06-14,699.1
2019-06-15,696.8
2019-06-16,694.5
2019-06-17,692.2
2019-06-18,689.9
2019-06-19,687.6
2019-06-20,685.3
2019-06-21,683.0
2019-06-22,680.7
2019-06-23,678.4
2019-06-24,676.1
2019-06-25,673.8
2019-06-26,671.5
2019-06-27,669.2
2019-06-28,666.9
2019-06-29,664.6
2019-06-30,662.3
2019-07-01,660.0
2019-07-02,661.5483870967741
2019-07-03,663.0967741935484
2019-07-04,664.6451612903226
2019-07-05,666.1935483870968
2019-07-06,667.741935483871
2019-07-07,669.2903225806451
2019-07-08,670.8387096774194
2019-07-09,672.3870967741935
2019-07-10,673.9354838709677
2019-07-11,675.483870967742
2019-07-12,677.0322580645161
2019-07-13,678.5806451612904
2019-07-14,680.1290322580645
2019-07-15,681.6774193548387
2019-07-16,683.2258064516129
2019-07-17,684.7741935483871
2019-07-18,686.3225806451613
2019-07-19,687.8709677419355
2019-07-20,689.4193548387096
2019-07-21,690.9677419354839
2019-07-22,692.516129032258
2019-07-23,694.0645161290322
2019-07-24,695.6129032258065
2019-07-25,697.1612903225806
2019-07-26,698.7096774193549
2019-07-27,700.258064516129
2019-07-28,701.8064516129032
2019-07-29,703.3548387096774
2019-07-30,704.9032258064516
2019-07-31,706.4516129032259
2019-08-01,708.0
2019-08-02,708.5483870967741
2019-08-03,709.0967741935484
2019-08-04,709.6451612903226
2019-08-05,710.1935483870968
2019-08-06,710.741935483871
2019-08-07,711.2903225806451
2019-08-08,711.8387096774194
2019-08-09,712.3870967741935
2019-08-10,712.9354838709677
2019-08-11,713.483870967742
2019-08-12,714.0322580645161
2019-08-13,714.5806451612904
2019-08-14,715.1290322580645
2019-08-15,715.6774193548387
2019-08-16,716.2258064516129
2019-08-17,716.7741935483871
2019-08-18,717.3225806451613
2019-08-19,717.8709677419355
2019-08-20,718.4193548387096
2019-08-21,718.9677419354839
2019-08-22,719.516129032258
2019-08-23,720.0645161290322
2019-08-24,720.6129032258065
2019-08-25,721.1612903225806
2019-08-26,721.7096774193549
2019-08-27,722.258064516129
2019-08-28,722.8064516129032
2019-08-29,723.3548387096774
2019-08-30,723.9032258064516
2019-08-31,724.4516129032259
2019-09-01,725.0
2019-09-02,724.4
2019-09-03,723.8
2019-09-04,723.2
2019-09-05,722.6
2019-09-06,722.0
2019-09-07,721.4
2019-09-08,720.8
2019-09-09,720.2
2019-09-10,719.6
2019-09-11,719.0
2019-09-12,718.4
2019-09-13,717.8
2019-09-14,717.2
2019-09-15,716.6
2019-09-16,716.0
2019-09-17,715.4
2019-09-18,714.8
2019-09-19,714.2
2019-09-20,713.6
2019-09-21,713.0
2019-09-22,712.4
2019-09-23,711.8
2019-09-24,711.2
2019-09-25,710.6
2019-09-26,710.0
2019-09-27,709.4
2019-09-28,708.8
2019-09-29,708.2
2019-09-30,707.6
2019-10-01,707.0
2019-10-02,706.7741935483871
2019-10-03,706.5483870967741
2019-10-04,706.3225806451613
2019-10-05,706.0967741935484
2019-10-06,705.8709677419355
2019-10-07,705.6451612903226
2019-10-08,705.4193548387096
2019-10-09,705.1935483870968
2019-10-10,704.9677419354839
2019-10-11,704.741935483871
2019-10-12,704.516129032258
2019-10-13,704.2903225806451
2019-10-14,704.0645161290323
2019-10-15,703.8387096774194
2019-10-16,703.6129032258065
2019-10-17,703.3870967741935
2019-10-18,703.1612903225806
2019-10-19,702.9354838709677
2019-10-20,702.7096774193549
2019-10-21,702.483870967742
2019-10-22,702.258064516129
2019-10-23,702.0322580645161
2019-10-24,701.8064516129032
2019-10-25,701.5806451612904
2019-10-26,701.3548387096774
2019-10-27,701.1290322580645
2019-10-28,700.9032258064516
2019-10-29,700.6774193548387
2019-10-30,700.4516129032259
2019-10-31,700.2258064516129
2019-11-01,700.0
2019-11-02,700.8
2019-11-03,701.6
2019-11-04,702.4
2019-11-05,703.2
2019-11-06,704.0
2019-11-07,704.8
2019-11-08,705.6
2019-11-09,706.4
2019-11-10,707.2
2019-11-11,708.0
2019-11-12,708.8
2019-11-13,709.6
2019-11-14,710.4
2019-11-15,711.2
2019-11-16,712.0
2019-11-17,712.8
2019-11-18,713.6
2019-11-19,714.4
2019-11-20,715.2
2019-11-21,716.0
2019-11-22,716.8
2019-11-23,717.6
2019-11-24,718.4
2019-11-25,719.2
2019-11-26,720.0
2019-11-27,720.8
2019-11-28,721.6
2019-11-29,722.4
2019-11-30,723.2
2019-12-01,724.0
2019-12-02,726.4516129032259
2019-12-03,728.9032258064516
2019-12-04,731.3548387096774
2019-12-05,733.8064516129032
2019-12-06,736.258064516129
2019-12-07,738.7096774193549
2019-12-08,741.1612903225806
2019-12-09,743.6129032258065
2019-12-10,746.0645161290323
2019-12-11,748.516129032258
2019-12-12,750.9677419354839
2019-12-13,753.4193548387096
2019-12-14,755.8709677419355
2019-12-15,758.3225806451613
2019-12-16,760.7741935483871
2019-12-17,763.2258064516129
2019-12-18,765.6774193548387
2019-12-19,768.1290322580645
2019-12-20,770.5806451612904
2019-12-21,773.0322580645161
2019-12-22,775.483870967742
2019-12-23,777.9354838709678
2019-12-24,780.3870967741935
2019-12-25,782.8387096774194
2019-12-26,785.2903225806451
2019-12-27,787.741935483871
2019-12-28,790.1935483870968
2019-12-29,792.6451612903226
2019-12-30,795.0967741935484
2019-12-31,797.5483870967741
2020-01-01,800.0
2020-01-02,798.8709677419355
2020-01-03,797.741935483871
2020-01-04,796.6129032258065
2020-01-05,795.483870967742
2020-01-06,794.3548387096774
2020-01-07,793.2258064516129
2020-01-08,792.0967741935484
2020-01-09,790.9677419354839
2020-01-10,789.8387096774194
2020-01-11,788.7096774193549
2020-01-12,787.5806451612904
2020-01-13,786.4516129032259
2020-01-14,785.3225806451613
2020-01-15,784.1935483870968
2020-01-16,783.0645161290322
2020-01-17,781.9354838709677
2020-01-18,780.8064516129032
2020-01-19,779.6774193548387
2020-01-20,778.5483870967741
2020-01-21,777.4193548387096
2020-01-22,776.2903225806451
2020-01-23,775.1612903225806
2020-01-24,774.0322580645161
2020-01-25,772.9032258064516
2020-01-26,771.7741935483871
2020-01-27,770.6451612903226
2020-01-28,769.516129032258
2020-01-29,768.3870967741935
2020-01-30,767.258064516129
2020-01-31,766.1290322580645
2020-02-01,765.0
2020-02-02,765.0
2020-02-03,765.0
2020-02-04,765.0
2020-02-05,765.0
2020-02-06,765.0
2020-02-07,765.0
2020-02-08,765.0
2020-02-09,765.0
2020-02-10,765.0
2020-02-11,765.0
2020-02-12,765.0
2020-02-13,765.0
2020-02-14,765.0
2020-02-15,765.0
2020-02-16,765.0
2020-02-17,765.0
2020-02-18,765.0
2020-02-19,765.0
2020-02-20,765.0
2020-02-21,765.0
2020-02-22,765.0
2020-02-23,765.0
2020-02-24,765.0
2020-02-25,765.0
2020-02-26,765.0
2020-02-27,765.0
2020-02-28,765.0
2020-02-29,765.0
2020-03-01,765.0
2020-03-02,765.0
2020-03-03,765.0
2020-03-04,765.0
2020-03-05,765.0
2020-03-06,765.0
2020-03-07,765.0
2020-03-08,765.0
2020-03-09,765.0
2020-03-10,765.0
2020-03-11,765.0
2020-03-12,765.0
2020-03-13,765.0
2020-03-14,765.0
2020-03-15,765.0
2020-03-16,765.0
2020-03-17,765.0
2020-03-18,765.0
2020-03-19,765.0
2020-03-20,765.0
2020-03-21,765.0
2020-03-22,765.0
2020-03-23,765.0
2020-03-24,765.0
2020-03-25,765.0
2020-03-26,765.0
2020-03-27,765.0
2020-03-28,765.0
2020-03-29,765.0
2020-03-30,765.0
2020-03-31,765.0
2020-04-01,765.0
2020-04-02,765.0
2020-04-03,765.0
2020-04-04,765.0
2020-04-05,765.0
2020-04-06,765.0
2020-04-07,765.0
2020-04-08,765.0
2020-04-09,765.0
2020-04-10,765.0
2020-04-11,765.0
2020-04-12,765.0
2020-04-13,765.0
2020-04-14,765.0
2020-04-15,765.0
