Date,ASPUS
2013-04-18,321147.25274725276
2013-04-19,321191.2087912088
2013-04-20,321235.16483516485
2013-04-21,321279.1208791209
2013-04-22,321323.07692307694
2013-04-23,321367.032967033
2013-04-24,321410.989010989
2013-04-25,321454.94505494507
2013-04-26,321498.9010989011
2013-04-27,321542.85714285716
2013-04-28,321586.8131868132
2013-04-29,321630.76923076925
2013-04-30,321674.7252747253
2013-05-01,321718.68131868134
2013-05-02,321762.6373626374
2013-05-03,321806.5934065934
2013-05-04,321850.5494505495
2013-05-05,321894.5054945055
2013-05-06,321938.46153846156
2013-05-07,321982.4175824176
2013-05-08,322026.37362637365
2013-05-09,322070.3296703297
2013-05-10,322114.28571428574
2013-05-11,322158.2417582418
2013-05-12,322202.1978021978
2013-05-13,322246.1538461539
2013-05-14,322290.1098901099
2013-05-15,322334.06593406596
2013-05-16,322378.021978022
2013-05-17,322421.978021978
2013-05-18,322465.93406593404
2013-05-19,322509.8901098901
2013-05-20,322553.8461538461
2013-05-21,322597.8021978022
2013-05-22,322641.7582417582
2013-05-23,322685.71428571426
2013-05-24,322729.6703296703
2013-05-25,322773.62637362635
2013-05-26,322817.5824175824
2013-05-27,322861.53846153844
2013-05-28,322905.4945054945
2013-05-29,322949.4505494505
2013-05-30,322993.4065934066
2013-05-31,323037.3626373626
2013-06-01,323081.31868131866
2013-06-02,323125.2747252747
2013-06-03,323169.23076923075
2013-06-04,323213.1868131868
2013-06-05,323257.14285714284
2013-06-06,323301.0989010989
2013-06-07,323345.05494505493
2013-06-08,323389.010989011
2013-06-09,323432.967032967
2013-06-10,323476.92307692306
2013-06-11,323520.8791208791
2013-06-12,323564.83516483515
2013-06-13,323608.7912087912
2013-06-14,323652.74725274724
2013-06-15,323696.7032967033
2013-06-16,323740.65934065933
2013-06-17,323784.6153846154
2013-06-18,323828.5714285714
2013-06-19,323872.52747252746
2013-06-20,323916.4835164835
2013-06-21,323960.43956043955
2013-06-22,324004.3956043956
2013-06-23,324048.35164835164
2013-06-24,324092.3076923077
2013-06-25,324136.26373626373
2013-06-26,324180.2197802198
2013-06-27,324224.1758241758
2013-06-28,324268.13186813187
2013-06-29,324312.0879120879
2013-06-30,324356.04395604396
2013-07-01,324400.0
2013-07-02,324508.6956521739
2013-07-03,324617.39130434784
2013-07-04,324726.0869565217
2013-07-05,324834.7826086957
2013-07-06,324943.47826086957
2013-07-07,325052.17391304346
2013-07-08,325160.8695652174
2013-07-09,325269.5652173913
2013-07-10,325378.26086956525
2013-07-11,325486.95652173914
2013-07-12,325595.652173913
2013-07-13,325704.347826087
2013-07-14,325813.04347826086
2013-07-15,325921.73913043475
2013-07-16,326030.4347826087
2013-07-17,326139.1304347826
2013-07-18,326247.82608695654
2013-07-19,326356.52173913043
2013-07-20,326465.2173913043
2013-07-21,326573.9130434783
2013-07-22,326682.60869565216
2013-07-23,326791.3043478261
2013-07-24,326900.0
2013-07-25,327008.6956521739
2013-07-26,327117.39130434784
2013-07-27,327226.0869565217
2013-07-28,327334.7826086957
2013-07-29,327443.47826086957
2013-07-30,327552.17391304346
2013-07-31,327660.8695652174
2013-08-01,327769.5652173913
2013-08-02,327878.26086956525
2013-08-03,327986.95652173914
2013-08-04,328095.652173913
2013-08-05,328204.347826087
2013-08-06,328313.04347826086
2013-08-07,328421.73913043475
2013-08-08,328530.4347826087
2013-08-09,328639.1304347826
2013-08-10,328747.82608695654
2013-08-11,328856.52173913043
2013-08-12,328965.2173913043
2013-08-13,329073.9130434783
2013-08-14,329182.60869565216
2013-08-15,329291.3043478261
2013-08-16,329400.0
2013-08-17,329508.6956521739
2013-08-18,329617.39130434784
2013-08-19,329726.0869565217
2013-08-20,329834.7826086957
2013-08-21,329943.47826086957
2013-08-22,330052.17391304346
2013-08-23,330160.8695652174
2013-08-24,330269.5652173913
2013-08-25,330378.26086956525
2013-08-26,330486.95652173914
2013-08-27,330595.652173913
2013-08-28,330704.347826087
2013-08-29,330813.04347826086
2013-08-30,330921.73913043475
2013-08-31,331030.4347826087
2013-09-01,331139.1304347826
2013-09-02,331247.82608695654
2013-09-03,331356.52173913043
2013-09-04,331465.2173913043
2013-09-05,331573.9130434783
2013-09-06,331682.60869565216
2013-09-07,331791.3043478261
2013-09-08,331900.0
2013-09-09,332008.6956521739
2013-09-10,332117.39130434784
2013-09-11,332226.0869565217
2013-09-12,332334.7826086957
2013-09-13,332443.47826086957
2013-09-14,332552.17391304346
2013-09-15,332660.8695652174
2013-09-16,332769.5652173913
2013-09-17,332878.26086956525
2013-09-18,332986.95652173914
2013-09-19,333095.652173913
2013-09-20,333204.347826087
2013-09-21,333313.04347826086
2013-09-22,333421.73913043475
2013-09-23,333530.4347826087
2013-09-24,333639.1304347826
2013-09-25,333747.82608695654
2013-09-26,333856.52173913043
2013-09-27,333965.2173913043
2013-09-28,334073.9130434783
2013-09-29,334182.60869565216
2013-09-30,334291.3043478261
2013-10-01,334400.0
2013-10-02,334367.39130434784
2013-10-03,334334.7826086957
2013-10-04,334302.17391304346
2013-10-05,334269.5652173913
2013-10-06,334236.95652173914
2013-10-07,334204.347826087
2013-10-08,334171.73913043475
2013-10-09,334139.1304347826
2013-10-10,334106.52173913043
2013-10-11,334073.9130434783
2013-10-12,334041.3043478261
2013-10-13,334008.6956521739
2013-10-14,333976.0869565217
2013-10-15,333943.47826086957
2013-10-16,333910.8695652174
2013-10-17,333878.26086956525
2013-10-18,333845.652173913
2013-10-19,333813.04347826086
2013-10-20,333780.4347826087
2013-10-21,333747.82608695654
2013-10-22,333715.2173913043
2013-10-23,333682.60869565216
2013-10-24,333650.0
2013-10-25,333617.39130434784
2013-10-26,333584.7826086957
2013-10-27,333552.17391304346
2013-10-28,333519.5652173913
2013-10-29,333486.95652173914
2013-10-30,333454.347826087
2013-10-31,333421.73913043475
2013-11-01,333389.1304347826
2013-11-02,333356.52173913043
2013-11-03,333323.9130434783
2013-11-04,333291.3043478261
2013-11-05,333258.6956521739
2013-11-06,333226.0869565217
2013-11-07,333193.47826086957
2013-11-08,333160.8695652174
2013-11-09,333128.26086956525
2013-11-10,333095.652173913
2013-11-11,333063.04347826086
2013-11-12,333030.4347826087
2013-11-13,332997.82608695654
2013-11-14,332965.2173913043
2013-11-15,332932.60869565216
2013-11-16,332900.0
2013-11-17,332867.39130434784
2013-11-18,332834.7826086957
2013-11-19,332802.17391304346
2013-11-20,332769.5652173913
2013-11-21,332736.95652173914
2013-11-22,332704.347826087
2013-11-23,332671.73913043475
2013-11-24,332639.1304347826
2013-11-25,332606.52173913043
2013-11-26,332573.9130434783
2013-11-27,332541.3043478261
2013-11-28,332508.6956521739
2013-11-29,332476.0869565217
2013-11-30,332443.47826086957
2013-12-01,332410.8695652174
2013-12-02,332378.26086956525
2013-12-03,332345.652173913
2013-12-04,332313.04347826086
2013-12-05,332280.4347826087
2013-12-06,332247.82608695654
2013-12-07,332215.2173913043
2013-12-08,332182.60869565216
2013-12-09,332150.0
2013-12-10,332117.39130434784
2013-12-11,332084.7826086957
2013-12-12,332052.17391304346
2013-12-13,332019.5652173913
2013-12-14,331986.95652173914
2013-12-15,331954.347826087
2013-12-16,331921.73913043475
2013-12-17,331889.1304347826
2013-12-18,331856.52173913043
2013-12-19,331823.9130434783
2013-12-20,331791.3043478261
2013-12-21,331758.6956521739
2013-12-22,331726.0869565217
2013-12-23,331693.47826086957
2013-12-24,331660.8695652174
2013-12-25,331628.26086956525
2013-12-26,331595.652173913
2013-12-27,331563.04347826086
2013-12-28,331530.4347826087
2013-12-29,331497.82608695654
2013-12-30,331465.2173913043
2013-12-31,331432.60869565216
2014-01-01,331400.0
2014-01-02,331502.22222222225
2014-01-03,331604.44444444444
2014-01-04,331706.6666666667
2014-01-05,331808.8888888889
2014-01-06,331911.1111111111
2014-01-07,332013.3333333333
2014-01-08,332115.55555555556
2014-01-09,332217.77777777775
2014-01-10,332320.0
2014-01-11,332422.22222222225
2014-01-12,332524.44444444444
2014-01-13,332626.6666666667
2014-01-14,332728.8888888889
2014-01-15,332831.1111111111
2014-01-16,332933.3333333333
2014-01-17,333035.55555555556
2014-01-18,333137.77777777775
2014-01-19,333240.0
2014-01-20,333342.22222222225
2014-01-21,333444.44444444444
2014-01-22,333546.6666666667
2014-01-23,333648.8888888889
2014-01-24,333751.1111111111
2014-01-25,333853.3333333333
2014-01-26,333955.55555555556
2014-01-27,334057.77777777775
2014-01-28,334160.0
2014-01-29,334262.22222222225
2014-01-30,334364.44444444444
2014-01-31,334466.6666666667
2014-02-01,334568.8888888889
2014-02-02,334671.1111111111
2014-02-03,334773.3333333333
2014-02-04,334875.55555555556
2014-02-05,334977.77777777775
2014-02-06,335080.0
2014-02-07,335182.22222222225
2014-02-08,335284.44444444444
2014-02-09,335386.6666666667
2014-02-10,335488.8888888889
2014-02-11,335591.1111111111
2014-02-12,335693.3333333333
2014-02-13,335795.55555555556
2014-02-14,335897.77777777775
2014-02-15,336000.0
2014-02-16,336102.22222222225
2014-02-17,336204.44444444444
2014-02-18,336306.6666666667
2014-02-19,336408.8888888889
2014-02-20,336511.1111111111
2014-02-21,336613.3333333333
2014-02-22,336715.55555555556
2014-02-23,336817.77777777775
2014-02-24,336920.0
2014-02-25,337022.22222222225
2014-02-26,337124.44444444444
2014-02-27,337226.6666666667
2014-02-28,337328.8888888889
2014-03-01,337431.1111111111
2014-03-02,337533.3333333333
2014-03-03,337635.55555555556
2014-03-04,337737.77777777775
2014-03-05,337840.0
2014-03-06,337942.22222222225
2014-03-07,338044.44444444444
2014-03-08,338146.6666666667
2014-03-09,338248.8888888889
2014-03-10,338351.1111111111
2014-03-11,338453.3333333333
2014-03-12,338555.55555555556
2014-03-13,338657.77777777775
2014-03-14,338760.0
2014-03-15,338862.22222222225
2014-03-16,338964.44444444444
2014-03-17,339066.6666666667
2014-03-18,339168.8888888889
2014-03-19,339271.1111111111
2014-03-20,339373.3333333333
2014-03-21,339475.55555555556
2014-03-22,339577.77777777775
2014-03-23,339680.0
2014-03-24,339782.22222222225
2014-03-25,339884.44444444444
2014-03-26,339986.6666666667
2014-03-27,340088.8888888889
2014-03-28,340191.1111111111
2014-03-29,340293.3333333333
2014-03-30,340395.55555555556
2014-03-31,340497.77777777775
2014-04-01,340600.0
2014-04-02,340597.8021978022
2014-04-03,340595.6043956044
2014-04-04,340593.4065934066
2014-04-05,340591.2087912088
2014-04-06,340589.010989011
2014-04-07,340586.8131868132
2014-04-08,340584.6153846154
2014-04-09,340582.4175824176
2014-04-10,340580.2197802198
2014-04-11,340578.021978022
2014-04-12,340575.8241758242
2014-04-13,340573.62637362635
2014-04-14,340571.4285714286
2014-04-15,340569.23076923075
2014-04-16,340567.032967033
2014-04-17,340564.83516483515
2014-04-18,340562.6373626374
2014-04-19,340560.43956043955
2014-04-20,340558.2417582418
2014-04-21,340556.04395604396
2014-04-22,340553.8461538461
2014-04-23,340551.64835164836
2014-04-24,340549.4505494505
2014-04-25,340547.25274725276
2014-04-26,340545.05494505493
2014-04-27,340542.85714285716
2014-04-28,340540.65934065933
2014-04-29,340538.46153846156
2014-04-30,340536.26373626373
2014-05-01,340534.06593406596
2014-05-02,340531.86813186813
2014-05-03,340529.6703296703
2014-05-04,340527.47252747254
2014-05-05,340525.2747252747
2014-05-06,340523.07692307694
2014-05-07,340520.8791208791
2014-05-08,340518.68131868134
2014-05-09,340516.4835164835
2014-05-10,340514.28571428574
2014-05-11,340512.0879120879
2014-05-12,340509.8901098901
2014-05-13,340507.6923076923
2014-05-14,340505.4945054945
2014-05-15,340503.2967032967
2014-05-16,340501.0989010989
2014-05-17,340498.9010989011
2014-05-18,340496.7032967033
2014-05-19,340494.5054945055
2014-05-20,340492.3076923077
2014-05-21,340490.1098901099
2014-05-22,340487.9120879121
2014-05-23,340485.71428571426
2014-05-24,340483.5164835165
2014-05-25,340481.31868131866
2014-05-26,340479.1208791209
2014-05-27,340476.92307692306
2014-05-28,340474.7252747253
2014-05-29,340472.52747252746
2014-05-30,340470.3296703297
2014-05-31,340468.13186813187
2014-06-01,340465.93406593404
2014-06-02,340463.73626373627
2014-06-03,340461.53846153844
2014-06-04,340459.34065934067
2014-06-05,340457.14285714284
2014-06-06,340454.94505494507
2014-06-07,340452.74725274724
2014-06-08,340450.5494505495
2014-06-09,340448.35164835164
2014-06-10,340446.1538461539
2014-06-11,340443.95604395604
2014-06-12,340441.7582417582
2014-06-13,340439.56043956045
2014-06-14,340437.3626373626
2014-06-15,340435.16483516485
2014-06-16,340432.967032967
2014-06-17,340430.76923076925
2014-06-18,340428.5714285714
2014-06-19,340426.37362637365
2014-06-20,340424.1758241758
2014-06-21,340421.978021978
2014-06-22,340419.7802197802
2014-06-23,340417.5824175824
2014-06-24,340415.3846153846
2014-06-25,340413.1868131868
2014-06-26,340410.989010989
2014-06-27,340408.7912087912
2014-06-28,340406.5934065934
2014-06-29,340404.3956043956
2014-06-30,340402.1978021978
2014-07-01,340400.0
2014-07-02,340715.2173913043
2014-07-03,341030.4347826087
2014-07-04,341345.652173913
2014-07-05,341660.8695652174
2014-07-06,341976.0869565217
2014-07-07,342291.3043478261
2014-07-08,342606.52173913043
2014-07-09,342921.73913043475
2014-07-10,343236.95652173914
2014-07-11,343552.17391304346
2014-07-12,343867.39130434784
2014-07-13,344182.60869565216
2014-07-14,344497.82608695654
2014-07-15,344813.04347826086
2014-07-16,345128.26086956525
2014-07-17,345443.47826086957
2014-07-18,345758.6956521739
2014-07-19,346073.9130434783
2014-07-20,346389.1304347826
2014-07-21,346704.347826087
2014-07-22,347019.5652173913
2014-07-23,347334.7826086957
2014-07-24,347650.0
2014-07-25,347965.2173913043
2014-07-26,348280.4347826087
2014-07-27,348595.652173913
2014-07-28,348910.8695652174
2014-07-29,349226.0869565217
2014-07-30,349541.3043478261
2014-07-31,349856.52173913043
2014-08-01,350171.73913043475
2014-08-02,350486.95652173914
2014-08-03,350802.17391304346
2014-08-04,351117.39130434784
2014-08-05,351432.60869565216
2014-08-06,351747.82608695654
2014-08-07,352063.04347826086
2014-08-08,352378.2608695652
2014-08-09,352693.47826086957
2014-08-10,353008.6956521739
2014-08-11,353323.9130434783
2014-08-12,353639.1304347826
2014-08-13,353954.347826087
2014-08-14,354269.5652173913
2014-08-15,354584.7826086957
2014-08-16,354900.0
2014-08-17,355215.2173913043
2014-08-18,355530.4347826087
2014-08-19,355845.652173913
2014-08-20,356160.8695652174
2014-08-21,356476.0869565217
2014-08-22,356791.3043478261
2014-08-23,357106.52173913043
2014-08-24,357421.73913043475
2014-08-25,357736.95652173914
2014-08-26,358052.17391304346
2014-08-27,358367.39130434784
2014-08-28,358682.60869565216
2014-08-29,358997.82608695654
2014-08-30,359313.04347826086
2014-08-31,359628.2608695652
2014-09-01,359943.47826086957
2014-09-02,360258.6956521739
2014-09-03,360573.9130434783
2014-09-04,360889.1304347826
2014-09-05,361204.347826087
2014-09-06,361519.5652173913
2014-09-07,361834.7826086957
2014-09-08,362150.0
2014-09-09,362465.2173913043
2014-09-10,362780.4347826087
2014-09-11,363095.652173913
2014-09-12,363410.8695652174
2014-09-13,363726.0869565217
2014-09-14,364041.3043478261
2014-09-15,364356.52173913043
2014-09-16,364671.73913043475
2014-09-17,364986.95652173914
2014-09-18,365302.17391304346
2014-09-19,365617.39130434784
2014-09-20,365932.60869565216
2014-09-21,366247.82608695654
2014-09-22,366563.04347826086
2014-09-23,366878.2608695652
2014-09-24,367193.47826086957
2014-09-25,367508.6956521739
2014-09-26,367823.9130434783
2014-09-27,368139.1304347826
2014-09-28,368454.347826087
2014-09-29,368769.5652173913
2014-09-30,369084.7826086957
2014-10-01,369400.0
2014-10-02,369167.39130434784
2014-10-03,368934.7826086957
2014-10-04,368702.17391304346
2014-10-05,368469.5652173913
2014-10-06,368236.95652173914
2014-10-07,368004.347826087
2014-10-08,367771.73913043475
2014-10-09,367539.1304347826
2014-10-10,367306.52173913043
2014-10-11,367073.9130434783
2014-10-12,366841.3043478261
2014-10-13,366608.6956521739
2014-10-14,366376.0869565217
2014-10-15,366143.47826086957
2014-10-16,365910.8695652174
2014-10-17,365678.26086956525
2014-10-18,365445.652173913
2014-10-19,365213.04347826086
2014-10-20,364980.4347826087
2014-10-21,364747.82608695654
2014-10-22,364515.2173913043
2014-10-23,364282.60869565216
2014-10-24,364050.0
2014-10-25,363817.39130434784
2014-10-26,363584.7826086957
2014-10-27,363352.17391304346
2014-10-28,363119.5652173913
2014-10-29,362886.95652173914
2014-10-30,362654.347826087
2014-10-31,362421.73913043475
2014-11-01,362189.1304347826
2014-11-02,361956.52173913043
2014-11-03,361723.9130434783
2014-11-04,361491.3043478261
2014-11-05,361258.6956521739
2014-11-06,361026.0869565217
2014-11-07,360793.47826086957
2014-11-08,360560.8695652174
2014-11-09,360328.26086956525
2014-11-10,360095.652173913
2014-11-11,359863.04347826086
2014-11-12,359630.4347826087
2014-11-13,359397.82608695654
2014-11-14,359165.2173913043
2014-11-15,358932.60869565216
2014-11-16,358700.0
2014-11-17,358467.39130434784
2014-11-18,358234.7826086957
2014-11-19,358002.17391304346
2014-11-20,357769.5652173913
2014-11-21,357536.95652173914
2014-11-22,357304.347826087
2014-11-23,357071.73913043475
2014-11-24,356839.1304347826
2014-11-25,356606.52173913043
2014-11-26,356373.9130434783
2014-11-27,356141.3043478261
2014-11-28,355908.6956521739
2014-11-29,355676.0869565217
2014-11-30,355443.47826086957
2014-12-01,355210.8695652174
2014-12-02,354978.26086956525
2014-12-03,354745.652173913
2014-12-04,354513.04347826086
2014-12-05,354280.4347826087
2014-12-06,354047.82608695654
2014-12-07,353815.2173913043
2014-12-08,353582.60869565216
2014-12-09,353350.0
2014-12-10,353117.39130434784
2014-12-11,352884.7826086957
2014-12-12,352652.17391304346
2014-12-13,352419.5652173913
2014-12-14,352186.95652173914
2014-12-15,351954.347826087
2014-12-16,351721.7391304348
2014-12-17,351489.1304347826
2014-12-18,351256.52173913043
2014-12-19,351023.9130434783
2014-12-20,350791.3043478261
2014-12-21,350558.6956521739
2014-12-22,350326.0869565217
2014-12-23,350093.47826086957
2014-12-24,349860.8695652174
2014-12-25,349628.2608695652
2014-12-26,349395.652173913
2014-12-27,349163.04347826086
2014-12-28,348930.4347826087
2014-12-29,348697.82608695654
2014-12-30,348465.2173913043
2014-12-31,348232.60869565216
2015-01-01,348000.0
2015-01-02,347907.77777777775
2015-01-03,347815.55555555556
2015-01-04,347723.3333333333
2015-01-05,347631.1111111111
2015-01-06,347538.8888888889
2015-01-07,347446.6666666667
2015-01-08,347354.44444444444
2015-01-09,347262.22222222225
2015-01-10,347170.0
2015-01-11,347077.77777777775
2015-01-12,346985.55555555556
2015-01-13,346893.3333333333
2015-01-14,346801.1111111111
2015-01-15,346708.8888888889
2015-01-16,346616.6666666667
2015-01-17,346524.44444444444
2015-01-18,346432.22222222225
2015-01-19,346340.0
2015-01-20,346247.77777777775
2015-01-21,346155.55555555556
2015-01-22,346063.3333333333
2015-01-23,345971.1111111111
2015-01-24,345878.8888888889
2015-01-25,345786.6666666667
2015-01-26,345694.44444444444
2015-01-27,345602.22222222225
2015-01-28,345510.0
2015-01-29,345417.77777777775
2015-01-30,345325.55555555556
2015-01-31,345233.3333333333
2015-02-01,345141.1111111111
2015-02-02,345048.8888888889
2015-02-03,344956.6666666667
2015-02-04,344864.44444444444
2015-02-05,344772.22222222225
2015-02-06,344680.0
2015-02-07,344587.77777777775
2015-02-08,344495.55555555556
2015-02-09,344403.3333333333
2015-02-10,344311.1111111111
2015-02-11,344218.8888888889
2015-02-12,344126.6666666667
2015-02-13,344034.44444444444
2015-02-14,343942.22222222225
2015-02-15,343850.0
2015-02-16,343757.77777777775
2015-02-17,343665.55555555556
2015-02-18,343573.3333333333
2015-02-19,343481.1111111111
2015-02-20,343388.8888888889
2015-02-21,343296.6666666667
2015-02-22,343204.44444444444
2015-02-23,343112.22222222225
2015-02-24,343020.0
2015-02-25,342927.77777777775
2015-02-26,342835.55555555556
2015-02-27,342743.3333333333
2015-02-28,342651.1111111111
2015-03-01,342558.8888888889
2015-03-02,342466.6666666667
2015-03-03,342374.44444444444
2015-03-04,342282.22222222225
2015-03-05,342190.0
2015-03-06,342097.77777777775
2015-03-07,342005.55555555556
2015-03-08,341913.3333333333
2015-03-09,341821.1111111111
2015-03-10,341728.8888888889
2015-03-11,341636.6666666667
2015-03-12,341544.44444444444
2015-03-13,341452.22222222225
2015-03-14,341360.0
2015-03-15,341267.77777777775
2015-03-16,341175.55555555556
2015-03-17,341083.3333333333
2015-03-18,340991.1111111111
2015-03-19,340898.8888888889
2015-03-20,340806.6666666667
2015-03-21,340714.44444444444
2015-03-22,340622.22222222225
2015-03-23,340530.0
2015-03-24,340437.77777777775
2015-03-25,340345.55555555556
2015-03-26,340253.3333333333
2015-03-27,340161.1111111111
2015-03-28,340068.8888888889
2015-03-29,339976.6666666667
2015-03-30,339884.44444444444
2015-03-31,339792.22222222225
2015-04-01,339700.0
2015-04-02,339784.6153846154
2015-04-03,339869.23076923075
2015-04-04,339953.8461538461
2015-04-05,340038.46153846156
2015-04-06,340123.07692307694
2015-04-07,340207.6923076923
2015-04-08,340292.3076923077
2015-04-09,340376.92307692306
2015-04-10,340461.53846153844
2015-04-11,340546.1538461539
2015-04-12,340630.76923076925
2015-04-13,340715.3846153846
2015-04-14,340800.0
2015-04-15,340884.6153846154
2015-04-16,340969.23076923075
2015-04-17,341053.8461538461
2015-04-18,341138.46153846156
2015-04-19,341223.07692307694
2015-04-20,341307.6923076923
2015-04-21,341392.3076923077
2015-04-22,341476.92307692306
2015-04-23,341561.53846153844
2015-04-24,341646.1538461539
2015-04-25,341730.76923076925
2015-04-26,341815.3846153846
2015-04-27,341900.0
2015-04-28,341984.6153846154
2015-04-29,342069.23076923075
2015-04-30,342153.8461538461
2015-05-01,342238.46153846156
2015-05-02,342323.07692307694
2015-05-03,342407.6923076923
2015-05-04,342492.3076923077
2015-05-05,342576.92307692306
2015-05-06,342661.53846153844
2015-05-07,342746.1538461539
2015-05-08,342830.76923076925
2015-05-09,342915.3846153846
2015-05-10,343000.0
2015-05-11,343084.6153846154
2015-05-12,343169.23076923075
2015-05-13,343253.8461538461
2015-05-14,343338.46153846156
2015-05-15,343423.07692307694
2015-05-16,343507.6923076923
2015-05-17,343592.3076923077
2015-05-18,343676.92307692306
2015-05-19,343761.53846153844
2015-05-20,343846.1538461539
2015-05-21,343930.76923076925
2015-05-22,344015.3846153846
2015-05-23,344100.0
2015-05-24,344184.6153846154
2015-05-25,344269.23076923075
2015-05-26,344353.8461538461
2015-05-27,344438.46153846156
2015-05-28,344523.07692307694
2015-05-29,344607.6923076923
2015-05-30,344692.3076923077
2015-05-31,344776.92307692306
2015-06-01,344861.53846153844
2015-06-02,344946.1538461539
2015-06-03,345030.76923076925
2015-06-04,345115.3846153846
2015-06-05,345200.0
2015-06-06,345284.6153846154
2015-06-07,345369.23076923075
2015-06-08,345453.8461538461
2015-06-09,345538.46153846156
2015-06-10,345623.07692307694
2015-06-11,345707.6923076923
2015-06-12,345792.3076923077
2015-06-13,345876.92307692306
2015-06-14,345961.53846153844
2015-06-15,346046.1538461539
2015-06-16,346130.76923076925
2015-06-17,346215.3846153846
2015-06-18,346300.0
2015-06-19,346384.6153846154
2015-06-20,346469.23076923075
2015-06-21,346553.8461538461
2015-06-22,346638.46153846156
2015-06-23,346723.07692307694
2015-06-24,346807.6923076923
2015-06-25,346892.3076923077
2015-06-26,346976.92307692306
2015-06-27,347061.53846153844
2015-06-28,347146.1538461539
2015-06-29,347230.76923076925
2015-06-30,347315.3846153846
2015-07-01,347400.0
2015-07-02,347609.7826086957
2015-07-03,347819.5652173913
2015-07-04,348029.347826087
2015-07-05,348239.1304347826
2015-07-06,348448.9130434783
2015-07-07,348658.6956521739
2015-07-08,348868.47826086957
2015-07-09,349078.26086956525
2015-07-10,349288.04347826086
2015-07-11,349497.82608695654
2015-07-12,349707.60869565216
2015-07-13,349917.39130434784
2015-07-14,350127.17391304346
2015-07-15,350336.95652173914
2015-07-16,350546.73913043475
2015-07-17,350756.52173913043
2015-07-18,350966.3043478261
2015-07-19,351176.0869565217
2015-07-20,351385.8695652174
2015-07-21,351595.652173913
2015-07-22,351805.4347826087
2015-07-23,352015.2173913043
2015-07-24,352225.0
2015-07-25,352434.7826086957
2015-07-26,352644.5652173913
2015-07-27,352854.347826087
2015-07-28,353064.1304347826
2015-07-29,353273.9130434783
2015-07-30,353483.6956521739
2015-07-31,353693.47826086957
2015-08-01,353903.26086956525
2015-08-02,354113.04347826086
2015-08-03,354322.82608695654
2015-08-04,354532.60869565216
2015-08-05,354742.39130434784
2015-08-06,354952.17391304346
2015-08-07,355161.95652173914
2015-08-08,355371.73913043475
2015-08-09,355581.52173913043
2015-08-10,355791.3043478261
2015-08-11,356001.0869565217
2015-08-12,356210.8695652174
2015-08-13,356420.652173913
2015-08-14,356630.4347826087
2015-08-15,356840.2173913043
2015-08-16,357050.0
2015-08-17,357259.7826086957
2015-08-18,357469.5652173913
2015-08-19,357679.347826087
2015-08-20,357889.1304347826
2015-08-21,358098.9130434783
2015-08-22,358308.6956521739
2015-08-23,358518.47826086957
2015-08-24,358728.26086956525
2015-08-25,358938.04347826086
2015-08-26,359147.82608695654
2015-08-27,359357.60869565216
2015-08-28,359567.39130434784
2015-08-29,359777.17391304346
2015-08-30,359986.95652173914
2015-08-31,360196.7391304348
2015-09-01,360406.52173913043
2015-09-02,360616.3043478261
2015-09-03,360826.0869565217
2015-09-04,361035.8695652174
2015-09-05,361245.652173913
2015-09-06,361455.4347826087
2015-09-07,361665.2173913043
2015-09-08,361875.0
2015-09-09,362084.7826086957
2015-09-10,362294.5652173913
2015-09-11,362504.347826087
2015-09-12,362714.1304347826
2015-09-13,362923.9130434783
2015-09-14,363133.6956521739
2015-09-15,363343.47826086957
2015-09-16,363553.26086956525
2015-09-17,363763.04347826086
2015-09-18,363972.82608695654
2015-09-19,364182.60869565216
2015-09-20,364392.39130434784
2015-09-21,364602.17391304346
2015-09-22,364811.95652173914
2015-09-23,365021.7391304348
2015-09-24,365231.52173913043
2015-09-25,365441.3043478261
2015-09-26,365651.0869565217
2015-09-27,365860.8695652174
2015-09-28,366070.652173913
2015-09-29,366280.4347826087
2015-09-30,366490.2173913043
2015-10-01,366700.0
2015-10-02,366594.5652173913
2015-10-03,366489.1304347826
2015-10-04,366383.6956521739
2015-10-05,366278.26086956525
2015-10-06,366172.82608695654
2015-10-07,366067.39130434784
2015-10-08,365961.95652173914
2015-10-09,365856.52173913043
2015-10-10,365751.0869565217
2015-10-11,365645.652173913
2015-10-12,365540.2173913043
2015-10-13,365434.7826086957
2015-10-14,365329.347826087
2015-10-15,365223.9130434783
2015-10-16,365118.47826086957
2015-10-17,365013.04347826086
2015-10-18,364907.60869565216
2015-10-19,364802.17391304346
2015-10-20,364696.73913043475
2015-10-21,364591.3043478261
2015-10-22,364485.8695652174
2015-10-23,364380.4347826087
2015-10-24,364275.0
2015-10-25,364169.5652173913
2015-10-26,364064.1304347826
2015-10-27,363958.6956521739
2015-10-28,363853.26086956525
2015-10-29,363747.82608695654
2015-10-30,363642.39130434784
2015-10-31,363536.95652173914
2015-11-01,363431.52173913043
2015-11-02,363326.0869565217
2015-11-03,363220.652173913
2015-11-04,363115.2173913043
2015-11-05,363009.7826086957
2015-11-06,362904.347826087
2015-11-07,362798.9130434783
2015-11-08,362693.47826086957
2015-11-09,362588.04347826086
2015-11-10,362482.60869565216
2015-11-11,362377.17391304346
2015-11-12,362271.73913043475
2015-11-13,362166.3043478261
2015-11-14,362060.8695652174
2015-11-15,361955.4347826087
2015-11-16,361850.0
2015-11-17,361744.5652173913
2015-11-18,361639.1304347826
2015-11-19,361533.6956521739
2015-11-20,361428.26086956525
2015-11-21,361322.82608695654
2015-11-22,361217.39130434784
2015-11-23,361111.95652173914
2015-11-24,361006.52173913043
2015-11-25,360901.0869565217
2015-11-26,360795.652173913
2015-11-27,360690.2173913043
2015-11-28,360584.7826086957
2015-11-29,360479.347826087
2015-11-30,360373.9130434783
2015-12-01,360268.47826086957
2015-12-02,360163.04347826086
2015-12-03,360057.60869565216
2015-12-04,359952.17391304346
2015-12-05,359846.73913043475
2015-12-06,359741.3043478261
2015-12-07,359635.8695652174
2015-12-08,359530.4347826087
2015-12-09,359425.0
2015-12-10,359319.5652173913
2015-12-11,359214.1304347826
2015-12-12,359108.6956521739
2015-12-13,359003.26086956525
2015-12-14,358897.82608695654
2015-12-15,358792.39130434784
2015-12-16,358686.95652173914
2015-12-17,358581.52173913043
2015-12-18,358476.0869565217
2015-12-19,358370.652173913
2015-12-20,358265.2173913043
2015-12-21,358159.7826086957
2015-12-22,358054.347826087
2015-12-23,357948.9130434783
2015-12-24,357843.47826086957
2015-12-25,357738.04347826086
2015-12-26,357632.60869565216
2015-12-27,357527.17391304346
2015-12-28,357421.73913043475
2015-12-29,357316.3043478261
2015-12-30,357210.8695652174
2015-12-31,357105.4347826087
2016-01-01,357000.0
2016-01-02,357009.8901098901
2016-01-03,357019.7802197802
2016-01-04,357029.6703296703
2016-01-05,357039.56043956045
2016-01-06,357049.4505494505
2016-01-07,357059.34065934067
2016-01-08,357069.23076923075
2016-01-09,357079.1208791209
2016-01-10,357089.010989011
2016-01-11,357098.9010989011
2016-01-12,357108.7912087912
2016-01-13,357118.68131868134
2016-01-14,357128.5714285714
2016-01-15,357138.46153846156
2016-01-16,357148.35164835164
2016-01-17,357158.2417582418
2016-01-18,357168.13186813187
2016-01-19,357178.021978022
2016-01-20,357187.9120879121
2016-01-21,357197.8021978022
2016-01-22,357207.6923076923
2016-01-23,357217.5824175824
2016-01-24,357227.47252747254
2016-01-25,357237.3626373626
2016-01-26,357247.25274725276
2016-01-27,357257.14285714284
2016-01-28,357267.032967033
2016-01-29,357276.92307692306
2016-01-30,357286.8131868132
2016-01-31,357296.7032967033
2016-02-01,357306.5934065934
2016-02-02,357316.4835164835
2016-02-03,357326.37362637365
2016-02-04,357336.26373626373
2016-02-05,357346.1538461539
2016-02-06,357356.04395604396
2016-02-07,357365.93406593404
2016-02-08,357375.8241758242
2016-02-09,357385.71428571426
2016-02-10,357395.6043956044
2016-02-11,357405.4945054945
2016-02-12,357415.3846153846
2016-02-13,357425.2747252747
2016-02-14,357435.16483516485
2016-02-15,357445.05494505493
2016-02-16,357454.94505494507
2016-02-17,357464.83516483515
2016-02-18,357474.7252747253
2016-02-19,357484.6153846154
2016-02-20,357494.5054945055
2016-02-21,357504.3956043956
2016-02-22,357514.28571428574
2016-02-23,357524.1758241758
2016-02-24,357534.06593406596
2016-02-25,357543.95604395604
2016-02-26,357553.8461538461
2016-02-27,357563.73626373627
2016-02-28,357573.62637362635
2016-02-29,357583.5164835165
2016-03-01,357593.4065934066
2016-03-02,357603.2967032967
2016-03-03,357613.1868131868
2016-03-04,357623.07692307694
2016-03-05,357632.967032967
2016-03-06,357642.85714285716
2016-03-07,357652.74725274724
2016-03-08,357662.6373626374
2016-03-09,357672.52747252746
2016-03-10,357682.4175824176
2016-03-11,357692.3076923077
2016-03-12,357702.1978021978
2016-03-13,357712.0879120879
2016-03-14,357721.978021978
2016-03-15,357731.86813186813
2016-03-16,357741.7582417582
2016-03-17,357751.64835164836
2016-03-18,357761.53846153844
2016-03-19,357771.4285714286
2016-03-20,357781.31868131866
2016-03-21,357791.2087912088
2016-03-22,357801.0989010989
2016-03-23,357810.989010989
2016-03-24,357820.8791208791
2016-03-25,357830.76923076925
2016-03-26,357840.65934065933
2016-03-27,357850.5494505495
2016-03-28,357860.43956043955
2016-03-29,357870.3296703297
2016-03-30,357880.2197802198
2016-03-31,357890.1098901099
2016-04-01,357900.0
2016-04-02,357909.8901098901
2016-04-03,357919.7802197802
2016-04-04,357929.6703296703
2016-04-05,357939.56043956045
2016-04-06,357949.4505494505
2016-04-07,357959.34065934067
2016-04-08,357969.23076923075
2016-04-09,357979.1208791209
2016-04-10,357989.010989011
2016-04-11,357998.9010989011
2016-04-12,358008.7912087912
2016-04-13,358018.68131868134
2016-04-14,358028.5714285714
2016-04-15,358038.46153846156
2016-04-16,358048.35164835164
2016-04-17,358058.2417582418
2016-04-18,358068.13186813187
2016-04-19,358078.021978022
2016-04-20,358087.9120879121
2016-04-21,358097.8021978022
2016-04-22,358107.6923076923
2016-04-23,358117.5824175824
2016-04-24,358127.47252747254
2016-04-25,358137.3626373626
2016-04-26,358147.25274725276
2016-04-27,358157.14285714284
2016-04-28,358167.032967033
2016-04-29,358176.92307692306
2016-04-30,358186.8131868132
2016-05-01,358196.7032967033
2016-05-02,358206.5934065934
2016-05-03,358216.4835164835
2016-05-04,358226.37362637365
2016-05-05,358236.26373626373
2016-05-06,358246.1538461539
2016-05-07,358256.04395604396
2016-05-08,358265.93406593404
2016-05-09,358275.8241758242
2016-05-10,358285.71428571426
2016-05-11,358295.6043956044
2016-05-12,358305.4945054945
2016-05-13,358315.3846153846
2016-05-14,358325.2747252747
2016-05-15,358335.16483516485
2016-05-16,358345.05494505493
2016-05-17,358354.94505494507
2016-05-18,358364.83516483515
2016-05-19,358374.7252747253
2016-05-20,358384.6153846154
2016-05-21,358394.5054945055
2016-05-22,358404.3956043956
2016-05-23,358414.28571428574
2016-05-24,358424.1758241758
2016-05-25,358434.06593406596
2016-05-26,358443.95604395604
2016-05-27,358453.8461538461
2016-05-28,358463.73626373627
2016-05-29,358473.62637362635
2016-05-30,358483.5164835165
2016-05-31,358493.4065934066
2016-06-01,358503.2967032967
2016-06-02,358513.1868131868
2016-06-03,358523.07692307694
2016-06-04,358532.967032967
2016-06-05,358542.85714285716
2016-06-06,358552.74725274724
2016-06-07,358562.6373626374
2016-06-08,358572.52747252746
2016-06-09,358582.4175824176
2016-06-10,358592.3076923077
2016-06-11,358602.1978021978
2016-06-12,358612.0879120879
2016-06-13,358621.978021978
2016-06-14,358631.86813186813
2016-06-15,358641.7582417582
2016-06-16,358651.64835164836
2016-06-17,358661.53846153844
2016-06-18,358671.4285714286
2016-06-19,358681.31868131866
2016-06-20,358691.2087912088
2016-06-21,358701.0989010989
2016-06-22,358710.989010989
2016-06-23,358720.8791208791
2016-06-24,358730.76923076925
2016-06-25,358740.65934065933
2016-06-26,358750.5494505495
2016-06-27,358760.43956043955
2016-06-28,358770.3296703297
2016-06-29,358780.2197802198
2016-06-30,358790.1098901099
2016-07-01,358800.0
2016-07-02,358866.3043478261
2016-07-03,358932.60869565216
2016-07-04,358998.9130434783
2016-07-05,359065.2173913043
2016-07-06,359131.52173913043
2016-07-07,359197.82608695654
2016-07-08,359264.1304347826
2016-07-09,359330.4347826087
2016-07-10,359396.73913043475
2016-07-11,359463.04347826086
2016-07-12,359529.347826087
2016-07-13,359595.652173913
2016-07-14,359661.95652173914
2016-07-15,359728.26086956525
2016-07-16,359794.5652173913
2016-07-17,359860.8695652174
2016-07-18,359927.17391304346
2016-07-19,359993.47826086957
2016-07-20,360059.7826086957
2016-07-21,360126.0869565217
2016-07-22,360192.39130434784
2016-07-23,360258.6956521739
2016-07-24,360325.0
2016-07-25,360391.3043478261
2016-07-26,360457.60869565216
2016-07-27,360523.9130434783
2016-07-28,360590.2173913043
2016-07-29,360656.52173913043
2016-07-30,360722.82608695654
2016-07-31,360789.1304347826
2016-08-01,360855.4347826087
2016-08-02,360921.73913043475
2016-08-03,360988.04347826086
2016-08-04,361054.347826087
2016-08-05,361120.652173913
2016-08-06,361186.95652173914
2016-08-07,361253.26086956525
2016-08-08,361319.5652173913
2016-08-09,361385.8695652174
2016-08-10,361452.17391304346
2016-08-11,361518.47826086957
2016-08-12,361584.7826086957
2016-08-13,361651.0869565217
2016-08-14,361717.39130434784
2016-08-15,361783.6956521739
2016-08-16,361850.0
2016-08-17,361916.3043478261
2016-08-18,361982.60869565216
2016-08-19,362048.9130434783
2016-08-20,362115.2173913043
2016-08-21,362181.52173913043
2016-08-22,362247.82608695654
2016-08-23,362314.1304347826
2016-08-24,362380.4347826087
2016-08-25,362446.73913043475
2016-08-26,362513.04347826086
2016-08-27,362579.347826087
2016-08-28,362645.652173913
2016-08-29,362711.95652173914
2016-08-30,362778.26086956525
2016-08-31,362844.5652173913
2016-09-01,362910.8695652174
2016-09-02,362977.17391304346
2016-09-03,363043.47826086957
2016-09-04,363109.7826086957
2016-09-05,363176.0869565217
2016-09-06,363242.39130434784
2016-09-07,363308.6956521739
2016-09-08,363375.0
2016-09-09,363441.3043478261
2016-09-10,363507.60869565216
2016-09-11,363573.9130434783
2016-09-12,363640.2173913043
2016-09-13,363706.52173913043
2016-09-14,363772.82608695654
2016-09-15,363839.1304347826
2016-09-16,363905.4347826087
2016-09-17,363971.73913043475
2016-09-18,364038.04347826086
2016-09-19,364104.347826087
2016-09-20,364170.652173913
2016-09-21,364236.95652173914
2016-09-22,364303.26086956525
2016-09-23,364369.5652173913
2016-09-24,364435.8695652174
2016-09-25,364502.17391304346
2016-09-26,364568.47826086957
2016-09-27,364634.7826086957
2016-09-28,364701.0869565217
2016-09-29,364767.39130434784
2016-09-30,364833.6956521739
2016-10-01,364900.0
2016-10-02,365007.60869565216
2016-10-03,365115.2173913043
2016-10-04,365222.82608695654
2016-10-05,365330.4347826087
2016-10-06,365438.04347826086
2016-10-07,365545.652173913
2016-10-08,365653.26086956525
2016-10-09,365760.8695652174
2016-10-10,365868.47826086957
2016-10-11,365976.0869565217
2016-10-12,366083.6956521739
2016-10-13,366191.3043478261
2016-10-14,366298.9130434783
2016-10-15,366406.52173913043
2016-10-16,366514.1304347826
2016-10-17,366621.73913043475
2016-10-18,366729.347826087
2016-10-19,366836.95652173914
2016-10-20,366944.5652173913
2016-10-21,367052.17391304346
2016-10-22,367159.7826086957
2016-10-23,367267.39130434784
2016-10-24,367375.0
2016-10-25,367482.60869565216
2016-10-26,367590.2173913043
2016-10-27,367697.82608695654
2016-10-28,367805.4347826087
2016-10-29,367913.04347826086
2016-10-30,368020.652173913
2016-10-31,368128.26086956525
2016-11-01,368235.8695652174
2016-11-02,368343.47826086957
2016-11-03,368451.0869565217
2016-11-04,368558.6956521739
2016-11-05,368666.3043478261
2016-11-06,368773.9130434783
2016-11-07,368881.52173913043
2016-11-08,368989.1304347826
2016-11-09,369096.73913043475
2016-11-10,369204.347826087
2016-11-11,369311.95652173914
2016-11-12,369419.5652173913
2016-11-13,369527.17391304346
2016-11-14,369634.7826086957
2016-11-15,369742.39130434784
2016-11-16,369850.0
2016-11-17,369957.60869565216
2016-11-18,370065.2173913043
2016-11-19,370172.82608695654
2016-11-20,370280.4347826087
2016-11-21,370388.04347826086
2016-11-22,370495.652173913
2016-11-23,370603.26086956525
2016-11-24,370710.8695652174
2016-11-25,370818.47826086957
2016-11-26,370926.0869565217
2016-11-27,371033.6956521739
2016-11-28,371141.3043478261
2016-11-29,371248.9130434783
2016-11-30,371356.52173913043
2016-12-01,371464.1304347826
2016-12-02,371571.73913043475
2016-12-03,371679.347826087
2016-12-04,371786.95652173914
2016-12-05,371894.5652173913
2016-12-06,372002.17391304346
2016-12-07,372109.7826086957
2016-12-08,372217.39130434784
2016-12-09,372325.0
2016-12-10,372432.60869565216
2016-12-11,372540.2173913043
2016-12-12,372647.82608695654
2016-12-13,372755.4347826087
2016-12-14,372863.04347826086
2016-12-15,372970.652173913
2016-12-16,373078.26086956525
2016-12-17,373185.8695652174
2016-12-18,373293.47826086957
2016-12-19,373401.0869565217
2016-12-20,373508.6956521739
2016-12-21,373616.3043478261
2016-12-22,373723.9130434783
2016-12-23,373831.52173913043
2016-12-24,373939.1304347826
2016-12-25,374046.73913043475
2016-12-26,374154.347826087
2016-12-27,374261.95652173914
2016-12-28,374369.5652173913
2016-12-29,374477.17391304346
2016-12-30,374584.7826086957
2016-12-31,374692.39130434784
2017-01-01,374800.0
2017-01-02,374823.3333333333
2017-01-03,374846.6666666667
2017-01-04,374870.0
2017-01-05,374893.3333333333
2017-01-06,374916.6666666667
2017-01-07,374940.0
2017-01-08,374963.3333333333
2017-01-09,374986.6666666667
2017-01-10,375010.0
2017-01-11,375033.3333333333
2017-01-12,375056.6666666667
2017-01-13,375080.0
2017-01-14,375103.3333333333
2017-01-15,375126.6666666667
2017-01-16,375150.0
2017-01-17,375173.3333333333
2017-01-18,375196.6666666667
2017-01-19,375220.0
2017-01-20,375243.3333333333
2017-01-21,375266.6666666667
2017-01-22,375290.0
2017-01-23,375313.3333333333
2017-01-24,375336.6666666667
2017-01-25,375360.0
2017-01-26,375383.3333333333
2017-01-27,375406.6666666667
2017-01-28,375430.0
2017-01-29,375453.3333333333
2017-01-30,375476.6666666667
2017-01-31,375500.0
2017-02-01,375523.3333333333
2017-02-02,375546.6666666667
2017-02-03,375570.0
2017-02-04,375593.3333333333
2017-02-05,375616.6666666667
2017-02-06,375640.0
2017-02-07,375663.3333333333
2017-02-08,375686.6666666667
2017-02-09,375710.0
2017-02-10,375733.3333333333
2017-02-11,375756.6666666667
2017-02-12,375780.0
2017-02-13,375803.3333333333
2017-02-14,375826.6666666667
2017-02-15,375850.0
2017-02-16,375873.3333333333
2017-02-17,375896.6666666667
2017-02-18,375920.0
2017-02-19,375943.3333333333
2017-02-20,375966.6666666667
2017-02-21,375990.0
2017-02-22,376013.3333333333
2017-02-23,376036.6666666667
2017-02-24,376060.0
2017-02-25,376083.3333333333
2017-02-26,376106.6666666667
2017-02-27,376130.0
2017-02-28,376153.3333333333
2017-03-01,376176.6666666667
2017-03-02,376200.0
2017-03-03,376223.3333333333
2017-03-04,376246.6666666667
2017-03-05,376270.0
2017-03-06,376293.3333333333
2017-03-07,376316.6666666667
2017-03-08,376340.0
2017-03-09,376363.3333333333
2017-03-10,376386.6666666667
2017-03-11,376410.0
2017-03-12,376433.3333333333
2017-03-13,376456.6666666667
2017-03-14,376480.0
2017-03-15,376503.3333333333
2017-03-16,376526.6666666667
2017-03-17,376550.0
2017-03-18,376573.3333333333
2017-03-19,376596.6666666667
2017-03-20,376620.0
2017-03-21,376643.3333333333
2017-03-22,376666.6666666667
2017-03-23,376690.0
2017-03-24,376713.3333333333
2017-03-25,376736.6666666667
2017-03-26,376760.0
2017-03-27,376783.3333333333
2017-03-28,376806.6666666667
2017-03-29,376830.0
2017-03-30,376853.3333333333
2017-03-31,376876.6666666667
2017-04-01,376900.0
2017-04-02,376859.34065934067
2017-04-03,376818.68131868134
2017-04-04,376778.021978022
2017-04-05,376737.3626373626
2017-04-06,376696.7032967033
2017-04-07,376656.04395604396
2017-04-08,376615.3846153846
2017-04-09,376574.7252747253
2017-04-10,376534.06593406596
2017-04-11,376493.4065934066
2017-04-12,376452.74725274724
2017-04-13,376412.0879120879
2017-04-14,376371.4285714286
2017-04-15,376330.76923076925
2017-04-16,376290.1098901099
2017-04-17,376249.4505494505
2017-04-18,376208.7912087912
2017-04-19,376168.13186813187
2017-04-20,376127.47252747254
2017-04-21,376086.8131868132
2017-04-22,376046.1538461539
2017-04-23,376005.4945054945
2017-04-24,375964.83516483515
2017-04-25,375924.1758241758
2017-04-26,375883.5164835165
2017-04-27,375842.85714285716
2017-04-28,375802.1978021978
2017-04-29,375761.53846153844
2017-04-30,375720.8791208791
2017-05-01,375680.2197802198
2017-05-02,375639.56043956045
2017-05-03,375598.9010989011
2017-05-04,375558.2417582418
2017-05-05,375517.5824175824
2017-05-06,375476.92307692306
2017-05-07,375436.26373626373
2017-05-08,375395.6043956044
2017-05-09,375354.94505494507
2017-05-10,375314.28571428574
2017-05-11,375273.62637362635
2017-05-12,375232.967032967
2017-05-13,375192.3076923077
2017-05-14,375151.64835164836
2017-05-15,375110.989010989
2017-05-16,375070.3296703297
2017-05-17,375029.6703296703
2017-05-18,374989.010989011
2017-05-19,374948.35164835164
2017-05-20,374907.6923076923
2017-05-21,374867.032967033
2017-05-22,374826.37362637365
2017-05-23,374785.71428571426
2017-05-24,374745.05494505493
2017-05-25,374704.3956043956
2017-05-26,374663.73626373627
2017-05-27,374623.07692307694
2017-05-28,374582.4175824176
2017-05-29,374541.7582417582
2017-05-30,374501.0989010989
2017-05-31,374460.43956043955
2017-06-01,374419.7802197802
2017-06-02,374379.1208791209
2017-06-03,374338.46153846156
2017-06-04,374297.8021978022
2017-06-05,374257.14285714284
2017-06-06,374216.4835164835
2017-06-07,374175.8241758242
2017-06-08,374135.16483516485
2017-06-09,374094.5054945055
2017-06-10,374053.8461538461
2017-06-11,374013.1868131868
2017-06-12,373972.52747252746
2017-06-13,373931.86813186813
2017-06-14,373891.2087912088
2017-06-15,373850.5494505495
2017-06-16,373809.8901098901
2017-06-17,373769.23076923075
2017-06-18,373728.5714285714
2017-06-19,373687.9120879121
2017-06-20,373647.25274725276
2017-06-21,373606.5934065934
2017-06-22,373565.93406593404
2017-06-23,373525.2747252747
2017-06-24,373484.6153846154
2017-06-25,373443.95604395604
2017-06-26,373403.2967032967
2017-06-27,373362.6373626374
2017-06-28,373321.97802197805
2017-06-29,373281.31868131866
2017-06-30,373240.65934065933
2017-07-01,373200.0
2017-07-02,373488.04347826086
2017-07-03,373776.0869565217
2017-07-04,374064.1304347826
2017-07-05,374352.17391304346
2017-07-06,374640.2173913043
2017-07-07,374928.26086956525
2017-07-08,375216.3043478261
2017-07-09,375504.347826087
2017-07-10,375792.39130434784
2017-07-11,376080.4347826087
2017-07-12,376368.47826086957
2017-07-13,376656.52173913043
2017-07-14,376944.5652173913
2017-07-15,377232.60869565216
2017-07-16,377520.652173913
2017-07-17,377808.6956521739
2017-07-18,378096.73913043475
2017-07-19,378384.7826086957
2017-07-20,378672.82608695654
2017-07-21,378960.8695652174
2017-07-22,379248.9130434783
2017-07-23,379536.95652173914
2017-07-24,379825.0
2017-07-25,380113.04347826086
2017-07-26,380401.0869565217
2017-07-27,380689.1304347826
2017-07-28,380977.17391304346
2017-07-29,381265.2173913043
2017-07-30,381553.26086956525
2017-07-31,381841.3043478261
2017-08-01,382129.347826087
2017-08-02,382417.39130434784
2017-08-03,382705.4347826087
2017-08-04,382993.47826086957
2017-08-05,383281.52173913043
2017-08-06,383569.5652173913
2017-08-07,383857.60869565216
2017-08-08,384145.652173913
2017-08-09,384433.6956521739
2017-08-10,384721.73913043475
2017-08-11,385009.7826086957
2017-08-12,385297.82608695654
2017-08-13,385585.8695652174
2017-08-14,385873.9130434783
2017-08-15,386161.95652173914
2017-08-16,386450.0
2017-08-17,386738.04347826086
2017-08-18,387026.0869565217
2017-08-19,387314.1304347826
2017-08-20,387602.17391304346
2017-08-21,387890.2173913043
2017-08-22,388178.26086956525
2017-08-23,388466.3043478261
2017-08-24,388754.347826087
2017-08-25,389042.39130434784
2017-08-26,389330.4347826087
2017-08-27,389618.47826086957
2017-08-28,389906.52173913043
2017-08-29,390194.5652173913
2017-08-30,390482.60869565216
2017-08-31,390770.652173913
2017-09-01,391058.6956521739
2017-09-02,391346.7391304348
2017-09-03,391634.7826086957
2017-09-04,391922.82608695654
2017-09-05,392210.8695652174
2017-09-06,392498.9130434783
2017-09-07,392786.95652173914
2017-09-08,393075.0
2017-09-09,393363.04347826086
2017-09-10,393651.0869565217
2017-09-11,393939.1304347826
2017-09-12,394227.17391304346
2017-09-13,394515.2173913043
2017-09-14,394803.2608695652
2017-09-15,395091.3043478261
2017-09-16,395379.347826087
2017-09-17,395667.39130434784
2017-09-18,395955.4347826087
2017-09-19,396243.47826086957
2017-09-20,396531.52173913043
2017-09-21,396819.5652173913
2017-09-22,397107.60869565216
2017-09-23,397395.652173913
2017-09-24,397683.6956521739
2017-09-25,397971.7391304348
2017-09-26,398259.7826086957
2017-09-27,398547.82608695654
2017-09-28,398835.8695652174
2017-09-29,399123.9130434783
2017-09-30,399411.95652173914
2017-10-01,399700.0
2017-10-02,399427.17391304346
2017-10-03,399154.347826087
2017-10-04,398881.52173913043
2017-10-05,398608.6956521739
2017-10-06,398335.8695652174
2017-10-07,398063.04347826086
2017-10-08,397790.2173913043
2017-10-09,397517.39130434784
2017-10-10,397244.5652173913
2017-10-11,396971.73913043475
2017-10-12,396698.9130434783
2017-10-13,396426.0869565217
2017-10-14,396153.26086956525
2017-10-15,395880.4347826087
2017-10-16,395607.60869565216
2017-10-17,395334.7826086957
2017-10-18,395061.95652173914
2017-10-19,394789.1304347826
2017-10-20,394516.3043478261
2017-10-21,394243.47826086957
2017-10-22,393970.652173913
2017-10-23,393697.82608695654
2017-10-24,393425.0
2017-10-25,393152.17391304346
2017-10-26,392879.347826087
2017-10-27,392606.52173913043
2017-10-28,392333.6956521739
2017-10-29,392060.8695652174
2017-10-30,391788.04347826086
2017-10-31,391515.2173913043
2017-11-01,391242.39130434784
2017-11-02,390969.5652173913
2017-11-03,390696.73913043475
2017-11-04,390423.9130434783
2017-11-05,390151.0869565217
2017-11-06,389878.2608695652
2017-11-07,389605.4347826087
2017-11-08,389332.60869565216
2017-11-09,389059.7826086957
2017-11-10,388786.95652173914
2017-11-11,388514.1304347826
2017-11-12,388241.3043478261
2017-11-13,387968.47826086957
2017-11-14,387695.652173913
2017-11-15,387422.82608695654
2017-11-16,387150.0
2017-11-17,386877.17391304346
2017-11-18,386604.347826087
2017-11-19,386331.52173913043
2017-11-20,386058.6956521739
2017-11-21,385785.8695652174
2017-11-22,385513.04347826086
2017-11-23,385240.2173913043
2017-11-24,384967.39130434784
2017-11-25,384694.5652173913
2017-11-26,384421.73913043475
2017-11-27,384148.9130434783
2017-11-28,383876.0869565217
2017-11-29,383603.2608695652
2017-11-30,383330.4347826087
2017-12-01,383057.60869565216
2017-12-02,382784.7826086957
2017-12-03,382511.95652173914
2017-12-04,382239.1304347826
2017-12-05,381966.3043478261
2017-12-06,381693.47826086957
2017-12-07,381420.652173913
2017-12-08,381147.82608695654
2017-12-09,380875.0
2017-12-10,380602.17391304346
2017-12-11,380329.347826087
2017-12-12,380056.52173913043
2017-12-13,379783.6956521739
2017-12-14,379510.8695652174
2017-12-15,379238.04347826086
2017-12-16,378965.2173913043
2017-12-17,378692.39130434784
2017-12-18,378419.5652173913
2017-12-19,378146.73913043475
2017-12-20,377873.9130434783
2017-12-21,377601.0869565217
2017-12-22,377328.2608695652
2017-12-23,377055.4347826087
2017-12-24,376782.60869565216
2017-12-25,376509.7826086957
2017-12-26,376236.95652173914
2017-12-27,375964.1304347826
2017-12-28,375691.3043478261
2017-12-29,375418.47826086957
2017-12-30,375145.652173913
2017-12-31,374872.82608695654
2018-01-01,374600.0
2018-01-02,374642.22222222225
2018-01-03,374684.44444444444
2018-01-04,374726.6666666667
2018-01-05,374768.8888888889
2018-01-06,374811.1111111111
2018-01-07,374853.3333333333
2018-01-08,374895.55555555556
2018-01-09,374937.77777777775
2018-01-10,374980.0
2018-01-11,375022.22222222225
2018-01-12,375064.44444444444
2018-01-13,375106.6666666667
2018-01-14,375148.8888888889
2018-01-15,375191.1111111111
2018-01-16,375233.3333333333
2018-01-17,375275.55555555556
2018-01-18,375317.77777777775
2018-01-19,375360.0
2018-01-20,375402.22222222225
2018-01-21,375444.44444444444
2018-01-22,375486.6666666667
2018-01-23,375528.8888888889
2018-01-24,375571.1111111111
2018-01-25,375613.3333333333
2018-01-26,375655.55555555556
2018-01-27,375697.77777777775
2018-01-28,375740.0
2018-01-29,375782.22222222225
2018-01-30,375824.44444444444
2018-01-31,375866.6666666667
2018-02-01,375908.8888888889
2018-02-02,375951.1111111111
2018-02-03,375993.3333333333
2018-02-04,376035.55555555556
2018-02-05,376077.77777777775
2018-02-06,376120.0
2018-02-07,376162.22222222225
2018-02-08,376204.44444444444
2018-02-09,376246.6666666667
2018-02-10,376288.8888888889
2018-02-11,376331.1111111111
2018-02-12,376373.3333333333
2018-02-13,376415.55555555556
2018-02-14,376457.77777777775
2018-02-15,376500.0
2018-02-16,376542.22222222225
2018-02-17,376584.44444444444
2018-02-18,376626.6666666667
2018-02-19,376668.8888888889
2018-02-20,376711.1111111111
2018-02-21,376753.3333333333
2018-02-22,376795.55555555556
2018-02-23,376837.77777777775
2018-02-24,376880.0
2018-02-25,376922.22222222225
2018-02-26,376964.44444444444
2018-02-27,377006.6666666667
2018-02-28,377048.8888888889
2018-03-01,377091.1111111111
2018-03-02,377133.3333333333
2018-03-03,377175.55555555556
2018-03-04,377217.77777777775
2018-03-05,377260.0
2018-03-06,377302.22222222225
2018-03-07,377344.44444444444
2018-03-08,377386.6666666667
2018-03-09,377428.8888888889
2018-03-10,377471.1111111111
2018-03-11,377513.3333333333
2018-03-12,377555.55555555556
2018-03-13,377597.77777777775
2018-03-14,377640.0
2018-03-15,377682.22222222225
2018-03-16,377724.44444444444
2018-03-17,377766.6666666667
2018-03-18,377808.8888888889
2018-03-19,377851.1111111111
2018-03-20,377893.3333333333
2018-03-21,377935.55555555556
2018-03-22,377977.77777777775
2018-03-23,378020.0
2018-03-24,378062.22222222225
2018-03-25,378104.44444444444
2018-03-26,378146.6666666667
2018-03-27,378188.8888888889
2018-03-28,378231.1111111111
2018-03-29,378273.3333333333
2018-03-30,378315.55555555556
2018-03-31,378357.77777777775
2018-04-01,378400.0
2018-04-02,378559.34065934067
2018-04-03,378718.68131868134
2018-04-04,378878.021978022
2018-04-05,379037.3626373626
2018-04-06,379196.7032967033
2018-04-07,379356.04395604396
2018-04-08,379515.3846153846
2018-04-09,379674.7252747253
2018-04-10,379834.06593406596
2018-04-11,379993.4065934066
2018-04-12,380152.74725274724
2018-04-13,380312.0879120879
2018-04-14,380471.4285714286
2018-04-15,380630.76923076925
2018-04-16,380790.1098901099
2018-04-17,380949.4505494505
2018-04-18,381108.7912087912
2018-04-19,381268.13186813187
2018-04-20,381427.47252747254
2018-04-21,381586.8131868132
2018-04-22,381746.1538461539
2018-04-23,381905.4945054945
2018-04-24,382064.83516483515
2018-04-25,382224.1758241758
2018-04-26,382383.5164835165
2018-04-27,382542.85714285716
2018-04-28,382702.1978021978
2018-04-29,382861.53846153844
2018-04-30,383020.8791208791
2018-05-01,383180.2197802198
2018-05-02,383339.56043956045
2018-05-03,383498.9010989011
2018-05-04,383658.2417582418
2018-05-05,383817.5824175824
2018-05-06,383976.92307692306
2018-05-07,384136.26373626373
2018-05-08,384295.6043956044
2018-05-09,384454.94505494507
2018-05-10,384614.28571428574
2018-05-11,384773.62637362635
2018-05-12,384932.967032967
2018-05-13,385092.3076923077
2018-05-14,385251.64835164836
2018-05-15,385410.989010989
2018-05-16,385570.3296703297
2018-05-17,385729.6703296703
2018-05-18,385889.010989011
2018-05-19,386048.35164835164
2018-05-20,386207.6923076923
2018-05-21,386367.032967033
2018-05-22,386526.37362637365
2018-05-23,386685.71428571426
2018-05-24,386845.05494505493
2018-05-25,387004.3956043956
2018-05-26,387163.73626373627
2018-05-27,387323.07692307694
2018-05-28,387482.4175824176
2018-05-29,387641.7582417582
2018-05-30,387801.0989010989
2018-05-31,387960.43956043955
2018-06-01,388119.7802197802
2018-06-02,388279.1208791209
2018-06-03,388438.46153846156
2018-06-04,388597.8021978022
2018-06-05,388757.14285714284
2018-06-06,388916.4835164835
2018-06-07,389075.8241758242
2018-06-08,389235.16483516485
2018-06-09,389394.5054945055
2018-06-10,389553.8461538461
2018-06-11,389713.1868131868
2018-06-12,389872.52747252746
2018-06-13,390031.86813186813
2018-06-14,390191.2087912088
2018-06-15,390350.5494505495
2018-06-16,390509.8901098901
2018-06-17,390669.23076923075
2018-06-18,390828.5714285714
2018-06-19,390987.9120879121
2018-06-20,391147.25274725276
2018-06-21,391306.5934065934
2018-06-22,391465.93406593404
2018-06-23,391625.2747252747
2018-06-24,391784.6153846154
2018-06-25,391943.95604395604
2018-06-26,392103.2967032967
2018-06-27,392262.6373626374
2018-06-28,392421.978021978
2018-06-29,392581.31868131866
2018-06-30,392740.65934065933
2018-07-01,392900.0
2018-07-02,392803.26086956525
2018-07-03,392706.52173913043
2018-07-04,392609.7826086957
2018-07-05,392513.04347826086
2018-07-06,392416.3043478261
2018-07-07,392319.5652173913
2018-07-08,392222.82608695654
2018-07-09,392126.0869565217
2018-07-10,392029.347826087
2018-07-11,391932.60869565216
2018-07-12,391835.8695652174
2018-07-13,391739.1304347826
2018-07-14,391642.39130434784
2018-07-15,391545.652173913
2018-07-16,391448.9130434783
2018-07-17,391352.17391304346
2018-07-18,391255.4347826087
2018-07-19,391158.6956521739
2018-07-20,391061.95652173914
2018-07-21,390965.2173913043
2018-07-22,390868.47826086957
2018-07-23,390771.73913043475
2018-07-24,390675.0
2018-07-25,390578.26086956525
2018-07-26,390481.52173913043
2018-07-27,390384.7826086957
2018-07-28,390288.04347826086
2018-07-29,390191.3043478261
2018-07-30,390094.5652173913
2018-07-31,389997.82608695654
2018-08-01,389901.0869565217
2018-08-02,389804.347826087
2018-08-03,389707.60869565216
2018-08-04,389610.8695652174
2018-08-05,389514.1304347826
2018-08-06,389417.39130434784
2018-08-07,389320.652173913
2018-08-08,389223.9130434783
2018-08-09,389127.17391304346
2018-08-10,389030.4347826087
2018-08-11,388933.6956521739
2018-08-12,388836.95652173914
2018-08-13,388740.2173913043
2018-08-14,388643.47826086957
2018-08-15,388546.73913043475
2018-08-16,388450.0
2018-08-17,388353.26086956525
2018-08-18,388256.52173913043
2018-08-19,388159.7826086957
2018-08-20,388063.04347826086
2018-08-21,387966.3043478261
2018-08-22,387869.5652173913
2018-08-23,387772.82608695654
2018-08-24,387676.0869565217
2018-08-25,387579.347826087
2018-08-26,387482.60869565216
2018-08-27,387385.8695652174
2018-08-28,387289.1304347826
2018-08-29,387192.39130434784
2018-08-30,387095.652173913
2018-08-31,386998.9130434783
2018-09-01,386902.17391304346
2018-09-02,386805.4347826087
2018-09-03,386708.6956521739
2018-09-04,386611.95652173914
2018-09-05,386515.2173913043
2018-09-06,386418.47826086957
2018-09-07,386321.73913043475
2018-09-08,386225.0
2018-09-09,386128.26086956525
2018-09-10,386031.52173913043
2018-09-11,385934.7826086957
2018-09-12,385838.04347826086
2018-09-13,385741.3043478261
2018-09-14,385644.5652173913
2018-09-15,385547.82608695654
2018-09-16,385451.0869565217
2018-09-17,385354.347826087
2018-09-18,385257.60869565216
2018-09-19,385160.8695652174
2018-09-20,385064.1304347826
2018-09-21,384967.39130434784
2018-09-22,384870.652173913
2018-09-23,384773.9130434783
2018-09-24,384677.17391304346
2018-09-25,384580.4347826087
2018-09-26,384483.6956521739
2018-09-27,384386.95652173914
2018-09-28,384290.2173913043
2018-09-29,384193.47826086957
2018-09-30,384096.73913043475
2018-10-01,384000.0
2018-10-02,383907.60869565216
2018-10-03,383815.2173913043
2018-10-04,383722.82608695654
2018-10-05,383630.4347826087
2018-10-06,383538.04347826086
2018-10-07,383445.652173913
2018-10-08,383353.26086956525
2018-10-09,383260.8695652174
2018-10-10,383168.47826086957
2018-10-11,383076.0869565217
2018-10-12,382983.6956521739
2018-10-13,382891.3043478261
2018-10-14,382798.9130434783
2018-10-15,382706.52173913043
2018-10-16,382614.1304347826
2018-10-17,382521.73913043475
2018-10-18,382429.347826087
2018-10-19,382336.95652173914
2018-10-20,382244.5652173913
2018-10-21,382152.17391304346
2018-10-22,382059.7826086957
2018-10-23,381967.39130434784
2018-10-24,381875.0
2018-10-25,381782.60869565216
2018-10-26,381690.2173913043
2018-10-27,381597.82608695654
2018-10-28,381505.4347826087
2018-10-29,381413.04347826086
2018-10-30,381320.652173913
2018-10-31,381228.26086956525
2018-11-01,381135.8695652174
2018-11-02,381043.47826086957
2018-11-03,380951.0869565217
2018-11-04,380858.6956521739
2018-11-05,380766.3043478261
2018-11-06,380673.9130434783
2018-11-07,380581.52173913043
2018-11-08,380489.1304347826
2018-11-09,380396.73913043475
2018-11-10,380304.347826087
2018-11-11,380211.95652173914
2018-11-12,380119.5652173913
2018-11-13,380027.17391304346
2018-11-14,379934.7826086957
2018-11-15,379842.39130434784
2018-11-16,379750.0
2018-11-17,379657.60869565216
2018-11-18,379565.2173913043
2018-11-19,379472.82608695654
2018-11-20,379380.4347826087
2018-11-21,379288.04347826086
2018-11-22,379195.652173913
2018-11-23,379103.26086956525
2018-11-24,379010.8695652174
2018-11-25,378918.47826086957
2018-11-26,378826.0869565217
2018-11-27,378733.6956521739
2018-11-28,378641.3043478261
2018-11-29,378548.9130434783
2018-11-30,378456.52173913043
2018-12-01,378364.1304347826
2018-12-02,378271.73913043475
2018-12-03,378179.347826087
2018-12-04,378086.95652173914
2018-12-05,377994.5652173913
2018-12-06,377902.17391304346
2018-12-07,377809.7826086957
2018-12-08,377717.39130434784
2018-12-09,377625.0
2018-12-10,377532.60869565216
2018-12-11,377440.2173913043
2018-12-12,377347.82608695654
2018-12-13,377255.4347826087
2018-12-14,377163.04347826086
2018-12-15,377070.652173913
2018-12-16,376978.26086956525
2018-12-17,376885.8695652174
2018-12-18,376793.47826086957
2018-12-19,376701.0869565217
2018-12-20,376608.6956521739
2018-12-21,376516.3043478261
2018-12-22,376423.9130434783
2018-12-23,376331.52173913043
2018-12-24,376239.1304347826
2018-12-25,376146.73913043475
2018-12-26,376054.347826087
2018-12-27,375961.95652173914
2018-12-28,375869.5652173913
2018-12-29,375777.17391304346
2018-12-30,375684.7826086957
2018-12-31,375592.39130434784
2019-01-01,375500.0
2019-01-02,375513.3333333333
2019-01-03,375526.6666666667
2019-01-04,375540.0
2019-01-05,375553.3333333333
2019-01-06,375566.6666666667
2019-01-07,375580.0
2019-01-08,375593.3333333333
2019-01-09,375606.6666666667
2019-01-10,375620.0
2019-01-11,375633.3333333333
2019-01-12,375646.6666666667
2019-01-13,375660.0
2019-01-14,375673.3333333333
2019-01-15,375686.6666666667
2019-01-16,375700.0
2019-01-17,375713.3333333333
2019-01-18,375726.6666666667
2019-01-19,375740.0
2019-01-20,375753.3333333333
2019-01-21,375766.6666666667
2019-01-22,375780.0
2019-01-23,375793.3333333333
2019-01-24,375806.6666666667
2019-01-25,375820.0
2019-01-26,375833.3333333333
2019-01-27,375846.6666666667
2019-01-28,375860.0
2019-01-29,375873.3333333333
2019-01-30,375886.6666666667
2019-01-31,375900.0
2019-02-01,375913.3333333333
2019-02-02,375926.6666666667
2019-02-03,375940.0
2019-02-04,375953.3333333333
2019-02-05,375966.6666666667
2019-02-06,375980.0
2019-02-07,375993.3333333333
2019-02-08,376006.6666666667
2019-02-09,376020.0
2019-02-10,376033.3333333333
2019-02-11,376046.6666666667
2019-02-12,376060.0
2019-02-13,376073.3333333333
2019-02-14,376086.6666666667
2019-02-15,376100.0
2019-02-16,376113.3333333333
2019-02-17,376126.6666666667
2019-02-18,376140.0
2019-02-19,376153.3333333333
2019-02-20,376166.6666666667
2019-02-21,376180.0
2019-02-22,376193.3333333333
2019-02-23,376206.6666666667
2019-02-24,376220.0
2019-02-25,376233.3333333333
2019-02-26,376246.6666666667
2019-02-27,376260.0
2019-02-28,376273.3333333333
2019-03-01,376286.6666666667
2019-03-02,376300.0
2019-03-03,376313.3333333333
2019-03-04,376326.6666666667
2019-03-05,376340.0
2019-03-06,376353.3333333333
2019-03-07,376366.6666666667
2019-03-08,376380.0
2019-03-09,376393.3333333333
2019-03-10,376406.6666666667
2019-03-11,376420.0
2019-03-12,376433.3333333333
2019-03-13,376446.6666666667
2019-03-14,376460.0
2019-03-15,376473.3333333333
2019-03-16,376486.6666666667
2019-03-17,376500.0
2019-03-18,376513.3333333333
2019-03-19,376526.6666666667
2019-03-20,376540.0
2019-03-21,376553.3333333333
2019-03-22,376566.6666666667
2019-03-23,376580.0
2019-03-24,376593.3333333333
2019-03-25,376606.6666666667
2019-03-26,376620.0
2019-03-27,376633.3333333333
2019-03-28,376646.6666666667
2019-03-29,376660.0
2019-03-30,376673.3333333333
2019-03-31,376686.6666666667
2019-04-01,376700.0
2019-04-02,376765.93406593404
2019-04-03,376831.86813186813
2019-04-04,376897.8021978022
2019-04-05,376963.73626373627
2019-04-06,377029.6703296703
2019-04-07,377095.6043956044
2019-04-08,377161.53846153844
2019-04-09,377227.47252747254
2019-04-10,377293.4065934066
2019-04-11,377359.34065934067
2019-04-12,377425.2747252747
2019-04-13,377491.2087912088
2019-04-14,377557.14285714284
2019-04-15,377623.07692307694
2019-04-16,377689.010989011
2019-04-17,377754.94505494507
2019-04-18,377820.8791208791
2019-04-19,377886.8131868132
2019-04-20,377952.74725274724
2019-04-21,378018.68131868134
2019-04-22,378084.6153846154
2019-04-23,378150.5494505495
2019-04-24,378216.4835164835
2019-04-25,378282.4175824176
2019-04-26,378348.35164835164
2019-04-27,378414.28571428574
2019-04-28,378480.2197802198
2019-04-29,378546.1538461539
2019-04-30,378612.0879120879
2019-05-01,378678.02197802195
2019-05-02,378743.95604395604
2019-05-03,378809.8901098901
2019-05-04,378875.8241758242
2019-05-05,378941.7582417582
2019-05-06,379007.6923076923
2019-05-07,379073.62637362635
2019-05-08,379139.56043956045
2019-05-09,379205.4945054945
2019-05-10,379271.4285714286
2019-05-11,379337.3626373626
2019-05-12,379403.2967032967
2019-05-13,379469.23076923075
2019-05-14,379535.16483516485
2019-05-15,379601.0989010989
2019-05-16,379667.032967033
2019-05-17,379732.967032967
2019-05-18,379798.9010989011
2019-05-19,379864.83516483515
2019-05-20,379930.76923076925
2019-05-21,379996.7032967033
2019-05-22,380062.6373626374
2019-05-23,380128.5714285714
2019-05-24,380194.5054945055
2019-05-25,380260.43956043955
2019-05-26,380326.37362637365
2019-05-27,380392.3076923077
2019-05-28,380458.2417582418
2019-05-29,380524.1758241758
2019-05-30,380590.1098901099
2019-05-31,380656.04395604396
2019-06-01,380721.978021978
2019-06-02,380787.9120879121
2019-06-03,380853.8461538461
2019-06-04,380919.7802197802
2019-06-05,380985.71428571426
2019-06-06,381051.64835164836
2019-06-07,381117.5824175824
2019-06-08,381183.5164835165
2019-06-09,381249.4505494505
2019-06-10,381315.3846153846
2019-06-11,381381.31868131866
2019-06-12,381447.25274725276
2019-06-13,381513.1868131868
2019-06-14,381579.1208791209
2019-06-15,381645.05494505493
2019-06-16,381710.989010989
2019-06-17,381776.92307692306
2019-06-18,381842.85714285716
2019-06-19,381908.7912087912
2019-06-20,381974.7252747253
2019-06-21,382040.65934065933
2019-06-22,382106.5934065934
2019-06-23,382172.52747252746
2019-06-24,382238.46153846156
2019-06-25,382304.3956043956
2019-06-26,382370.3296703297
2019-06-27,382436.26373626373
2019-06-28,382502.1978021978
2019-06-29,382568.13186813187
2019-06-30,382634.06593406596
2019-07-01,382700.0
2019-07-02,382695.652173913
2019-07-03,382691.3043478261
2019-07-04,382686.95652173914
2019-07-05,382682.60869565216
2019-07-06,382678.26086956525
2019-07-07,382673.9130434783
2019-07-08,382669.5652173913
2019-07-09,382665.2173913043
2019-07-10,382660.8695652174
2019-07-11,382656.52173913043
2019-07-12,382652.17391304346
2019-07-13,382647.82608695654
2019-07-14,382643.47826086957
2019-07-15,382639.1304347826
2019-07-16,382634.7826086957
2019-07-17,382630.4347826087
2019-07-18,382626.0869565217
2019-07-19,382621.73913043475
2019-07-20,382617.39130434784
2019-07-21,382613.04347826086
2019-07-22,382608.6956521739
2019-07-23,382604.347826087
2019-07-24,382600.0
2019-07-25,382595.652173913
2019-07-26,382591.3043478261
2019-07-27,382586.95652173914
2019-07-28,382582.60869565216
2019-07-29,382578.26086956525
2019-07-30,382573.9130434783
2019-07-31,382569.5652173913
2019-08-01,382565.2173913043
2019-08-02,382560.8695652174
2019-08-03,382556.52173913043
2019-08-04,382552.17391304346
2019-08-05,382547.82608695654
2019-08-06,382543.47826086957
2019-08-07,382539.1304347826
2019-08-08,382534.7826086957
2019-08-09,382530.4347826087
2019-08-10,382526.0869565217
2019-08-11,382521.73913043475
2019-08-12,382517.39130434784
2019-08-13,382513.04347826086
2019-08-14,382508.6956521739
2019-08-15,382504.347826087
2019-08-16,382500.0
2019-08-17,382495.652173913
2019-08-18,382491.3043478261
2019-08-19,382486.95652173914
2019-08-20,382482.60869565216
2019-08-21,382478.26086956525
2019-08-22,382473.9130434783
2019-08-23,382469.5652173913
2019-08-24,382465.2173913043
2019-08-25,382460.8695652174
2019-08-26,382456.52173913043
2019-08-27,382452.17391304346
2019-08-28,382447.82608695654
2019-08-29,382443.47826086957
2019-08-30,382439.1304347826
2019-08-31,382434.7826086957
2019-09-01,382430.4347826087
2019-09-02,382426.0869565217
2019-09-03,382421.73913043475
2019-09-04,382417.39130434784
2019-09-05,382413.04347826086
2019-09-06,382408.6956521739
2019-09-07,382404.347826087
2019-09-08,382400.0
2019-09-09,382395.652173913
2019-09-10,382391.3043478261
2019-09-11,382386.95652173914
2019-09-12,382382.60869565216
2019-09-13,382378.26086956525
2019-09-14,382373.9130434783
2019-09-15,382369.5652173913
2019-09-16,382365.2173913043
2019-09-17,382360.8695652174
2019-09-18,382356.52173913043
2019-09-19,382352.17391304346
2019-09-20,382347.82608695654
2019-09-21,382343.47826086957
2019-09-22,382339.1304347826
2019-09-23,382334.7826086957
2019-09-24,382330.4347826087
2019-09-25,382326.0869565217
2019-09-26,382321.73913043475
2019-09-27,382317.39130434784
2019-09-28,382313.04347826086
2019-09-29,382308.6956521739
2019-09-30,382304.347826087
2019-10-01,382300.0
2019-10-02,382300.0
2019-10-03,382300.0
2019-10-04,382300.0
2019-10-05,382300.0
2019-10-06,382300.0
2019-10-07,382300.0
2019-10-08,382300.0
2019-10-09,382300.0
2019-10-10,382300.0
2019-10-11,382300.0
2019-10-12,382300.0
2019-10-13,382300.0
2019-10-14,382300.0
2019-10-15,382300.0
2019-10-16,382300.0
2019-10-17,382300.0
2019-10-18,382300.0
2019-10-19,382300.0
2019-10-20,382300.0
2019-10-21,382300.0
2019-10-22,382300.0
2019-10-23,382300.0
2019-10-24,382300.0
2019-10-25,382300.0
2019-10-26,382300.0
2019-10-27,382300.0
2019-10-28,382300.0
2019-10-29,382300.0
2019-10-30,382300.0
2019-10-31,382300.0
2019-11-01,382300.0
2019-11-02,382300.0
2019-11-03,382300.0
2019-11-04,382300.0
2019-11-05,382300.0
2019-11-06,382300.0
2019-11-07,382300.0
2019-11-08,382300.0
2019-11-09,382300.0
2019-11-10,382300.0
2019-11-11,382300.0
2019-11-12,382300.0
2019-11-13,382300.0
2019-11-14,382300.0
2019-11-15,382300.0
2019-11-16,382300.0
2019-11-17,382300.0
2019-11-18,382300.0
2019-11-19,382300.0
2019-11-20,382300.0
2019-11-21,382300.0
2019-11-22,382300.0
2019-11-23,382300.0
2019-11-24,382300.0
2019-11-25,382300.0
2019-11-26,382300.0
2019-11-27,382300.0
2019-11-28,382300.0
2019-11-29,382300.0
2019-11-30,382300.0
2019-12-01,382300.0
2019-12-02,382300.0
2019-12-03,382300.0
2019-12-04,382300.0
2019-12-05,382300.0
2019-12-06,382300.0
2019-12-07,382300.0
2019-12-08,382300.0
2019-12-09,382300.0
2019-12-10,382300.0
2019-12-11,382300.0
2019-12-12,382300.0
2019-12-13,382300.0
2019-12-14,382300.0
2019-12-15,382300.0
2019-12-16,382300.0
2019-12-17,382300.0
2019-12-18,382300.0
2019-12-19,382300.0
2019-12-20,382300.0
2019-12-21,382300.0
2019-12-22,382300.0
2019-12-23,382300.0
2019-12-24,382300.0
2019-12-25,382300.0
2019-12-26,382300.0
2019-12-27,382300.0
2019-12-28,382300.0
2019-12-29,382300.0
2019-12-30,382300.0
2019-12-31,382300.0
2020-01-01,382300.0
2020-01-02,382300.0
2020-01-03,382300.0
2020-01-04,382300.0
2020-01-05,382300.0
2020-01-06,382300.0
2020-01-07,382300.0
2020-01-08,382300.0
2020-01-09,382300.0
2020-01-10,382300.0
2020-01-11,382300.0
2020-01-12,382300.0
2020-01-13,382300.0
2020-01-14,382300.0
2020-01-15,382300.0
2020-01-16,382300.0
2020-01-17,382300.0
2020-01-18,382300.0
2020-01-19,382300.0
2020-01-20,382300.0
2020-01-21,382300.0
2020-01-22,382300.0
2020-01-23,382300.0
2020-01-24,382300.0
2020-01-25,382300.0
2020-01-26,382300.0
2020-01-27,382300.0
2020-01-28,382300.0
2020-01-29,382300.0
2020-01-30,382300.0
2020-01-31,382300.0
2020-02-01,382300.0
2020-02-02,382300.0
2020-02-03,382300.0
2020-02-04,382300.0
2020-02-05,382300.0
2020-02-06,382300.0
2020-02-07,382300.0
2020-02-08,382300.0
2020-02-09,382300.0
2020-02-10,382300.0
2020-02-11,382300.0
2020-02-12,382300.0
2020-02-13,382300.0
2020-02-14,382300.0
2020-02-15,382300.0
2020-02-16,382300.0
2020-02-17,382300.0
2020-02-18,382300.0
2020-02-19,382300.0
2020-02-20,382300.0
2020-02-21,382300.0
2020-02-22,382300.0
2020-02-23,382300.0
2020-02-24,382300.0
2020-02-25,382300.0
2020-02-26,382300.0
2020-02-27,382300.0
2020-02-28,382300.0
2020-02-29,382300.0
2020-03-01,382300.0
2020-03-02,382300.0
2020-03-03,382300.0
2020-03-04,382300.0
2020-03-05,382300.0
2020-03-06,382300.0
2020-03-07,382300.0
2020-03-08,382300.0
2020-03-09,382300.0
2020-03-10,382300.0
2020-03-11,382300.0
2020-03-12,382300.0
2020-03-13,382300.0
2020-03-14,382300.0
2020-03-15,382300.0
2020-03-16,382300.0
2020-03-17,382300.0
2020-03-18,382300.0
2020-03-19,382300.0
2020-03-20,382300.0
2020-03-21,382300.0
2020-03-22,382300.0
2020-03-23,382300.0
2020-03-24,382300.0
2020-03-25,382300.0
2020-03-26,382300.0
2020-03-27,382300.0
2020-03-28,382300.0
2020-03-29,382300.0
2020-03-30,382300.0
2020-03-31,382300.0
2020-04-01,382300.0
2020-04-02,382300.0
2020-04-03,382300.0
2020-04-04,382300.0
2020-04-05,382300.0
2020-04-06,382300.0
2020-04-07,382300.0
2020-04-08,382300.0
2020-04-09,382300.0
2020-04-10,382300.0
2020-04-11,382300.0
2020-04-12,382300.0
2020-04-13,382300.0
2020-04-14,382300.0
2020-04-15,382300.0
