Date,Return on Equity
2013-04-01,42.0
2013-04-02,17.0
2013-04-03,17.0
2013-04-04,26.0
2013-04-05,18.0
2013-04-06,11.0
2013-04-07,21.0
2013-04-08,33.0
2013-04-09,42.0
2013-04-10,100.0
2013-04-11,51.0
2013-04-12,9.0
2013-04-13,21.0
2013-04-14,42.0
2013-04-15,32.0
2013-04-16,25.0
2013-04-17,58.0
2013-04-18,41.0
2013-04-19,26.0
2013-04-20,73.0
2013-04-21,21.0
2013-04-22,85.0
2013-04-23,33.0
2013-04-24,42.0
2013-04-25,87.0
2013-04-26,54.0
2013-04-27,54.0
2013-04-28,53.0
2013-04-29,49.0
2013-04-30,42.0
2013-05-01,43.92
2013-05-02,35.38
2013-05-03,18.3
2013-05-04,22.57
2013-05-05,33.55
2013-05-06,44.53
2013-05-07,43.31
2013-05-08,61.0
2013-05-09,43.92
2013-05-10,46.97
2013-05-11,22.57
2013-05-12,11.59
2013-05-13,17.69
2013-05-14,8.54
2013-05-15,17.69
2013-05-16,26.84
2013-05-17,28.06
2013-05-18,11.59
2013-05-19,10.98
2013-05-20,53.07
2013-05-21,26.23
2013-05-22,53.07
2013-05-23,26.84
2013-05-24,28.06
2013-05-25,23.18
2013-05-26,12.2
2013-05-27,32.33
2013-05-28,26.23
2013-05-29,8.54
2013-05-30,17.69
2013-05-31,28.669999999999998
2013-06-01,10.5
2013-06-02,21.0
2013-06-03,8.4
2013-06-04,16.8
2013-06-05,34.019999999999996
2013-06-06,16.8
2013-06-07,25.619999999999997
2013-06-08,21.419999999999998
2013-06-09,10.5
2013-06-10,33.18
2013-06-11,16.38
2013-06-12,25.2
2013-06-13,25.619999999999997
2013-06-14,26.88
2013-06-15,10.92
2013-06-16,21.84
2013-06-17,34.019999999999996
2013-06-18,16.8
2013-06-19,16.38
2013-06-20,17.22
2013-06-21,0.0
2013-06-22,10.5
2013-06-23,0.0
2013-06-24,17.22
2013-06-25,42.0
2013-06-26,8.4
2013-06-27,25.2
2013-06-28,8.82
2013-06-29,0.0
2013-06-30,10.92
2013-07-01,8.4
2013-07-02,12.4
2013-07-03,12.8
2013-07-04,15.600000000000001
2013-07-05,9.600000000000001
2013-07-06,10.4
2013-07-07,15.600000000000001
2013-07-08,16.400000000000002
2013-07-09,28.400000000000002
2013-07-10,8.0
2013-07-11,20.8
2013-07-12,16.8
2013-07-13,15.200000000000001
2013-07-14,14.8
2013-07-15,20.400000000000002
2013-07-16,12.0
2013-07-17,16.0
2013-07-18,16.8
2013-07-19,17.2
2013-07-20,10.0
2013-07-21,20.8
2013-07-22,40.0
2013-07-23,28.400000000000002
2013-07-24,12.4
2013-07-25,8.4
2013-07-26,8.8
2013-07-27,25.6
2013-07-28,25.6
2013-07-29,20.0
2013-07-30,20.400000000000002
2013-07-31,20.400000000000002
2013-08-01,7.5
2013-08-02,15.6
2013-08-03,0.0
2013-08-04,14.1
2013-08-05,22.8
2013-08-06,0.0
2013-08-07,15.0
2013-08-08,15.0
2013-08-09,23.099999999999998
2013-08-10,0.0
2013-08-11,0.0
2013-08-12,30.0
2013-08-13,7.5
2013-08-14,26.4
2013-08-15,7.8
2013-08-16,0.0
2013-08-17,9.299999999999999
2013-08-18,13.799999999999999
2013-08-19,30.0
2013-08-20,11.1
2013-08-21,7.5
2013-08-22,15.0
2013-08-23,7.8
2013-08-24,0.0
2013-08-25,18.3
2013-08-26,14.399999999999999
2013-08-27,18.0
2013-08-28,21.9
2013-08-29,11.1
2013-08-30,19.2
2013-08-31,18.0
2013-09-01,29.240000000000002
2013-09-02,26.520000000000003
2013-09-03,30.6
2013-09-04,7.48
2013-09-05,14.96
2013-09-06,8.16
2013-09-07,9.520000000000001
2013-09-08,8.84
2013-09-09,30.6
2013-09-10,51.68000000000001
2013-09-11,14.96
2013-09-12,23.12
2013-09-13,0.0
2013-09-14,28.560000000000002
2013-09-15,17.68
2013-09-16,7.48
2013-09-17,22.44
2013-09-18,30.6
2013-09-19,68.0
2013-09-20,15.64
2013-09-21,19.040000000000003
2013-09-22,27.880000000000003
2013-09-23,45.56
2013-09-24,30.6
2013-09-25,46.24
2013-09-26,46.92
2013-09-27,16.32
2013-09-28,19.040000000000003
2013-09-29,47.6
2013-09-30,38.080000000000005
2013-10-01,37.52
2013-10-02,25.46
2013-10-03,57.620000000000005
2013-10-04,39.53
2013-10-05,32.160000000000004
2013-10-06,30.82
2013-10-07,44.220000000000006
2013-10-08,63.650000000000006
2013-10-09,44.89
2013-10-10,58.290000000000006
2013-10-11,34.17
2013-10-12,24.12
2013-10-13,32.160000000000004
2013-10-14,51.59
2013-10-15,50.92
2013-10-16,44.220000000000006
2013-10-17,19.43
2013-10-18,67.0
2013-10-19,48.24
2013-10-20,63.650000000000006
2013-10-21,50.25
2013-10-22,49.580000000000005
2013-10-23,38.190000000000005
2013-10-24,32.160000000000004
2013-10-25,66.33
2013-10-26,16.080000000000002
2013-10-27,38.86
2013-10-28,55.61000000000001
2013-10-29,49.580000000000005
2013-10-30,56.28
2013-10-31,26.130000000000003
2013-11-01,26.979999999999997
2013-11-02,0.0
2013-11-03,40.47
2013-11-04,16.33
2013-11-05,24.14
2013-11-06,24.14
2013-11-07,40.47
2013-11-08,17.04
2013-11-09,51.12
2013-11-10,29.82
2013-11-11,48.989999999999995
2013-11-12,31.95
2013-11-13,39.76
2013-11-14,56.8
2013-11-15,41.89
2013-11-16,9.94
2013-11-17,19.169999999999998
2013-11-18,71.0
2013-11-19,54.669999999999995
2013-11-20,47.57
2013-11-21,24.14
2013-11-22,33.37
2013-11-23,49.699999999999996
2013-11-24,19.88
2013-11-25,31.95
2013-11-26,24.14
2013-11-27,8.52
2013-11-28,10.649999999999999
2013-11-29,0.0
2013-11-30,19.88
2013-12-01,40.96
2013-12-02,42.88
2013-12-03,43.52
2013-12-04,44.800000000000004
2013-12-05,35.2
2013-12-06,36.480000000000004
2013-12-07,16.0
2013-12-08,35.2
2013-12-09,64.0
2013-12-10,56.96
2013-12-11,39.68
2013-12-12,43.52
2013-12-13,20.48
2013-12-14,16.0
2013-12-15,20.48
2013-12-16,30.080000000000002
2013-12-17,32.64
2013-12-18,33.28
2013-12-19,14.08
2013-12-20,7.04
2013-12-21,8.32
2013-12-22,8.96
2013-12-23,0.0
2013-12-24,8.32
2013-12-25,0.0
2013-12-26,7.68
2013-12-27,7.68
2013-12-28,0.0
2013-12-29,16.64
2013-12-30,7.04
2013-12-31,7.68
2014-01-01,0.0
2014-01-02,8.399999999999999
2014-01-03,8.049999999999999
2014-01-04,9.799999999999999
2014-01-05,0.0
2014-01-06,8.049999999999999
2014-01-07,3.8499999999999996
2014-01-08,8.049999999999999
2014-01-09,12.25
2014-01-10,12.25
2014-01-11,7.35
2014-01-12,4.8999999999999995
2014-01-13,7.699999999999999
2014-01-14,8.049999999999999
2014-01-15,8.049999999999999
2014-01-16,8.049999999999999
2014-01-17,10.149999999999999
2014-01-18,9.799999999999999
2014-01-19,17.15
2014-01-20,16.45
2014-01-21,35.0
2014-01-22,21.349999999999998
2014-01-23,11.899999999999999
2014-01-24,4.199999999999999
2014-01-25,4.8999999999999995
2014-01-26,16.799999999999997
2014-01-27,13.299999999999999
2014-01-28,7.699999999999999
2014-01-29,29.049999999999997
2014-01-30,14.0
2014-01-31,12.25
2014-02-01,10.88
2014-02-02,20.400000000000002
2014-02-03,68.0
2014-02-04,34.0
2014-02-05,34.68
2014-02-06,51.68000000000001
2014-02-07,31.28
2014-02-08,53.040000000000006
2014-02-09,21.080000000000002
2014-02-10,42.160000000000004
2014-02-11,42.160000000000004
2014-02-12,59.84
2014-02-13,43.52
2014-02-14,54.400000000000006
2014-02-15,21.76
2014-02-16,32.64
2014-02-17,36.04
2014-02-18,34.68
2014-02-19,43.52
2014-02-20,25.840000000000003
2014-02-21,17.68
2014-02-22,21.76
2014-02-23,42.84
2014-02-24,51.00000000000001
2014-02-25,59.160000000000004
2014-02-26,51.00000000000001
2014-02-27,61.2
2014-02-28,8.84
2014-03-01,16.82
2014-03-02,22.04
2014-03-03,52.199999999999996
2014-03-04,54.519999999999996
2014-03-05,41.18
2014-03-06,23.2
2014-03-07,57.99999999999999
2014-03-08,11.6
2014-03-09,39.44
2014-03-10,37.12
2014-03-11,46.4
2014-03-12,18.56
2014-03-13,37.699999999999996
2014-03-14,24.939999999999998
2014-03-15,34.8
2014-03-16,11.02
2014-03-17,27.839999999999996
2014-03-18,13.919999999999998
2014-03-19,23.2
2014-03-20,37.699999999999996
2014-03-21,14.499999999999998
2014-03-22,41.18
2014-03-23,28.419999999999998
2014-03-24,41.76
2014-03-25,31.9
2014-03-26,27.839999999999996
2014-03-27,42.339999999999996
2014-03-28,23.779999999999998
2014-03-29,16.82
2014-03-30,28.419999999999998
2014-03-31,51.04
2014-04-01,68.64
2014-04-02,69.52
2014-04-03,29.04
2014-04-04,72.16
2014-04-05,29.04
2014-04-06,14.08
2014-04-07,85.36
2014-04-08,74.8
2014-04-09,35.2
2014-04-10,42.24
2014-04-11,43.12
2014-04-12,45.76
2014-04-13,22.0
2014-04-14,51.92
2014-04-15,56.32
2014-04-16,70.4
2014-04-17,73.04
2014-04-18,39.6
2014-04-19,22.88
2014-04-20,31.68
2014-04-21,54.56
2014-04-22,69.52
2014-04-23,81.84
2014-04-24,82.72
2014-04-25,62.48
2014-04-26,22.88
2014-04-27,88.0
2014-04-28,63.36
2014-04-29,62.48
2014-04-30,74.8
2014-05-01,38.4
2014-05-02,49.199999999999996
2014-05-03,21.599999999999998
2014-05-04,21.599999999999998
2014-05-05,60.0
2014-05-06,51.0
2014-05-07,39.0
2014-05-08,43.8
2014-05-09,40.199999999999996
2014-05-10,10.799999999999999
2014-05-11,22.8
2014-05-12,30.0
2014-05-13,21.0
2014-05-14,25.8
2014-05-15,34.8
2014-05-16,22.2
2014-05-17,11.4
2014-05-18,28.2
2014-05-19,21.599999999999998
2014-05-20,18.0
2014-05-21,24.599999999999998
2014-05-22,24.599999999999998
2014-05-23,42.0
2014-05-24,13.2
2014-05-25,0.0
2014-05-26,37.199999999999996
2014-05-27,24.599999999999998
2014-05-28,19.2
2014-05-29,19.8
2014-05-30,15.6
2014-05-31,0.0
2014-06-01,24.509999999999998
2014-06-02,23.65
2014-06-03,23.22
2014-06-04,28.38
2014-06-05,28.38
2014-06-06,19.78
2014-06-07,12.04
2014-06-08,24.509999999999998
2014-06-09,18.919999999999998
2014-06-10,18.919999999999998
2014-06-11,28.38
2014-06-12,28.81
2014-06-13,24.94
2014-06-14,12.47
2014-06-15,38.269999999999996
2014-06-16,19.35
2014-06-17,18.919999999999998
2014-06-18,28.81
2014-06-19,38.269999999999996
2014-06-20,20.21
2014-06-21,12.47
2014-06-22,0.0
2014-06-23,0.0
2014-06-24,43.0
2014-06-25,28.81
2014-06-26,0.0
2014-06-27,30.099999999999998
2014-06-28,36.55
2014-06-29,24.509999999999998
2014-06-30,19.35
2014-07-01,41.0
2014-07-02,36.489999999999995
2014-07-03,18.86
2014-07-04,15.17
2014-07-05,16.81
2014-07-06,15.579999999999998
2014-07-07,35.669999999999995
2014-07-08,22.959999999999997
2014-07-09,35.26
2014-07-10,29.93
2014-07-11,30.749999999999996
2014-07-12,29.11
2014-07-13,29.11
2014-07-14,23.369999999999997
2014-07-15,17.22
2014-07-16,35.669999999999995
2014-07-17,12.299999999999999
2014-07-18,25.009999999999998
2014-07-19,0.0
2014-07-20,15.17
2014-07-21,23.779999999999998
2014-07-22,29.11
2014-07-23,36.08
2014-07-24,11.889999999999999
2014-07-25,24.599999999999998
2014-07-26,14.76
2014-07-27,0.0
2014-07-28,41.0
2014-07-29,23.369999999999997
2014-07-30,29.11
2014-07-31,23.779999999999998
2014-08-01,9.180000000000001
2014-08-02,22.1
2014-08-03,11.22
2014-08-04,17.68
2014-08-05,8.84
2014-08-06,13.260000000000002
2014-08-07,13.600000000000001
2014-08-08,23.8
2014-08-09,0.0
2014-08-10,0.0
2014-08-11,8.84
2014-08-12,12.58
2014-08-13,26.520000000000003
2014-08-14,26.860000000000003
2014-08-15,9.180000000000001
2014-08-16,10.88
2014-08-17,11.22
2014-08-18,17.68
2014-08-19,17.68
2014-08-20,30.6
2014-08-21,26.180000000000003
2014-08-22,26.860000000000003
2014-08-23,32.64
2014-08-24,16.32
2014-08-25,8.5
2014-08-26,34.0
2014-08-27,17.34
2014-08-28,21.76
2014-08-29,8.84
2014-08-30,32.980000000000004
2014-08-31,16.32
2014-09-01,24.0
2014-09-02,39.75
2014-09-03,20.25
2014-09-04,15.0
2014-09-05,21.0
2014-09-06,31.5
2014-09-07,24.75
2014-09-08,45.0
2014-09-09,28.5
2014-09-10,39.75
2014-09-11,54.75
2014-09-12,20.25
2014-09-13,37.5
2014-09-14,75.0
2014-09-15,34.5
2014-09-16,44.25
2014-09-17,39.75
2014-09-18,45.0
2014-09-19,36.75
2014-09-20,26.25
2014-09-21,44.25
2014-09-22,44.25
2014-09-23,49.5
2014-09-24,39.75
2014-09-25,36.0
2014-09-26,21.0
2014-09-27,66.0
2014-09-28,45.0
2014-09-29,49.5
2014-09-30,49.5
2014-10-01,26.979999999999997
2014-10-02,34.79
2014-10-03,19.88
2014-10-04,19.88
2014-10-05,39.76
2014-10-06,7.81
2014-10-07,22.72
2014-10-08,30.529999999999998
2014-10-09,23.43
2014-10-10,19.88
2014-10-11,14.91
2014-10-12,14.2
2014-10-13,31.24
2014-10-14,33.37
2014-10-15,71.0
2014-10-16,26.27
2014-10-17,7.81
2014-10-18,29.82
2014-10-19,24.849999999999998
2014-10-20,30.529999999999998
2014-10-21,29.82
2014-10-22,26.27
2014-10-23,22.72
2014-10-24,27.689999999999998
2014-10-25,9.94
2014-10-26,19.88
2014-10-27,29.82
2014-10-28,18.46
2014-10-29,41.18
2014-10-30,30.529999999999998
2014-10-31,24.849999999999998
2014-11-01,30.42
2014-11-02,36.660000000000004
2014-11-03,40.56
2014-11-04,50.7
2014-11-05,27.3
2014-11-06,50.7
2014-11-07,53.04
2014-11-08,43.68
2014-11-09,72.54
2014-11-10,56.940000000000005
2014-11-11,39.78
2014-11-12,28.080000000000002
2014-11-13,67.08
2014-11-14,23.400000000000002
2014-11-15,56.940000000000005
2014-11-16,28.080000000000002
2014-11-17,78.0
2014-11-18,72.54
2014-11-19,58.5
2014-11-20,45.24
2014-11-21,35.1
2014-11-22,21.060000000000002
2014-11-23,56.160000000000004
2014-11-24,61.620000000000005
2014-11-25,63.18
2014-11-26,30.42
2014-11-27,14.82
2014-11-28,42.120000000000005
2014-11-29,14.040000000000001
2014-11-30,35.1
2014-12-01,51.59
2014-12-02,34.17
2014-12-03,34.84
2014-12-04,61.64
2014-12-05,45.56
2014-12-06,22.110000000000003
2014-12-07,38.86
2014-12-08,52.93
2014-12-09,56.95
2014-12-10,67.0
2014-12-11,59.63
2014-12-12,28.14
2014-12-13,52.260000000000005
2014-12-14,34.84
2014-12-15,36.85
2014-12-16,27.470000000000002
2014-12-17,18.76
2014-12-18,19.43
2014-12-19,15.41
2014-12-20,12.06
2014-12-21,37.52
2014-12-22,20.77
2014-12-23,20.77
2014-12-24,12.06
2014-12-25,0.0
2014-12-26,23.450000000000003
2014-12-27,0.0
2014-12-28,0.0
2014-12-29,10.05
2014-12-30,10.05
2014-12-31,0.0
2015-01-01,18.9
2015-01-02,12.18
2015-01-03,8.82
2015-01-04,0.0
2015-01-05,10.92
2015-01-06,7.14
2015-01-07,21.419999999999998
2015-01-08,10.5
2015-01-09,21.419999999999998
2015-01-10,0.0
2015-01-11,17.22
2015-01-12,7.14
2015-01-13,13.86
2015-01-14,24.779999999999998
2015-01-15,17.64
2015-01-16,7.14
2015-01-17,13.44
2015-01-18,17.64
2015-01-19,11.34
2015-01-20,13.86
2015-01-21,21.0
2015-01-22,42.0
2015-01-23,14.28
2015-01-24,21.84
2015-01-25,22.259999999999998
2015-01-26,31.08
2015-01-27,27.72
2015-01-28,38.64
2015-01-29,17.22
2015-01-30,7.14
2015-01-31,29.82
2015-02-01,21.25
2015-02-02,22.099999999999998
2015-02-03,30.599999999999998
2015-02-04,34.85
2015-02-05,34.85
2015-02-06,49.3
2015-02-07,28.05
2015-02-08,38.25
2015-02-09,85.0
2015-02-10,43.35
2015-02-11,56.1
2015-02-12,21.25
2015-02-13,27.2
2015-02-14,16.15
2015-02-15,17.0
2015-02-16,56.1
2015-02-17,26.349999999999998
2015-02-18,26.349999999999998
2015-02-19,35.699999999999996
2015-02-20,32.3
2015-02-21,16.15
2015-02-22,33.15
2015-02-23,34.0
2015-02-24,51.85
2015-02-25,62.05
2015-02-26,30.599999999999998
2015-02-27,17.849999999999998
2015-02-28,11.049999999999999
2015-03-01,12.6
2015-03-02,37.8
2015-03-03,24.0
2015-03-04,34.199999999999996
2015-03-05,21.0
2015-03-06,21.599999999999998
2015-03-07,30.599999999999998
2015-03-08,27.0
2015-03-09,35.4
2015-03-10,31.2
2015-03-11,17.4
2015-03-12,35.4
2015-03-13,22.2
2015-03-14,22.2
2015-03-15,27.0
2015-03-16,28.799999999999997
2015-03-17,14.399999999999999
2015-03-18,10.799999999999999
2015-03-19,24.599999999999998
2015-03-20,7.199999999999999
2015-03-21,9.0
2015-03-22,31.2
2015-03-23,24.599999999999998
2015-03-24,60.0
2015-03-25,24.0
2015-03-26,8.4
2015-03-27,18.599999999999998
2015-03-28,9.6
2015-03-29,29.4
2015-03-30,14.399999999999999
2015-03-31,35.4
2015-04-01,51.75
2015-04-02,53.25
2015-04-03,38.25
2015-04-04,22.5
2015-04-05,12.0
2015-04-06,26.25
2015-04-07,51.0
2015-04-08,33.75
2015-04-09,33.75
2015-04-10,61.5
2015-04-11,33.75
2015-04-12,11.25
2015-04-13,51.0
2015-04-14,33.0
2015-04-15,17.25
2015-04-16,0.0
2015-04-17,18.0
2015-04-18,11.25
2015-04-19,44.25
2015-04-20,66.75
2015-04-21,25.5
2015-04-22,33.75
2015-04-23,17.25
2015-04-24,27.0
2015-04-25,44.25
2015-04-26,55.5
2015-04-27,68.25
2015-04-28,75.0
2015-04-29,59.25
2015-04-30,51.75
2015-05-01,35.38
2015-05-02,9.15
2015-05-03,8.54
2015-05-04,34.16
2015-05-05,34.16
2015-05-06,61.0
2015-05-07,42.089999999999996
2015-05-08,14.64
2015-05-09,9.15
2015-05-10,18.91
2015-05-11,28.06
2015-05-12,13.42
2015-05-13,20.74
2015-05-14,20.74
2015-05-15,14.64
2015-05-16,0.0
2015-05-17,36.6
2015-05-18,27.45
2015-05-19,14.03
2015-05-20,34.769999999999996
2015-05-21,21.96
2015-05-22,0.0
2015-05-23,9.76
2015-05-24,0.0
2015-05-25,17.69
2015-05-26,35.38
2015-05-27,14.03
2015-05-28,7.32
2015-05-29,21.96
2015-05-30,9.15
2015-05-31,0.0
2015-06-01,21.6
2015-06-02,21.150000000000002
2015-06-03,0.0
2015-06-04,14.85
2015-06-05,7.65
2015-06-06,0.0
2015-06-07,18.900000000000002
2015-06-08,7.2
2015-06-09,7.2
2015-06-10,14.4
2015-06-11,45.0
2015-06-12,22.95
2015-06-13,0.0
2015-06-14,0.0
2015-06-15,14.4
2015-06-16,7.2
2015-06-17,0.0
2015-06-18,14.85
2015-06-19,22.95
2015-06-20,9.450000000000001
2015-06-21,38.25
2015-06-22,7.2
2015-06-23,21.6
2015-06-24,0.0
2015-06-25,0.0
2015-06-26,15.3
2015-06-27,18.45
2015-06-28,9.450000000000001
2015-06-29,14.85
2015-06-30,14.85
2015-07-01,12.540000000000001
2015-07-02,9.88
2015-07-03,0.0
2015-07-04,8.74
2015-07-05,8.74
2015-07-06,12.540000000000001
2015-07-07,21.28
2015-07-08,18.62
2015-07-09,9.5
2015-07-10,19.76
2015-07-11,12.16
2015-07-12,7.98
2015-07-13,15.58
2015-07-14,36.86
2015-07-15,9.120000000000001
2015-07-16,19.0
2015-07-17,9.88
2015-07-18,8.36
2015-07-19,8.36
2015-07-20,12.92
2015-07-21,9.5
2015-07-22,9.5
2015-07-23,38.0
2015-07-24,12.92
2015-07-25,11.78
2015-07-26,7.98
2015-07-27,21.66
2015-07-28,18.240000000000002
2015-07-29,25.080000000000002
2015-07-30,6.08
2015-07-31,6.46
2015-08-01,0.0
2015-08-02,26.400000000000002
2015-08-03,27.720000000000002
2015-08-04,6.6000000000000005
2015-08-05,21.12
2015-08-06,13.860000000000001
2015-08-07,14.190000000000001
2015-08-08,0.0
2015-08-09,0.0
2015-08-10,13.860000000000001
2015-08-11,20.130000000000003
2015-08-12,27.39
2015-08-13,0.0
2015-08-14,0.0
2015-08-15,0.0
2015-08-16,8.58
2015-08-17,13.530000000000001
2015-08-18,20.130000000000003
2015-08-19,0.0
2015-08-20,13.530000000000001
2015-08-21,0.0
2015-08-22,0.0
2015-08-23,16.830000000000002
2015-08-24,33.0
2015-08-25,6.6000000000000005
2015-08-26,32.34
2015-08-27,19.8
2015-08-28,13.530000000000001
2015-08-29,8.58
2015-08-30,8.25
2015-08-31,19.14
2015-09-01,16.5
2015-09-02,5.94
2015-09-03,5.94
2015-09-04,11.88
2015-09-05,14.520000000000001
2015-09-06,15.180000000000001
2015-09-07,13.860000000000001
2015-09-08,27.720000000000002
2015-09-09,11.22
2015-09-10,16.5
2015-09-11,22.44
2015-09-12,28.380000000000003
2015-09-13,35.64
2015-09-14,22.44
2015-09-15,66.0
2015-09-16,21.78
2015-09-17,27.720000000000002
2015-09-18,5.94
2015-09-19,21.78
2015-09-20,28.380000000000003
2015-09-21,11.22
2015-09-22,11.22
2015-09-23,38.940000000000005
2015-09-24,44.88
2015-09-25,28.380000000000003
2015-09-26,29.040000000000003
2015-09-27,34.980000000000004
2015-09-28,32.34
2015-09-29,26.400000000000002
2015-09-30,16.5
2015-10-01,17.25
2015-10-02,8.969999999999999
2015-10-03,35.19
2015-10-04,45.54
2015-10-05,17.939999999999998
2015-10-06,53.129999999999995
2015-10-07,44.849999999999994
2015-10-08,35.19
2015-10-09,8.969999999999999
2015-10-10,11.729999999999999
2015-10-11,11.729999999999999
2015-10-12,35.879999999999995
2015-10-13,61.41
2015-10-14,69.0
2015-10-15,53.129999999999995
2015-10-16,17.939999999999998
2015-10-17,0.0
2015-10-18,56.58
2015-10-19,26.22
2015-10-20,42.089999999999996
2015-10-21,8.28
2015-10-22,17.25
2015-10-23,8.969999999999999
2015-10-24,22.77
2015-10-25,11.04
2015-10-26,51.059999999999995
2015-10-27,42.089999999999996
2015-10-28,25.529999999999998
2015-10-29,25.529999999999998
2015-10-30,36.57
2015-10-31,45.54
2015-11-01,31.82
2015-11-02,41.28
2015-11-03,59.339999999999996
2015-11-04,18.06
2015-11-05,9.459999999999999
2015-11-06,18.919999999999998
2015-11-07,24.08
2015-11-08,36.12
2015-11-09,27.52
2015-11-10,73.1
2015-11-11,63.64
2015-11-12,86.0
2015-11-13,24.94
2015-11-14,42.14
2015-11-15,42.14
2015-11-16,70.52
2015-11-17,55.04
2015-11-18,46.44
2015-11-19,42.14
2015-11-20,53.32
2015-11-21,36.12
2015-11-22,47.3
2015-11-23,56.76
2015-11-24,53.32
2015-11-25,42.14
2015-11-26,18.919999999999998
2015-11-27,35.26
2015-11-28,23.22
2015-11-29,64.5
2015-11-30,53.32
2015-12-01,22.72
2015-12-02,61.769999999999996
2015-12-03,70.28999999999999
2015-12-04,24.14
2015-12-05,20.59
2015-12-06,71.0
2015-12-07,31.24
2015-12-08,46.86
2015-12-09,61.769999999999996
2015-12-10,15.62
2015-12-11,32.66
2015-12-12,20.59
2015-12-13,20.59
2015-12-14,46.86
2015-12-15,24.14
2015-12-16,48.28
2015-12-17,17.04
2015-12-18,0.0
2015-12-19,10.649999999999999
2015-12-20,0.0
2015-12-21,0.0
2015-12-22,36.21
2015-12-23,9.23
2015-12-24,10.649999999999999
2015-12-25,0.0
2015-12-26,0.0
2015-12-27,10.649999999999999
2015-12-28,9.23
2015-12-29,17.75
2015-12-30,9.23
2015-12-31,0.0
2016-01-01,0.0
2016-01-02,18.400000000000002
2016-01-03,0.0
2016-01-04,10.4
2016-01-05,10.4
2016-01-06,21.200000000000003
2016-01-07,15.200000000000001
2016-01-08,0.0
2016-01-09,0.0
2016-01-10,0.0
2016-01-11,4.800000000000001
2016-01-12,15.200000000000001
2016-01-13,5.2
2016-01-14,19.6
2016-01-15,15.600000000000001
2016-01-16,0.0
2016-01-17,12.0
2016-01-18,0.0
2016-01-19,20.0
2016-01-20,5.2
2016-01-21,10.0
2016-01-22,0.0
2016-01-23,18.0
2016-01-24,6.0
2016-01-25,40.0
2016-01-26,30.0
2016-01-27,5.2
2016-01-28,20.400000000000002
2016-01-29,21.200000000000003
2016-01-30,18.400000000000002
2016-01-31,36.800000000000004
2016-02-01,71.28
2016-02-02,63.36
2016-02-03,24.48
2016-02-04,24.48
2016-02-05,7.92
2016-02-06,29.52
2016-02-07,66.96
2016-02-08,46.8
2016-02-09,48.239999999999995
2016-02-10,72.0
2016-02-11,40.32
2016-02-12,50.4
2016-02-13,38.16
2016-02-14,48.239999999999995
2016-02-15,59.04
2016-02-16,39.6
2016-02-17,48.96
2016-02-18,23.759999999999998
2016-02-19,7.92
2016-02-20,48.96
2016-02-21,48.239999999999995
2016-02-22,55.44
2016-02-23,47.519999999999996
2016-02-24,31.68
2016-02-25,39.6
2016-02-26,41.04
2016-02-27,29.52
2016-02-28,48.239999999999995
2016-02-29,69.84
2016-03-01,32.449999999999996
2016-03-02,15.93
2016-03-03,8.26
2016-03-04,24.779999999999998
2016-03-05,58.41
2016-03-06,0.0
2016-03-07,40.71
2016-03-08,0.0
2016-03-09,32.449999999999996
2016-03-10,16.52
2016-03-11,34.22
2016-03-12,0.0
2016-03-13,48.379999999999995
2016-03-14,24.779999999999998
2016-03-15,0.0
2016-03-16,24.779999999999998
2016-03-17,16.52
2016-03-18,0.0
2016-03-19,20.06
2016-03-20,39.53
2016-03-21,24.779999999999998
2016-03-22,16.52
2016-03-23,25.369999999999997
2016-03-24,25.369999999999997
2016-03-25,36.58
2016-03-26,50.739999999999995
2016-03-27,42.48
2016-03-28,59.0
2016-03-29,16.52
2016-03-30,24.779999999999998
2016-03-31,33.629999999999995
2016-04-01,22.099999999999998
2016-04-02,17.0
2016-04-03,59.5
2016-04-04,21.25
2016-04-05,6.8
2016-04-06,42.5
2016-04-07,42.5
2016-04-08,36.55
2016-04-09,0.0
2016-04-10,17.0
2016-04-11,49.3
2016-04-12,35.699999999999996
2016-04-13,34.85
2016-04-14,35.699999999999996
2016-04-15,45.05
2016-04-16,35.699999999999996
2016-04-17,17.849999999999998
2016-04-18,49.3
2016-04-19,85.0
2016-04-20,42.5
2016-04-21,48.449999999999996
2016-04-22,6.8
2016-04-23,26.349999999999998
2016-04-24,59.5
2016-04-25,49.3
2016-04-26,41.65
2016-04-27,48.449999999999996
2016-04-28,42.5
2016-04-29,79.89999999999999
2016-04-30,42.5
2016-05-01,21.12
2016-05-02,64.0
2016-05-03,23.04
2016-05-04,52.480000000000004
2016-05-05,23.68
2016-05-06,6.4
2016-05-07,29.44
2016-05-08,7.68
2016-05-09,36.480000000000004
2016-05-10,29.44
2016-05-11,17.92
2016-05-12,36.480000000000004
2016-05-13,31.36
2016-05-14,7.68
2016-05-15,7.68
2016-05-16,6.4
2016-05-17,35.2
2016-05-18,5.76
2016-05-19,6.4
2016-05-20,6.4
2016-05-21,7.04
2016-05-22,0.0
2016-05-23,30.72
2016-05-24,17.92
2016-05-25,37.12
2016-05-26,12.8
2016-05-27,19.84
2016-05-28,15.36
2016-05-29,15.36
2016-05-30,42.88
2016-05-31,5.76
2016-06-01,22.2
2016-06-02,29.6
2016-06-03,15.17
2016-06-04,25.9
2016-06-05,8.51
2016-06-06,7.03
2016-06-07,21.83
2016-06-08,37.0
2016-06-09,22.57
2016-06-10,7.77
2016-06-11,0.0
2016-06-12,8.879999999999999
2016-06-13,29.6
2016-06-14,7.4
2016-06-15,29.6
2016-06-16,22.57
2016-06-17,23.31
2016-06-18,9.25
2016-06-19,27.38
2016-06-20,29.6
2016-06-21,7.4
2016-06-22,15.17
2016-06-23,29.97
2016-06-24,15.54
2016-06-25,8.879999999999999
2016-06-26,18.13
2016-06-27,0.0
2016-06-28,14.8
2016-06-29,15.17
2016-06-30,15.54
2016-07-01,10.73
2016-07-02,6.29
2016-07-03,0.0
2016-07-04,18.87
2016-07-05,0.0
2016-07-06,10.36
2016-07-07,0.0
2016-07-08,5.18
2016-07-09,12.209999999999999
2016-07-10,6.29
2016-07-11,16.28
2016-07-12,21.46
2016-07-13,10.73
2016-07-14,10.36
2016-07-15,5.18
2016-07-16,6.29
2016-07-17,12.58
2016-07-18,26.27
2016-07-19,25.9
2016-07-20,10.73
2016-07-21,37.0
2016-07-22,10.73
2016-07-23,5.92
2016-07-24,12.209999999999999
2016-07-25,31.08
2016-07-26,20.72
2016-07-27,15.54
2016-07-28,10.36
2016-07-29,5.18
2016-07-30,0.0
2016-07-31,0.0
2016-08-01,19.71
2016-08-02,13.23
2016-08-03,0.0
2016-08-04,27.0
2016-08-05,0.0
2016-08-06,8.100000000000001
2016-08-07,0.0
2016-08-08,13.5
2016-08-09,20.25
2016-08-10,13.770000000000001
2016-08-11,0.0
2016-08-12,7.0200000000000005
2016-08-13,15.930000000000001
2016-08-14,16.470000000000002
2016-08-15,20.790000000000003
2016-08-16,0.0
2016-08-17,14.040000000000001
2016-08-18,0.0
2016-08-19,7.290000000000001
2016-08-20,0.0
2016-08-21,0.0
2016-08-22,0.0
2016-08-23,0.0
2016-08-24,20.520000000000003
2016-08-25,19.44
2016-08-26,6.75
2016-08-27,22.950000000000003
2016-08-28,7.5600000000000005
2016-08-29,12.690000000000001
2016-08-30,19.17
2016-08-31,19.17
2016-09-01,22.57
2016-09-02,0.0
2016-09-03,0.0
2016-09-04,9.15
2016-09-05,33.55
2016-09-06,58.56
2016-09-07,43.92
2016-09-08,37.21
2016-09-09,15.25
2016-09-10,8.54
2016-09-11,25.62
2016-09-12,29.28
2016-09-13,28.669999999999998
2016-09-14,43.92
2016-09-15,43.92
2016-09-16,0.0
2016-09-17,26.23
2016-09-18,57.949999999999996
2016-09-19,21.349999999999998
2016-09-20,58.56
2016-09-21,43.31
2016-09-22,21.96
2016-09-23,7.32
2016-09-24,44.53
2016-09-25,25.62
2016-09-26,42.699999999999996
2016-09-27,50.629999999999995
2016-09-28,14.64
2016-09-29,43.92
2016-09-30,61.0
2016-10-01,0.0
2016-10-02,39.04
2016-10-03,26.23
2016-10-04,46.36
2016-10-05,26.84
2016-10-06,26.23
2016-10-07,34.16
2016-10-08,23.79
2016-10-09,23.79
2016-10-10,40.87
2016-10-11,61.0
2016-10-12,20.13
2016-10-13,20.74
2016-10-14,21.349999999999998
2016-10-15,25.009999999999998
2016-10-16,15.86
2016-10-17,6.71
2016-10-18,33.55
2016-10-19,20.13
2016-10-20,13.42
2016-10-21,34.16
2016-10-22,8.54
2016-10-23,56.73
2016-10-24,46.36
2016-10-25,39.65
2016-10-26,6.71
2016-10-27,59.17
2016-10-28,42.089999999999996
2016-10-29,15.86
2016-10-30,39.04
2016-10-31,59.78
2016-11-01,41.870000000000005
2016-11-02,19.75
2016-11-03,18.96
2016-11-04,20.54
2016-11-05,7.9
2016-11-06,38.71
2016-11-07,26.07
2016-11-08,31.6
2016-11-09,36.34
2016-11-10,13.43
2016-11-11,7.11
2016-11-12,15.8
2016-11-13,31.6
2016-11-14,26.07
2016-11-15,52.14
2016-11-16,26.86
2016-11-17,40.29
2016-11-18,14.22
2016-11-19,23.700000000000003
2016-11-20,23.700000000000003
2016-11-21,46.61
2016-11-22,47.400000000000006
2016-11-23,21.330000000000002
2016-11-24,23.700000000000003
2016-11-25,15.010000000000002
2016-11-26,0.0
2016-11-27,30.020000000000003
2016-11-28,18.17
2016-11-29,79.0
2016-11-30,30.810000000000002
2016-12-01,20.59
2016-12-02,24.849999999999998
2016-12-03,24.14
2016-12-04,24.849999999999998
2016-12-05,39.76
2016-12-06,71.0
2016-12-07,22.009999999999998
2016-12-08,44.019999999999996
2016-12-09,23.43
2016-12-10,7.1
2016-12-11,35.5
2016-12-12,36.92
2016-12-13,35.5
2016-12-14,22.009999999999998
2016-12-15,22.72
2016-12-16,10.649999999999999
2016-12-17,12.78
2016-12-18,9.94
2016-12-19,12.78
2016-12-20,17.75
2016-12-21,9.23
2016-12-22,9.23
2016-12-23,4.97
2016-12-24,10.649999999999999
2016-12-25,5.68
2016-12-26,4.97
2016-12-27,4.26
2016-12-28,6.39
2016-12-29,8.52
2016-12-30,0.0
2016-12-31,0.0
2017-01-01,0.0
2017-01-02,5.2
2017-01-03,14.4
2017-01-04,4.800000000000001
2017-01-05,0.0
2017-01-06,9.600000000000001
2017-01-07,5.6000000000000005
2017-01-08,10.8
2017-01-09,14.0
2017-01-10,18.400000000000002
2017-01-11,14.0
2017-01-12,14.0
2017-01-13,9.200000000000001
2017-01-14,0.0
2017-01-15,0.0
2017-01-16,9.600000000000001
2017-01-17,9.200000000000001
2017-01-18,9.200000000000001
2017-01-19,9.200000000000001
2017-01-20,4.4
2017-01-21,10.8
2017-01-22,10.4
2017-01-23,22.0
2017-01-24,22.8
2017-01-25,13.600000000000001
2017-01-26,36.0
2017-01-27,23.200000000000003
2017-01-28,27.6
2017-01-29,27.200000000000003
2017-01-30,40.0
2017-01-31,18.0
2017-02-01,63.75
2017-02-02,45.05
2017-02-03,6.8
2017-02-04,31.45
2017-02-05,22.95
2017-02-06,38.25
2017-02-07,70.55
2017-02-08,39.1
2017-02-09,26.349999999999998
2017-02-10,33.15
2017-02-11,39.949999999999996
2017-02-12,7.6499999999999995
2017-02-13,69.7
2017-02-14,52.699999999999996
2017-02-15,33.15
2017-02-16,26.349999999999998
2017-02-17,85.0
2017-02-18,15.299999999999999
2017-02-19,8.5
2017-02-20,40.8
2017-02-21,32.3
2017-02-22,45.9
2017-02-23,45.9
2017-02-24,73.95
2017-02-25,15.299999999999999
2017-02-26,30.599999999999998
2017-02-27,66.3
2017-02-28,36.55
2017-03-01,39.68
2017-03-02,34.56
2017-03-03,21.12
2017-03-04,14.08
2017-03-05,28.16
2017-03-06,39.68
2017-03-07,28.16
2017-03-08,23.68
2017-03-09,35.2
2017-03-10,15.36
2017-03-11,64.0
2017-03-12,16.64
2017-03-13,19.2
2017-03-14,14.72
2017-03-15,32.64
2017-03-16,17.92
2017-03-17,24.96
2017-03-18,14.72
2017-03-19,21.12
2017-03-20,38.4
2017-03-21,21.12
2017-03-22,36.480000000000004
2017-03-23,30.080000000000002
2017-03-24,18.56
2017-03-25,14.72
2017-03-26,10.88
2017-03-27,26.88
2017-03-28,26.88
2017-03-29,39.04
2017-03-30,24.32
2017-03-31,12.16
2017-04-01,56.949999999999996
2017-04-02,62.9
2017-04-03,73.95
2017-04-04,41.65
2017-04-05,42.5
2017-04-06,74.8
2017-04-07,39.1
2017-04-08,40.8
2017-04-09,40.8
2017-04-10,76.5
2017-04-11,38.25
2017-04-12,57.8
2017-04-13,34.0
2017-04-14,21.25
2017-04-15,29.75
2017-04-16,55.25
2017-04-17,76.5
2017-04-18,74.8
2017-04-19,79.05
2017-04-20,62.05
2017-04-21,24.65
2017-04-22,52.699999999999996
2017-04-23,51.85
2017-04-24,60.35
2017-04-25,37.4
2017-04-26,79.05
2017-04-27,42.5
2017-04-28,73.1
2017-04-29,17.0
2017-04-30,85.0
2017-05-01,19.040000000000003
2017-05-02,51.00000000000001
2017-05-03,25.840000000000003
2017-05-04,32.64
2017-05-05,13.600000000000001
2017-05-06,16.32
2017-05-07,48.28
2017-05-08,32.64
2017-05-09,32.64
2017-05-10,33.32
2017-05-11,13.600000000000001
2017-05-12,0.0
2017-05-13,8.16
2017-05-14,33.32
2017-05-15,13.600000000000001
2017-05-16,14.280000000000001
2017-05-17,21.080000000000002
2017-05-18,35.36
2017-05-19,14.280000000000001
2017-05-20,25.840000000000003
2017-05-21,17.0
2017-05-22,27.880000000000003
2017-05-23,27.200000000000003
2017-05-24,14.280000000000001
2017-05-25,14.280000000000001
2017-05-26,29.92
2017-05-27,17.68
2017-05-28,27.200000000000003
2017-05-29,25.16
2017-05-30,0.0
2017-05-31,68.0
2017-06-01,8.879999999999999
2017-06-02,18.13
2017-06-03,21.09
2017-06-04,20.72
2017-06-05,34.41
2017-06-06,33.67
2017-06-07,21.46
2017-06-08,17.39
2017-06-09,13.69
2017-06-10,37.0
2017-06-11,21.46
2017-06-12,30.34
2017-06-13,21.09
2017-06-14,34.04
2017-06-15,8.879999999999999
2017-06-16,35.89
2017-06-17,21.09
2017-06-18,31.82
2017-06-19,17.02
2017-06-20,20.72
2017-06-21,24.79
2017-06-22,33.67
2017-06-23,12.58
2017-06-24,9.99
2017-06-25,21.09
2017-06-26,22.2
2017-06-27,22.2
2017-06-28,9.25
2017-06-29,27.75
2017-06-30,32.56
2017-07-01,5.949999999999999
2017-07-02,0.0
2017-07-03,10.85
2017-07-04,11.899999999999999
2017-07-05,5.25
2017-07-06,0.0
2017-07-07,5.25
2017-07-08,5.6
2017-07-09,11.899999999999999
2017-07-10,15.049999999999999
2017-07-11,35.0
2017-07-12,19.95
2017-07-13,10.149999999999999
2017-07-14,10.149999999999999
2017-07-15,11.899999999999999
2017-07-16,23.799999999999997
2017-07-17,10.149999999999999
2017-07-18,4.8999999999999995
2017-07-19,19.95
2017-07-20,0.0
2017-07-21,10.149999999999999
2017-07-22,11.549999999999999
2017-07-23,17.15
2017-07-24,19.95
2017-07-25,25.2
2017-07-26,15.049999999999999
2017-07-27,24.849999999999998
2017-07-28,5.25
2017-07-29,5.949999999999999
2017-07-30,11.899999999999999
2017-07-31,19.95
2017-08-01,11.47
2017-08-02,5.58
2017-08-03,17.669999999999998
2017-08-04,31.0
2017-08-05,7.13
2017-08-06,7.13
2017-08-07,11.47
2017-08-08,17.05
2017-08-09,17.669999999999998
2017-08-10,18.29
2017-08-11,18.6
2017-08-12,13.95
2017-08-13,7.13
2017-08-14,12.09
2017-08-15,17.98
2017-08-16,5.89
2017-08-17,11.78
2017-08-18,6.2
2017-08-19,7.13
2017-08-20,6.82
2017-08-21,11.16
2017-08-22,11.78
2017-08-23,5.89
2017-08-24,5.89
2017-08-25,17.98
2017-08-26,20.77
2017-08-27,6.82
2017-08-28,0.0
2017-08-29,17.36
2017-08-30,11.78
2017-08-31,17.98
2017-09-01,11.52
2017-09-02,0.0
2017-09-03,19.2
2017-09-04,12.16
2017-09-05,21.12
2017-09-06,25.6
2017-09-07,0.0
2017-09-08,16.0
2017-09-09,6.4
2017-09-10,6.4
2017-09-11,48.0
2017-09-12,32.0
2017-09-13,26.88
2017-09-14,10.88
2017-09-15,27.52
2017-09-16,6.4
2017-09-17,12.16
2017-09-18,62.72
2017-09-19,26.240000000000002
2017-09-20,21.12
2017-09-21,37.76
2017-09-22,16.64
2017-09-23,12.8
2017-09-24,25.6
2017-09-25,64.0
2017-09-26,5.12
2017-09-27,21.76
2017-09-28,26.88
2017-09-29,10.88
2017-09-30,26.240000000000002
2017-10-01,36.18
2017-10-02,49.580000000000005
2017-10-03,54.940000000000005
2017-10-04,46.900000000000006
2017-10-05,42.88
2017-10-06,30.150000000000002
2017-10-07,10.05
2017-10-08,54.27
2017-10-09,67.0
2017-10-10,32.830000000000005
2017-10-11,46.230000000000004
2017-10-12,25.46
2017-10-13,44.220000000000006
2017-10-14,30.82
2017-10-15,40.2
2017-10-16,50.92
2017-10-17,42.88
2017-10-18,17.42
2017-10-19,48.24
2017-10-20,22.78
2017-10-21,36.85
2017-10-22,45.56
2017-10-23,54.940000000000005
2017-10-24,58.96
2017-10-25,42.21
2017-10-26,47.57
2017-10-27,26.8
2017-10-28,20.77
2017-10-29,45.56
2017-10-30,49.580000000000005
2017-10-31,22.110000000000003
2017-11-01,24.64
2017-11-02,23.87
2017-11-03,24.64
2017-11-04,16.17
2017-11-05,43.89
2017-11-06,40.04
2017-11-07,50.82
2017-11-08,37.730000000000004
2017-11-09,55.44
2017-11-10,21.560000000000002
2017-11-11,28.490000000000002
2017-11-12,40.81
2017-11-13,43.89
2017-11-14,43.89
2017-11-15,36.96
2017-11-16,47.74
2017-11-17,24.64
2017-11-18,36.96
2017-11-19,16.17
2017-11-20,41.58
2017-11-21,45.43
2017-11-22,18.48
2017-11-23,0.0
2017-11-24,15.4
2017-11-25,12.32
2017-11-26,23.87
2017-11-27,47.74
2017-11-28,39.27
2017-11-29,77.0
2017-11-30,64.68
2017-12-01,32.76
2017-12-02,45.36
2017-12-03,57.33
2017-12-04,56.07
2017-12-05,63.0
2017-12-06,56.7
2017-12-07,40.32
2017-12-08,57.96
2017-12-09,39.06
2017-12-10,48.51
2017-12-11,42.84
2017-12-12,37.17
2017-12-13,35.28
2017-12-14,27.72
2017-12-15,39.69
2017-12-16,13.23
2017-12-17,22.68
2017-12-18,11.34
2017-12-19,11.34
2017-12-20,23.31
2017-12-21,8.82
2017-12-22,0.0
2017-12-23,6.93
2017-12-24,7.5600000000000005
2017-12-25,0.0
2017-12-26,0.0
2017-12-27,6.3
2017-12-28,0.0
2017-12-29,6.3
2017-12-30,26.46
2017-12-31,13.23
2018-01-01,6.4
2018-01-02,13.600000000000001
2018-01-03,18.8
2018-01-04,10.4
2018-01-05,10.8
2018-01-06,0.0
2018-01-07,6.0
2018-01-08,18.0
2018-01-09,5.2
2018-01-10,15.600000000000001
2018-01-11,10.4
2018-01-12,5.2
2018-01-13,9.200000000000001
2018-01-14,12.0
2018-01-15,13.600000000000001
2018-01-16,10.4
2018-01-17,10.0
2018-01-18,15.600000000000001
2018-01-19,8.0
2018-01-20,18.400000000000002
2018-01-21,20.8
2018-01-22,30.0
2018-01-23,27.6
2018-01-24,25.6
2018-01-25,23.200000000000003
2018-01-26,25.6
2018-01-27,12.4
2018-01-28,33.2
2018-01-29,32.4
2018-01-30,40.0
2018-01-31,22.400000000000002
2018-02-01,43.66
2018-02-02,25.9
2018-02-03,22.2
2018-02-04,28.86
2018-02-05,17.759999999999998
2018-02-06,31.08
2018-02-07,42.92
2018-02-08,25.16
2018-02-09,25.16
2018-02-10,14.8
2018-02-11,14.8
2018-02-12,37.0
2018-02-13,43.66
2018-02-14,18.5
2018-02-15,12.58
2018-02-16,25.9
2018-02-17,7.4
2018-02-18,30.34
2018-02-19,19.24
2018-02-20,31.08
2018-02-21,42.92
2018-02-22,62.16
2018-02-23,19.24
2018-02-24,22.2
2018-02-25,14.8
2018-02-26,74.0
2018-02-27,31.08
2018-02-28,43.66
2018-03-01,11.969999999999999
2018-03-02,18.24
2018-03-03,37.05
2018-03-04,43.88999999999999
2018-03-05,30.779999999999998
2018-03-06,12.54
2018-03-07,30.779999999999998
2018-03-08,55.28999999999999
2018-03-09,12.54
2018-03-10,14.819999999999999
2018-03-11,7.409999999999999
2018-03-12,0.0
2018-03-13,18.24
2018-03-14,37.05
2018-03-15,6.27
2018-03-16,12.54
2018-03-17,7.409999999999999
2018-03-18,14.819999999999999
2018-03-19,37.05
2018-03-20,42.74999999999999
2018-03-21,31.349999999999998
2018-03-22,18.81
2018-03-23,19.38
2018-03-24,37.62
2018-03-25,30.209999999999997
2018-03-26,56.99999999999999
2018-03-27,25.65
2018-03-28,13.11
2018-03-29,25.65
2018-03-30,20.52
2018-03-31,22.799999999999997
2018-04-01,35.72
2018-04-02,58.52
2018-04-03,47.88
2018-04-04,15.96
2018-04-05,16.72
2018-04-06,45.6
2018-04-07,14.44
2018-04-08,47.12
2018-04-09,71.44
2018-04-10,55.480000000000004
2018-04-11,48.64
2018-04-12,32.68
2018-04-13,41.8
2018-04-14,19.76
2018-04-15,28.12
2018-04-16,57.76
2018-04-17,75.24
2018-04-18,31.92
2018-04-19,52.44
2018-04-20,62.32
2018-04-21,59.28
2018-04-22,44.08
2018-04-23,55.480000000000004
2018-04-24,47.12
2018-04-25,74.48
2018-04-26,60.04
2018-04-27,41.04
2018-04-28,39.52
2018-04-29,34.2
2018-04-30,76.0
2018-05-01,43.2
2018-05-02,52.92
2018-05-03,34.56
2018-05-04,22.68
2018-05-05,54.0
2018-05-06,19.44
2018-05-07,37.800000000000004
2018-05-08,34.02
2018-05-09,43.74
2018-05-10,22.14
2018-05-11,29.160000000000004
2018-05-12,15.66
2018-05-13,27.540000000000003
2018-05-14,16.200000000000003
2018-05-15,28.62
2018-05-16,25.380000000000003
2018-05-17,22.14
2018-05-18,0.0
2018-05-19,0.0
2018-05-20,7.5600000000000005
2018-05-21,25.92
2018-05-22,12.420000000000002
2018-05-23,22.68
2018-05-24,23.76
2018-05-25,17.28
2018-05-26,19.98
2018-05-27,24.3
2018-05-28,26.46
2018-05-29,35.1
2018-05-30,9.72
2018-05-31,6.48
2018-06-01,15.48
2018-06-02,18.49
2018-06-03,36.98
2018-06-04,30.53
2018-06-05,15.049999999999999
2018-06-06,7.74
2018-06-07,38.7
2018-06-08,39.56
2018-06-09,9.03
2018-06-10,18.49
2018-06-11,14.62
2018-06-12,43.0
2018-06-13,21.93
2018-06-14,22.79
2018-06-15,24.08
2018-06-16,9.03
2018-06-17,18.49
2018-06-18,15.48
2018-06-19,38.269999999999996
2018-06-20,31.82
2018-06-21,30.96
2018-06-22,0.0
2018-06-23,9.03
2018-06-24,9.459999999999999
2018-06-25,15.48
2018-06-26,23.65
2018-06-27,31.39
2018-06-28,24.08
2018-06-29,0.0
2018-06-30,18.06
2018-07-01,35.0
2018-07-02,12.95
2018-07-03,6.6499999999999995
2018-07-04,7.699999999999999
2018-07-05,24.849999999999998
2018-07-06,9.799999999999999
2018-07-07,22.4
2018-07-08,11.549999999999999
2018-07-09,9.799999999999999
2018-07-10,35.0
2018-07-11,12.25
2018-07-12,6.6499999999999995
2018-07-13,7.0
2018-07-14,11.549999999999999
2018-07-15,15.049999999999999
2018-07-16,16.45
2018-07-17,12.95
2018-07-18,23.45
2018-07-19,20.299999999999997
2018-07-20,23.799999999999997
2018-07-21,7.699999999999999
2018-07-22,23.099999999999998
2018-07-23,13.299999999999999
2018-07-24,26.25
2018-07-25,12.95
2018-07-26,16.45
2018-07-27,6.6499999999999995
2018-07-28,19.25
2018-07-29,31.499999999999996
2018-07-30,26.599999999999998
2018-07-31,32.55
2018-08-01,19.43
2018-08-02,19.139999999999997
2018-08-03,23.2
2018-08-04,13.34
2018-08-05,9.86
2018-08-06,28.419999999999998
2018-08-07,8.41
2018-08-08,13.919999999999998
2018-08-09,14.209999999999999
2018-08-10,8.7
2018-08-11,13.049999999999999
2018-08-12,6.67
2018-08-13,17.11
2018-08-14,5.51
2018-08-15,5.8
2018-08-16,28.999999999999996
2018-08-17,8.41
2018-08-18,0.0
2018-08-19,13.34
2018-08-20,17.11
2018-08-21,0.0
2018-08-22,8.41
2018-08-23,8.7
2018-08-24,11.6
2018-08-25,13.34
2018-08-26,19.72
2018-08-27,22.33
2018-08-28,16.82
2018-08-29,16.529999999999998
2018-08-30,13.919999999999998
2018-08-31,8.41
2018-09-01,53.81999999999999
2018-09-02,17.939999999999998
2018-09-03,21.389999999999997
2018-09-04,40.709999999999994
2018-09-05,43.47
2018-09-06,43.47
2018-09-07,40.709999999999994
2018-09-08,29.669999999999998
2018-09-09,20.7
2018-09-10,44.16
2018-09-11,69.0
2018-09-12,62.099999999999994
2018-09-13,55.199999999999996
2018-09-14,37.26
2018-09-15,31.049999999999997
2018-09-16,34.5
2018-09-17,44.16
2018-09-18,54.51
2018-09-19,59.339999999999996
2018-09-20,22.08
2018-09-21,33.809999999999995
2018-09-22,26.909999999999997
2018-09-23,22.08
2018-09-24,40.709999999999994
2018-09-25,62.099999999999994
2018-09-26,44.16
2018-09-27,18.63
2018-09-28,37.949999999999996
2018-09-29,22.77
2018-09-30,8.969999999999999
2018-10-01,45.5
2018-10-02,37.099999999999994
2018-10-03,45.5
2018-10-04,42.699999999999996
2018-10-05,38.5
2018-10-06,35.699999999999996
2018-10-07,39.199999999999996
2018-10-08,46.199999999999996
2018-10-09,29.4
2018-10-10,33.599999999999994
2018-10-11,46.9
2018-10-12,39.9
2018-10-13,31.499999999999996
2018-10-14,35.699999999999996
2018-10-15,29.4
2018-10-16,42.699999999999996
2018-10-17,51.099999999999994
2018-10-18,34.3
2018-10-19,22.4
2018-10-20,30.099999999999998
2018-10-21,35.0
2018-10-22,21.0
2018-10-23,42.0
2018-10-24,70.0
2018-10-25,56.0
2018-10-26,35.699999999999996
2018-10-27,0.0
2018-10-28,35.699999999999996
2018-10-29,37.8
2018-10-30,33.599999999999994
2018-10-31,30.799999999999997
2018-11-01,36.480000000000004
2018-11-02,62.72
2018-11-03,10.88
2018-11-04,40.32
2018-11-05,64.0
2018-11-06,33.92
2018-11-07,22.400000000000002
2018-11-08,8.32
2018-11-09,26.240000000000002
2018-11-10,51.84
2018-11-11,41.6
2018-11-12,25.6
2018-11-13,60.800000000000004
2018-11-14,26.240000000000002
2018-11-15,42.88
2018-11-16,35.84
2018-11-17,0.0
2018-11-18,40.96
2018-11-19,53.76
2018-11-20,44.160000000000004
2018-11-21,19.2
2018-11-22,0.0
2018-11-23,9.6
2018-11-24,9.6
2018-11-25,10.24
2018-11-26,56.32
2018-11-27,50.56
2018-11-28,34.56
2018-11-29,33.92
2018-11-30,58.24
2018-12-01,19.84
2018-12-02,6.82
2018-12-03,27.9
2018-12-04,62.0
2018-12-05,45.26
2018-12-06,45.88
2018-12-07,29.14
2018-12-08,20.46
2018-12-09,19.84
2018-12-10,45.88
2018-12-11,39.68
2018-12-12,46.5
2018-12-13,22.94
2018-12-14,22.94
2018-12-15,14.26
2018-12-16,6.82
2018-12-17,10.54
2018-12-18,33.48
2018-12-19,17.98
2018-12-20,0.0
2018-12-21,6.2
2018-12-22,0.0
2018-12-23,0.0
2018-12-24,14.26
2018-12-25,0.0
2018-12-26,0.0
2018-12-27,6.2
2018-12-28,0.0
2018-12-29,0.0
2018-12-30,0.0
2018-12-31,0.0
2019-01-01,5.76
2019-01-02,5.04
2019-01-03,4.68
2019-01-04,0.0
2019-01-05,5.3999999999999995
2019-01-06,5.3999999999999995
2019-01-07,4.68
2019-01-08,9.36
2019-01-09,18.72
2019-01-10,9.36
2019-01-11,0.0
2019-01-12,5.3999999999999995
2019-01-13,5.3999999999999995
2019-01-14,4.68
2019-01-15,9.0
2019-01-16,0.0
2019-01-17,18.0
2019-01-18,4.68
2019-01-19,5.3999999999999995
2019-01-20,5.04
2019-01-21,0.0
2019-01-22,27.36
2019-01-23,9.0
2019-01-24,36.0
2019-01-25,14.04
2019-01-26,5.3999999999999995
2019-01-27,32.4
2019-01-28,9.0
2019-01-29,4.32
2019-01-30,31.32
2019-01-31,9.36
2019-02-01,6.4
2019-02-02,16.0
2019-02-03,39.04
2019-02-04,32.0
2019-02-05,45.44
2019-02-06,26.240000000000002
2019-02-07,19.2
2019-02-08,53.76
2019-02-09,16.0
2019-02-10,7.68
2019-02-11,32.0
2019-02-12,26.240000000000002
2019-02-13,39.68
2019-02-14,26.88
2019-02-15,7.04
2019-02-16,16.0
2019-02-17,31.36
2019-02-18,41.6
2019-02-19,39.68
2019-02-20,26.88
2019-02-21,6.4
2019-02-22,13.44
2019-02-23,30.72
2019-02-24,16.0
2019-02-25,38.4
2019-02-26,19.84
2019-02-27,64.0
2019-02-28,52.480000000000004
2019-03-01,23.400000000000002
2019-03-02,23.400000000000002
2019-03-03,50.440000000000005
2019-03-04,39.52
2019-03-05,35.36
2019-03-06,34.84
2019-03-07,47.32
2019-03-08,28.6
2019-03-09,9.88
2019-03-10,19.240000000000002
2019-03-11,32.24
2019-03-12,35.88
2019-03-13,31.720000000000002
2019-03-14,16.12
2019-03-15,8.32
2019-03-16,38.480000000000004
2019-03-17,19.76
2019-03-18,24.96
2019-03-19,52.0
2019-03-20,24.44
2019-03-21,24.44
2019-03-22,16.64
2019-03-23,38.480000000000004
2019-03-24,22.36
2019-03-25,32.76
2019-03-26,36.92
2019-03-27,24.96
2019-03-28,28.6
2019-03-29,24.96
2019-03-30,9.88
2019-03-31,28.6
2019-04-01,46.86
2019-04-02,18.46
2019-04-03,15.62
2019-04-04,22.009999999999998
2019-04-05,22.72
2019-04-06,38.339999999999996
2019-04-07,22.72
2019-04-08,22.009999999999998
2019-04-09,36.92
2019-04-10,15.62
2019-04-11,31.24
2019-04-12,35.5
2019-04-13,34.79
2019-04-14,37.629999999999995
2019-04-15,34.79
2019-04-16,51.12
2019-04-17,29.11
2019-04-18,71.0
2019-04-19,27.689999999999998
2019-04-20,31.24
2019-04-21,20.59
2019-04-22,53.25
2019-04-23,41.89
2019-04-24,31.95
2019-04-25,28.4
2019-04-26,15.62
2019-04-27,38.339999999999996
2019-04-28,26.979999999999997
2019-04-29,46.86
2019-04-30,30.529999999999998
2019-05-01,46.0
2019-05-02,20.7
2019-05-03,19.32
2019-05-04,19.32
2019-05-05,17.02
2019-05-06,18.400000000000002
2019-05-07,18.400000000000002
2019-05-08,13.8
2019-05-09,25.3
2019-05-10,19.32
2019-05-11,11.5
2019-05-12,11.5
2019-05-13,23.92
2019-05-14,11.96
2019-05-15,14.26
2019-05-16,16.560000000000002
2019-05-17,5.0600000000000005
2019-05-18,17.48
2019-05-19,11.5
2019-05-20,7.36
2019-05-21,4.6000000000000005
2019-05-22,4.6000000000000005
2019-05-23,21.62
2019-05-24,7.36
2019-05-25,17.94
2019-05-26,15.180000000000001
2019-05-27,8.280000000000001
2019-05-28,6.9
2019-05-29,23.46
2019-05-30,21.16
2019-05-31,14.72
2019-06-01,0.0
2019-06-02,16.38
2019-06-03,24.57
2019-06-04,35.49
2019-06-05,24.57
2019-06-06,17.94
2019-06-07,36.27
2019-06-08,12.870000000000001
2019-06-09,8.19
2019-06-10,35.1
2019-06-11,7.0200000000000005
2019-06-12,29.25
2019-06-13,14.040000000000001
2019-06-14,14.43
2019-06-15,20.67
2019-06-16,25.35
2019-06-17,10.92
2019-06-18,24.96
2019-06-19,28.080000000000002
2019-06-20,21.45
2019-06-21,25.740000000000002
2019-06-22,17.16
2019-06-23,39.0
2019-06-24,32.76
2019-06-25,21.84
2019-06-26,21.45
2019-06-27,35.88
2019-06-28,11.31
2019-06-29,25.740000000000002
2019-06-30,21.45
2019-07-01,31.68
2019-07-02,12.48
2019-07-03,16.0
2019-07-04,7.04
2019-07-05,14.4
2019-07-06,7.04
2019-07-07,14.08
2019-07-08,18.56
2019-07-09,22.080000000000002
2019-07-10,9.28
2019-07-11,18.56
2019-07-12,19.52
2019-07-13,18.240000000000002
2019-07-14,18.56
2019-07-15,6.4
2019-07-16,18.56
2019-07-17,21.76
2019-07-18,12.8
2019-07-19,13.120000000000001
2019-07-20,7.36
2019-07-21,14.72
2019-07-22,16.0
2019-07-23,18.88
2019-07-24,22.72
2019-07-25,13.120000000000001
2019-07-26,13.76
2019-07-27,7.68
2019-07-28,15.040000000000001
2019-07-29,32.0
2019-07-30,19.2
2019-07-31,12.8
2019-08-01,18.48
2019-08-02,19.32
2019-08-03,17.080000000000002
2019-08-04,17.080000000000002
2019-08-05,22.400000000000002
2019-08-06,14.840000000000002
2019-08-07,18.76
2019-08-08,14.840000000000002
2019-08-09,7.280000000000001
2019-08-10,17.080000000000002
2019-08-11,21.560000000000002
2019-08-12,21.840000000000003
2019-08-13,14.560000000000002
2019-08-14,14.000000000000002
2019-08-15,14.560000000000002
2019-08-16,25.480000000000004
2019-08-17,16.520000000000003
2019-08-18,0.0
2019-08-19,10.64
2019-08-20,17.64
2019-08-21,10.64
2019-08-22,14.280000000000001
2019-08-23,0.0
2019-08-24,12.600000000000001
2019-08-25,16.520000000000003
2019-08-26,28.000000000000004
2019-08-27,17.360000000000003
2019-08-28,7.000000000000001
2019-08-29,14.000000000000002
2019-08-30,13.72
2019-08-31,7.840000000000001
2019-09-01,0.0
2019-09-02,0.0
2019-09-03,12.2
2019-09-04,18.91
2019-09-05,25.009999999999998
2019-09-06,12.2
2019-09-07,14.64
2019-09-08,28.669999999999998
2019-09-09,50.019999999999996
2019-09-10,31.11
2019-09-11,31.11
2019-09-12,18.91
2019-09-13,25.62
2019-09-14,37.82
2019-09-15,57.339999999999996
2019-09-16,29.89
2019-09-17,61.0
2019-09-18,48.8
2019-09-19,37.21
2019-09-20,12.2
2019-09-21,14.64
2019-09-22,43.92
2019-09-23,42.699999999999996
2019-09-24,25.009999999999998
2019-09-25,12.2
2019-09-26,50.629999999999995
2019-09-27,51.24
2019-09-28,38.43
2019-09-29,14.64
2019-09-30,37.82
2019-10-01,60.0
2019-10-02,33.0
2019-10-03,55.8
2019-10-04,34.8
2019-10-05,13.2
2019-10-06,22.2
2019-10-07,56.4
2019-10-08,37.199999999999996
2019-10-09,57.0
2019-10-10,26.4
2019-10-11,15.0
2019-10-12,36.6
2019-10-13,22.2
2019-10-14,30.599999999999998
2019-10-15,30.0
2019-10-16,34.199999999999996
2019-10-17,45.6
2019-10-18,7.8
2019-10-19,13.2
2019-10-20,39.0
2019-10-21,29.4
2019-10-22,14.399999999999999
2019-10-23,33.0
2019-10-24,30.0
2019-10-25,15.6
2019-10-26,23.4
2019-10-27,26.4
2019-10-28,54.0
2019-10-29,40.8
2019-10-30,58.8
2019-10-31,37.8
2019-11-01,6.38
2019-11-02,14.499999999999998
2019-11-03,13.919999999999998
2019-11-04,41.76
2019-11-05,17.98
2019-11-06,17.4
2019-11-07,17.4
2019-11-08,41.76
2019-11-09,20.88
2019-11-10,20.88
2019-11-11,48.13999999999999
2019-11-12,17.4
2019-11-13,23.2
2019-11-14,57.99999999999999
2019-11-15,17.4
2019-11-16,6.959999999999999
2019-11-17,27.259999999999998
2019-11-18,52.199999999999996
2019-11-19,23.779999999999998
2019-11-20,48.13999999999999
2019-11-21,23.779999999999998
2019-11-22,53.94
2019-11-23,13.34
2019-11-24,41.18
2019-11-25,41.76
2019-11-26,30.74
2019-11-27,19.139999999999997
2019-11-28,0.0
2019-11-29,13.34
2019-11-30,6.959999999999999
2019-12-01,36.5
2019-12-02,35.0
2019-12-03,32.0
2019-12-04,28.5
2019-12-05,45.0
2019-12-06,41.5
2019-12-07,19.5
2019-12-08,38.0
2019-12-09,50.0
2019-12-10,21.0
2019-12-11,12.5
2019-12-12,12.5
2019-12-13,16.5
2019-12-14,24.0
2019-12-15,5.0
2019-12-16,12.0
2019-12-17,29.0
2019-12-18,12.5
2019-12-19,4.0
2019-12-20,4.5
2019-12-21,10.0
2019-12-22,0.0
2019-12-23,4.5
2019-12-24,0.0
2019-12-25,0.0
2019-12-26,5.0
2019-12-27,9.0
2019-12-28,0.0
2019-12-29,0.0
2019-12-30,4.5
2019-12-31,9.5
2020-01-01,0.0
2020-01-02,3.6300000000000003
2020-01-03,7.260000000000001
2020-01-04,0.0
2020-01-05,0.0
2020-01-06,0.0
2020-01-07,3.6300000000000003
2020-01-08,7.260000000000001
2020-01-09,7.260000000000001
2020-01-10,6.930000000000001
2020-01-11,3.96
2020-01-12,3.96
2020-01-13,3.3000000000000003
2020-01-14,9.24
2020-01-15,6.6000000000000005
2020-01-16,3.3000000000000003
2020-01-17,14.520000000000001
2020-01-18,3.96
2020-01-19,11.88
2020-01-20,0.0
2020-01-21,6.930000000000001
2020-01-22,13.860000000000001
2020-01-23,10.56
2020-01-24,10.56
2020-01-25,3.96
2020-01-26,15.180000000000001
2020-01-27,33.0
2020-01-28,17.490000000000002
2020-01-29,24.42
2020-01-30,21.45
2020-01-31,6.930000000000001
2020-02-01,21.299999999999997
2020-02-02,13.489999999999998
2020-02-03,32.66
2020-02-04,29.11
2020-02-05,65.32
2020-02-06,41.18
2020-02-07,24.849999999999998
2020-02-08,20.59
2020-02-09,14.2
2020-02-10,58.93
2020-02-11,40.47
2020-02-12,71.0
2020-02-13,35.5
2020-02-14,37.629999999999995
2020-02-15,41.89
2020-02-16,34.79
2020-02-17,24.849999999999998
2020-02-18,40.47
2020-02-19,46.15
2020-02-20,23.43
2020-02-21,29.11
2020-02-22,6.39
2020-02-23,54.669999999999995
2020-02-24,46.15
2020-02-25,51.12
2020-02-26,33.37
2020-02-27,34.08
2020-02-28,17.75
2020-02-29,26.979999999999997
2020-03-01,15.3
2020-03-02,38.25
2020-03-03,28.560000000000002
2020-03-04,31.11
2020-03-05,25.5
2020-03-06,29.580000000000002
2020-03-07,22.95
2020-03-08,15.3
2020-03-09,22.44
2020-03-10,51.0
2020-03-11,28.560000000000002
2020-03-12,27.54
2020-03-13,31.62
2020-03-14,11.22
2020-03-15,14.790000000000001
2020-03-16,18.87
2020-03-17,31.62
2020-03-18,31.62
2020-03-19,22.44
2020-03-20,28.05
2020-03-21,21.42
2020-03-22,21.42
2020-03-23,38.76
2020-03-24,25.5
2020-03-25,21.93
2020-03-26,32.13
2020-03-27,20.91
2020-03-28,10.71
2020-03-29,24.48
2020-03-30,51.0
2020-03-31,23.97
2020-04-01,39.68
2020-04-02,44.02
2020-04-03,39.68
2020-04-04,35.339999999999996
2020-04-05,35.339999999999996
2020-04-06,60.76
2020-04-07,57.66
2020-04-08,62.0
2020-04-09,35.339999999999996
