DATE,UNRATE
2013-04-14,7.556666666666667
2013-04-15,7.553333333333333
2013-04-16,7.55
2013-04-17,7.546666666666667
2013-04-18,7.543333333333333
2013-04-19,7.54
2013-04-20,7.536666666666666
2013-04-21,7.533333333333333
2013-04-22,7.53
2013-04-23,7.526666666666666
2013-04-24,7.523333333333333
2013-04-25,7.52
2013-04-26,7.516666666666667
2013-04-27,7.513333333333334
2013-04-28,7.51
2013-04-29,7.506666666666667
2013-04-30,7.503333333333333
2013-05-01,7.5
2013-05-02,7.5
2013-05-03,7.5
2013-05-04,7.5
2013-05-05,7.5
2013-05-06,7.5
2013-05-07,7.5
2013-05-08,7.5
2013-05-09,7.5
2013-05-10,7.5
2013-05-11,7.5
2013-05-12,7.5
2013-05-13,7.5
2013-05-14,7.5
2013-05-15,7.5
2013-05-16,7.5
2013-05-17,7.5
2013-05-18,7.5
2013-05-19,7.5
2013-05-20,7.5
2013-05-21,7.5
2013-05-22,7.5
2013-05-23,7.5
2013-05-24,7.5
2013-05-25,7.5
2013-05-26,7.5
2013-05-27,7.5
2013-05-28,7.5
2013-05-29,7.5
2013-05-30,7.5
2013-05-31,7.5
2013-06-01,7.5
2013-06-02,7.493333333333333
2013-06-03,7.486666666666666
2013-06-04,7.48
2013-06-05,7.473333333333334
2013-06-06,7.466666666666667
2013-06-07,7.46
2013-06-08,7.453333333333333
2013-06-09,7.446666666666666
2013-06-10,7.4399999999999995
2013-06-11,7.433333333333334
2013-06-12,7.426666666666667
2013-06-13,7.42
2013-06-14,7.413333333333333
2013-06-15,7.406666666666666
2013-06-16,7.4
2013-06-17,7.3933333333333335
2013-06-18,7.386666666666667
2013-06-19,7.38
2013-06-20,7.373333333333333
2013-06-21,7.366666666666666
2013-06-22,7.359999999999999
2013-06-23,7.3533333333333335
2013-06-24,7.346666666666667
2013-06-25,7.34
2013-06-26,7.333333333333333
2013-06-27,7.326666666666666
2013-06-28,7.32
2013-06-29,7.3133333333333335
2013-06-30,7.306666666666667
2013-07-01,7.3
2013-07-02,7.296774193548387
2013-07-03,7.293548387096774
2013-07-04,7.290322580645161
2013-07-05,7.287096774193548
2013-07-06,7.283870967741936
2013-07-07,7.280645161290322
2013-07-08,7.27741935483871
2013-07-09,7.274193548387097
2013-07-10,7.2709677419354835
2013-07-11,7.267741935483871
2013-07-12,7.264516129032258
2013-07-13,7.2612903225806456
2013-07-14,7.258064516129032
2013-07-15,7.254838709677419
2013-07-16,7.251612903225807
2013-07-17,7.248387096774193
2013-07-18,7.245161290322581
2013-07-19,7.241935483870968
2013-07-20,7.2387096774193544
2013-07-21,7.235483870967742
2013-07-22,7.232258064516129
2013-07-23,7.2290322580645165
2013-07-24,7.225806451612903
2013-07-25,7.22258064516129
2013-07-26,7.219354838709678
2013-07-27,7.216129032258064
2013-07-28,7.212903225806452
2013-07-29,7.209677419354839
2013-07-30,7.206451612903226
2013-07-31,7.203225806451613
2013-08-01,7.2
2013-08-02,7.2
2013-08-03,7.2
2013-08-04,7.2
2013-08-05,7.2
2013-08-06,7.2
2013-08-07,7.2
2013-08-08,7.2
2013-08-09,7.2
2013-08-10,7.2
2013-08-11,7.2
2013-08-12,7.2
2013-08-13,7.2
2013-08-14,7.2
2013-08-15,7.2
2013-08-16,7.2
2013-08-17,7.2
2013-08-18,7.2
2013-08-19,7.2
2013-08-20,7.2
2013-08-21,7.2
2013-08-22,7.2
2013-08-23,7.2
2013-08-24,7.2
2013-08-25,7.2
2013-08-26,7.2
2013-08-27,7.2
2013-08-28,7.2
2013-08-29,7.2
2013-08-30,7.2
2013-08-31,7.2
2013-09-01,7.2
2013-09-02,7.2
2013-09-03,7.2
2013-09-04,7.2
2013-09-05,7.2
2013-09-06,7.2
2013-09-07,7.2
2013-09-08,7.2
2013-09-09,7.2
2013-09-10,7.2
2013-09-11,7.2
2013-09-12,7.2
2013-09-13,7.2
2013-09-14,7.2
2013-09-15,7.2
2013-09-16,7.2
2013-09-17,7.2
2013-09-18,7.2
2013-09-19,7.2
2013-09-20,7.2
2013-09-21,7.2
2013-09-22,7.2
2013-09-23,7.2
2013-09-24,7.2
2013-09-25,7.2
2013-09-26,7.2
2013-09-27,7.2
2013-09-28,7.2
2013-09-29,7.2
2013-09-30,7.2
2013-10-01,7.2
2013-10-02,7.190322580645161
2013-10-03,7.180645161290323
2013-10-04,7.170967741935484
2013-10-05,7.161290322580645
2013-10-06,7.151612903225806
2013-10-07,7.141935483870968
2013-10-08,7.1322580645161295
2013-10-09,7.122580645161291
2013-10-10,7.112903225806452
2013-10-11,7.103225806451613
2013-10-12,7.093548387096774
2013-10-13,7.083870967741936
2013-10-14,7.074193548387097
2013-10-15,7.064516129032258
2013-10-16,7.054838709677419
2013-10-17,7.045161290322581
2013-10-18,7.0354838709677425
2013-10-19,7.025806451612904
2013-10-20,7.016129032258065
2013-10-21,7.006451612903226
2013-10-22,6.996774193548387
2013-10-23,6.987096774193549
2013-10-24,6.97741935483871
2013-10-25,6.967741935483871
2013-10-26,6.958064516129032
2013-10-27,6.948387096774194
2013-10-28,6.9387096774193555
2013-10-29,6.929032258064517
2013-10-30,6.919354838709678
2013-10-31,6.909677419354839
2013-11-01,6.9
2013-11-02,6.8933333333333335
2013-11-03,6.886666666666667
2013-11-04,6.880000000000001
2013-11-05,6.873333333333334
2013-11-06,6.866666666666667
2013-11-07,6.86
2013-11-08,6.8533333333333335
2013-11-09,6.846666666666667
2013-11-10,6.84
2013-11-11,6.833333333333334
2013-11-12,6.826666666666667
2013-11-13,6.82
2013-11-14,6.8133333333333335
2013-11-15,6.806666666666667
2013-11-16,6.800000000000001
2013-11-17,6.793333333333334
2013-11-18,6.786666666666667
2013-11-19,6.78
2013-11-20,6.773333333333333
2013-11-21,6.766666666666667
2013-11-22,6.76
2013-11-23,6.753333333333334
2013-11-24,6.746666666666667
2013-11-25,6.74
2013-11-26,6.733333333333333
2013-11-27,6.726666666666667
2013-11-28,6.720000000000001
2013-11-29,6.713333333333334
2013-11-30,6.706666666666667
2013-12-01,6.7
2013-12-02,6.6967741935483875
2013-12-03,6.693548387096774
2013-12-04,6.690322580645161
2013-12-05,6.687096774193549
2013-12-06,6.683870967741935
2013-12-07,6.680645161290323
2013-12-08,6.67741935483871
2013-12-09,6.674193548387096
2013-12-10,6.670967741935484
2013-12-11,6.667741935483871
2013-12-12,6.664516129032258
2013-12-13,6.661290322580645
2013-12-14,6.658064516129032
2013-12-15,6.654838709677419
2013-12-16,6.651612903225806
2013-12-17,6.648387096774194
2013-12-18,6.645161290322581
2013-12-19,6.641935483870967
2013-12-20,6.638709677419355
2013-12-21,6.635483870967742
2013-12-22,6.632258064516129
2013-12-23,6.629032258064516
2013-12-24,6.625806451612903
2013-12-25,6.62258064516129
2013-12-26,6.619354838709677
2013-12-27,6.616129032258065
2013-12-28,6.612903225806451
2013-12-29,6.609677419354838
2013-12-30,6.606451612903226
2013-12-31,6.603225806451612
2014-01-01,6.6
2014-01-02,6.603225806451612
2014-01-03,6.606451612903226
2014-01-04,6.609677419354838
2014-01-05,6.612903225806451
2014-01-06,6.616129032258065
2014-01-07,6.619354838709677
2014-01-08,6.62258064516129
2014-01-09,6.625806451612903
2014-01-10,6.629032258064516
2014-01-11,6.632258064516129
2014-01-12,6.635483870967742
2014-01-13,6.638709677419355
2014-01-14,6.641935483870967
2014-01-15,6.645161290322581
2014-01-16,6.648387096774194
2014-01-17,6.651612903225806
2014-01-18,6.654838709677419
2014-01-19,6.658064516129032
2014-01-20,6.661290322580645
2014-01-21,6.664516129032258
2014-01-22,6.667741935483871
2014-01-23,6.670967741935484
2014-01-24,6.674193548387096
2014-01-25,6.67741935483871
2014-01-26,6.680645161290323
2014-01-27,6.683870967741935
2014-01-28,6.687096774193549
2014-01-29,6.690322580645161
2014-01-30,6.693548387096774
2014-01-31,6.6967741935483875
2014-02-01,6.7
2014-02-02,6.7
2014-02-03,6.7
2014-02-04,6.7
2014-02-05,6.7
2014-02-06,6.7
2014-02-07,6.7
2014-02-08,6.7
2014-02-09,6.7
2014-02-10,6.7
2014-02-11,6.7
2014-02-12,6.7
2014-02-13,6.7
2014-02-14,6.7
2014-02-15,6.7
2014-02-16,6.7
2014-02-17,6.7
2014-02-18,6.7
2014-02-19,6.7
2014-02-20,6.7
2014-02-21,6.7
2014-02-22,6.7
2014-02-23,6.7
2014-02-24,6.7
2014-02-25,6.7
2014-02-26,6.7
2014-02-27,6.7
2014-02-28,6.7
2014-03-01,6.7
2014-03-02,6.683870967741935
2014-03-03,6.667741935483871
2014-03-04,6.651612903225806
2014-03-05,6.635483870967742
2014-03-06,6.619354838709677
2014-03-07,6.603225806451613
2014-03-08,6.587096774193548
2014-03-09,6.570967741935484
2014-03-10,6.554838709677419
2014-03-11,6.538709677419355
2014-03-12,6.52258064516129
2014-03-13,6.506451612903226
2014-03-14,6.490322580645161
2014-03-15,6.474193548387097
2014-03-16,6.458064516129032
2014-03-17,6.441935483870968
2014-03-18,6.425806451612903
2014-03-19,6.409677419354839
2014-03-20,6.393548387096774
2014-03-21,6.37741935483871
2014-03-22,6.361290322580645
2014-03-23,6.345161290322581
2014-03-24,6.329032258064516
2014-03-25,6.312903225806452
2014-03-26,6.296774193548387
2014-03-27,6.280645161290323
2014-03-28,6.264516129032258
2014-03-29,6.248387096774194
2014-03-30,6.232258064516129
2014-03-31,6.216129032258065
2014-04-01,6.2
2014-04-02,6.203333333333333
2014-04-03,6.206666666666667
2014-04-04,6.21
2014-04-05,6.213333333333334
2014-04-06,6.216666666666667
2014-04-07,6.22
2014-04-08,6.223333333333334
2014-04-09,6.226666666666667
2014-04-10,6.23
2014-04-11,6.233333333333333
2014-04-12,6.236666666666666
2014-04-13,6.24
2014-04-14,6.243333333333333
2014-04-15,6.246666666666667
2014-04-16,6.25
2014-04-17,6.253333333333333
2014-04-18,6.256666666666667
2014-04-19,6.26
2014-04-20,6.263333333333334
2014-04-21,6.266666666666667
2014-04-22,6.27
2014-04-23,6.273333333333333
2014-04-24,6.276666666666666
2014-04-25,6.28
2014-04-26,6.283333333333333
2014-04-27,6.286666666666666
2014-04-28,6.29
2014-04-29,6.293333333333333
2014-04-30,6.296666666666667
2014-05-01,6.3
2014-05-02,6.293548387096774
2014-05-03,6.287096774193548
2014-05-04,6.280645161290322
2014-05-05,6.274193548387097
2014-05-06,6.267741935483871
2014-05-07,6.261290322580645
2014-05-08,6.254838709677419
2014-05-09,6.248387096774193
2014-05-10,6.241935483870967
2014-05-11,6.235483870967742
2014-05-12,6.229032258064516
2014-05-13,6.22258064516129
2014-05-14,6.216129032258064
2014-05-15,6.209677419354838
2014-05-16,6.203225806451613
2014-05-17,6.196774193548387
2014-05-18,6.190322580645161
2014-05-19,6.183870967741935
2014-05-20,6.177419354838709
2014-05-21,6.170967741935484
2014-05-22,6.164516129032258
2014-05-23,6.158064516129032
2014-05-24,6.151612903225806
2014-05-25,6.14516129032258
2014-05-26,6.138709677419355
2014-05-27,6.132258064516129
2014-05-28,6.1258064516129025
2014-05-29,6.119354838709677
2014-05-30,6.112903225806451
2014-05-31,6.106451612903226
2014-06-01,6.1
2014-06-02,6.103333333333333
2014-06-03,6.1066666666666665
2014-06-04,6.109999999999999
2014-06-05,6.113333333333333
2014-06-06,6.116666666666666
2014-06-07,6.12
2014-06-08,6.123333333333333
2014-06-09,6.126666666666666
2014-06-10,6.13
2014-06-11,6.133333333333333
2014-06-12,6.136666666666667
2014-06-13,6.14
2014-06-14,6.1433333333333335
2014-06-15,6.1466666666666665
2014-06-16,6.15
2014-06-17,6.153333333333333
2014-06-18,6.156666666666666
2014-06-19,6.16
2014-06-20,6.163333333333333
2014-06-21,6.166666666666667
2014-06-22,6.17
2014-06-23,6.173333333333334
2014-06-24,6.176666666666667
2014-06-25,6.18
2014-06-26,6.183333333333334
2014-06-27,6.1866666666666665
2014-06-28,6.19
2014-06-29,6.193333333333333
2014-06-30,6.196666666666667
2014-07-01,6.2
2014-07-02,6.1967741935483875
2014-07-03,6.193548387096774
2014-07-04,6.190322580645161
2014-07-05,6.187096774193549
2014-07-06,6.183870967741935
2014-07-07,6.180645161290323
2014-07-08,6.17741935483871
2014-07-09,6.174193548387096
2014-07-10,6.170967741935484
2014-07-11,6.167741935483871
2014-07-12,6.164516129032258
2014-07-13,6.161290322580645
2014-07-14,6.158064516129032
2014-07-15,6.154838709677419
2014-07-16,6.151612903225806
2014-07-17,6.148387096774194
2014-07-18,6.145161290322581
2014-07-19,6.141935483870967
2014-07-20,6.138709677419355
2014-07-21,6.135483870967742
2014-07-22,6.132258064516129
2014-07-23,6.129032258064516
2014-07-24,6.125806451612903
2014-07-25,6.12258064516129
2014-07-26,6.119354838709677
2014-07-27,6.116129032258065
2014-07-28,6.112903225806451
2014-07-29,6.109677419354838
2014-07-30,6.106451612903226
2014-07-31,6.103225806451612
2014-08-01,6.1
2014-08-02,6.0935483870967735
2014-08-03,6.087096774193548
2014-08-04,6.080645161290322
2014-08-05,6.074193548387097
2014-08-06,6.067741935483871
2014-08-07,6.061290322580645
2014-08-08,6.054838709677419
2014-08-09,6.048387096774193
2014-08-10,6.041935483870968
2014-08-11,6.035483870967742
2014-08-12,6.029032258064516
2014-08-13,6.02258064516129
2014-08-14,6.016129032258064
2014-08-15,6.009677419354839
2014-08-16,6.003225806451613
2014-08-17,5.996774193548387
2014-08-18,5.990322580645161
2014-08-19,5.983870967741936
2014-08-20,5.97741935483871
2014-08-21,5.970967741935484
2014-08-22,5.964516129032258
2014-08-23,5.958064516129032
2014-08-24,5.951612903225807
2014-08-25,5.945161290322581
2014-08-26,5.938709677419355
2014-08-27,5.932258064516129
2014-08-28,5.925806451612903
2014-08-29,5.919354838709678
2014-08-30,5.912903225806452
2014-08-31,5.9064516129032265
2014-09-01,5.9
2014-09-02,5.8933333333333335
2014-09-03,5.886666666666667
2014-09-04,5.880000000000001
2014-09-05,5.873333333333334
2014-09-06,5.866666666666667
2014-09-07,5.86
2014-09-08,5.8533333333333335
2014-09-09,5.846666666666667
2014-09-10,5.84
2014-09-11,5.833333333333334
2014-09-12,5.826666666666667
2014-09-13,5.82
2014-09-14,5.8133333333333335
2014-09-15,5.806666666666667
2014-09-16,5.800000000000001
2014-09-17,5.793333333333334
2014-09-18,5.786666666666667
2014-09-19,5.78
2014-09-20,5.773333333333333
2014-09-21,5.766666666666667
2014-09-22,5.76
2014-09-23,5.753333333333334
2014-09-24,5.746666666666667
2014-09-25,5.74
2014-09-26,5.733333333333333
2014-09-27,5.726666666666667
2014-09-28,5.720000000000001
2014-09-29,5.713333333333334
2014-09-30,5.706666666666667
2014-10-01,5.7
2014-10-02,5.703225806451613
2014-10-03,5.706451612903226
2014-10-04,5.709677419354839
2014-10-05,5.712903225806452
2014-10-06,5.716129032258064
2014-10-07,5.719354838709678
2014-10-08,5.72258064516129
2014-10-09,5.725806451612903
2014-10-10,5.7290322580645165
2014-10-11,5.732258064516129
2014-10-12,5.735483870967742
2014-10-13,5.7387096774193544
2014-10-14,5.741935483870968
2014-10-15,5.745161290322581
2014-10-16,5.748387096774193
2014-10-17,5.751612903225807
2014-10-18,5.754838709677419
2014-10-19,5.758064516129032
2014-10-20,5.7612903225806456
2014-10-21,5.764516129032258
2014-10-22,5.767741935483871
2014-10-23,5.7709677419354835
2014-10-24,5.774193548387097
2014-10-25,5.77741935483871
2014-10-26,5.780645161290322
2014-10-27,5.783870967741936
2014-10-28,5.787096774193548
2014-10-29,5.790322580645161
2014-10-30,5.793548387096774
2014-10-31,5.796774193548387
2014-11-01,5.8
2014-11-02,5.793333333333333
2014-11-03,5.786666666666666
2014-11-04,5.779999999999999
2014-11-05,5.773333333333333
2014-11-06,5.766666666666667
2014-11-07,5.76
2014-11-08,5.753333333333333
2014-11-09,5.746666666666666
2014-11-10,5.74
2014-11-11,5.733333333333333
2014-11-12,5.726666666666667
2014-11-13,5.72
2014-11-14,5.713333333333333
2014-11-15,5.706666666666666
2014-11-16,5.699999999999999
2014-11-17,5.693333333333333
2014-11-18,5.6866666666666665
2014-11-19,5.68
2014-11-20,5.673333333333333
2014-11-21,5.666666666666666
2014-11-22,5.66
2014-11-23,5.653333333333333
2014-11-24,5.6466666666666665
2014-11-25,5.64
2014-11-26,5.633333333333333
2014-11-27,5.626666666666666
2014-11-28,5.619999999999999
2014-11-29,5.613333333333333
2014-11-30,5.6066666666666665
2014-12-01,5.6
2014-12-02,5.603225806451612
2014-12-03,5.606451612903226
2014-12-04,5.609677419354838
2014-12-05,5.612903225806451
2014-12-06,5.616129032258065
2014-12-07,5.619354838709677
2014-12-08,5.62258064516129
2014-12-09,5.625806451612903
2014-12-10,5.629032258064516
2014-12-11,5.632258064516129
2014-12-12,5.635483870967742
2014-12-13,5.638709677419355
2014-12-14,5.641935483870967
2014-12-15,5.645161290322581
2014-12-16,5.648387096774194
2014-12-17,5.651612903225806
2014-12-18,5.654838709677419
2014-12-19,5.658064516129032
2014-12-20,5.661290322580645
2014-12-21,5.664516129032258
2014-12-22,5.667741935483871
2014-12-23,5.670967741935484
2014-12-24,5.674193548387096
2014-12-25,5.67741935483871
2014-12-26,5.680645161290323
2014-12-27,5.683870967741935
2014-12-28,5.687096774193549
2014-12-29,5.690322580645161
2014-12-30,5.693548387096774
2014-12-31,5.6967741935483875
2015-01-01,5.7
2015-01-02,5.693548387096774
2015-01-03,5.687096774193549
2015-01-04,5.680645161290323
2015-01-05,5.674193548387097
2015-01-06,5.667741935483871
2015-01-07,5.661290322580645
2015-01-08,5.65483870967742
2015-01-09,5.648387096774194
2015-01-10,5.641935483870967
2015-01-11,5.635483870967742
2015-01-12,5.629032258064516
2015-01-13,5.622580645161291
2015-01-14,5.616129032258065
2015-01-15,5.609677419354838
2015-01-16,5.603225806451613
2015-01-17,5.596774193548387
2015-01-18,5.590322580645162
2015-01-19,5.583870967741936
2015-01-20,5.577419354838709
2015-01-21,5.570967741935484
2015-01-22,5.564516129032258
2015-01-23,5.558064516129033
2015-01-24,5.551612903225807
2015-01-25,5.54516129032258
2015-01-26,5.538709677419355
2015-01-27,5.532258064516129
2015-01-28,5.525806451612903
2015-01-29,5.519354838709678
2015-01-30,5.512903225806451
2015-01-31,5.506451612903226
2015-02-01,5.5
2015-02-02,5.496428571428572
2015-02-03,5.492857142857143
2015-02-04,5.489285714285714
2015-02-05,5.485714285714286
2015-02-06,5.482142857142858
2015-02-07,5.478571428571429
2015-02-08,5.475
2015-02-09,5.4714285714285715
2015-02-10,5.467857142857143
2015-02-11,5.464285714285714
2015-02-12,5.460714285714285
2015-02-13,5.457142857142857
2015-02-14,5.453571428571429
2015-02-15,5.45
2015-02-16,5.446428571428571
2015-02-17,5.442857142857143
2015-02-18,5.439285714285715
2015-02-19,5.435714285714286
2015-02-20,5.432142857142857
2015-02-21,5.428571428571429
2015-02-22,5.425000000000001
2015-02-23,5.421428571428572
2015-02-24,5.417857142857143
2015-02-25,5.414285714285715
2015-02-26,5.4107142857142865
2015-02-27,5.4071428571428575
2015-02-28,5.4035714285714285
2015-03-01,5.4
2015-03-02,5.4
2015-03-03,5.4
2015-03-04,5.4
2015-03-05,5.4
2015-03-06,5.4
2015-03-07,5.4
2015-03-08,5.4
2015-03-09,5.4
2015-03-10,5.4
2015-03-11,5.4
2015-03-12,5.4
2015-03-13,5.4
2015-03-14,5.4
2015-03-15,5.4
2015-03-16,5.4
2015-03-17,5.4
2015-03-18,5.4
2015-03-19,5.4
2015-03-20,5.4
2015-03-21,5.4
2015-03-22,5.4
2015-03-23,5.4
2015-03-24,5.4
2015-03-25,5.4
2015-03-26,5.4
2015-03-27,5.4
2015-03-28,5.4
2015-03-29,5.4
2015-03-30,5.4
2015-03-31,5.4
2015-04-01,5.4
2015-04-02,5.406666666666667
2015-04-03,5.413333333333334
2015-04-04,5.42
2015-04-05,5.426666666666667
2015-04-06,5.433333333333334
2015-04-07,5.44
2015-04-08,5.446666666666667
2015-04-09,5.453333333333333
2015-04-10,5.46
2015-04-11,5.466666666666667
2015-04-12,5.473333333333334
2015-04-13,5.48
2015-04-14,5.486666666666666
2015-04-15,5.493333333333333
2015-04-16,5.5
2015-04-17,5.506666666666667
2015-04-18,5.513333333333334
2015-04-19,5.52
2015-04-20,5.526666666666666
2015-04-21,5.533333333333333
2015-04-22,5.54
2015-04-23,5.546666666666667
2015-04-24,5.553333333333333
2015-04-25,5.56
2015-04-26,5.566666666666666
2015-04-27,5.573333333333333
2015-04-28,5.58
2015-04-29,5.586666666666666
2015-04-30,5.593333333333333
2015-05-01,5.6
2015-05-02,5.590322580645161
2015-05-03,5.580645161290322
2015-05-04,5.570967741935483
2015-05-05,5.5612903225806445
2015-05-06,5.551612903225806
2015-05-07,5.541935483870968
2015-05-08,5.532258064516129
2015-05-09,5.52258064516129
2015-05-10,5.512903225806451
2015-05-11,5.503225806451613
2015-05-12,5.493548387096774
2015-05-13,5.483870967741935
2015-05-14,5.474193548387096
2015-05-15,5.4645161290322575
2015-05-16,5.454838709677419
2015-05-17,5.445161290322581
2015-05-18,5.435483870967742
2015-05-19,5.425806451612903
2015-05-20,5.416129032258064
2015-05-21,5.406451612903226
2015-05-22,5.396774193548387
2015-05-23,5.387096774193548
2015-05-24,5.377419354838709
2015-05-25,5.3677419354838705
2015-05-26,5.358064516129032
2015-05-27,5.348387096774194
2015-05-28,5.338709677419355
2015-05-29,5.329032258064516
2015-05-30,5.319354838709677
2015-05-31,5.309677419354839
2015-06-01,5.3
2015-06-02,5.296666666666667
2015-06-03,5.293333333333333
2015-06-04,5.29
2015-06-05,5.286666666666666
2015-06-06,5.283333333333333
2015-06-07,5.28
2015-06-08,5.276666666666666
2015-06-09,5.273333333333333
2015-06-10,5.27
2015-06-11,5.266666666666667
2015-06-12,5.263333333333334
2015-06-13,5.26
2015-06-14,5.256666666666667
2015-06-15,5.253333333333333
2015-06-16,5.25
2015-06-17,5.246666666666667
2015-06-18,5.243333333333333
2015-06-19,5.24
2015-06-20,5.236666666666666
2015-06-21,5.233333333333333
2015-06-22,5.23
2015-06-23,5.226666666666667
2015-06-24,5.223333333333334
2015-06-25,5.22
2015-06-26,5.216666666666667
2015-06-27,5.213333333333334
2015-06-28,5.21
2015-06-29,5.206666666666667
2015-06-30,5.203333333333333
2015-07-01,5.2
2015-07-02,5.1967741935483875
2015-07-03,5.193548387096774
2015-07-04,5.190322580645161
2015-07-05,5.187096774193549
2015-07-06,5.183870967741935
2015-07-07,5.180645161290323
2015-07-08,5.17741935483871
2015-07-09,5.174193548387096
2015-07-10,5.170967741935484
2015-07-11,5.167741935483871
2015-07-12,5.164516129032258
2015-07-13,5.161290322580645
2015-07-14,5.158064516129032
2015-07-15,5.154838709677419
2015-07-16,5.151612903225806
2015-07-17,5.148387096774194
2015-07-18,5.145161290322581
2015-07-19,5.141935483870967
2015-07-20,5.138709677419355
2015-07-21,5.135483870967742
2015-07-22,5.132258064516129
2015-07-23,5.129032258064516
2015-07-24,5.125806451612903
2015-07-25,5.12258064516129
2015-07-26,5.119354838709677
2015-07-27,5.116129032258065
2015-07-28,5.112903225806451
2015-07-29,5.109677419354838
2015-07-30,5.106451612903226
2015-07-31,5.103225806451612
2015-08-01,5.1
2015-08-02,5.096774193548387
2015-08-03,5.0935483870967735
2015-08-04,5.090322580645161
2015-08-05,5.087096774193548
2015-08-06,5.083870967741936
2015-08-07,5.080645161290322
2015-08-08,5.077419354838709
2015-08-09,5.074193548387097
2015-08-10,5.070967741935483
2015-08-11,5.067741935483871
2015-08-12,5.064516129032258
2015-08-13,5.061290322580645
2015-08-14,5.058064516129032
2015-08-15,5.054838709677419
2015-08-16,5.051612903225807
2015-08-17,5.048387096774193
2015-08-18,5.04516129032258
2015-08-19,5.041935483870968
2015-08-20,5.038709677419354
2015-08-21,5.035483870967742
2015-08-22,5.032258064516129
2015-08-23,5.029032258064516
2015-08-24,5.025806451612903
2015-08-25,5.02258064516129
2015-08-26,5.019354838709678
2015-08-27,5.016129032258064
2015-08-28,5.012903225806451
2015-08-29,5.009677419354839
2015-08-30,5.006451612903226
2015-08-31,5.003225806451613
2015-09-01,5.0
2015-09-02,5.0
2015-09-03,5.0
2015-09-04,5.0
2015-09-05,5.0
2015-09-06,5.0
2015-09-07,5.0
2015-09-08,5.0
2015-09-09,5.0
2015-09-10,5.0
2015-09-11,5.0
2015-09-12,5.0
2015-09-13,5.0
2015-09-14,5.0
2015-09-15,5.0
2015-09-16,5.0
2015-09-17,5.0
2015-09-18,5.0
2015-09-19,5.0
2015-09-20,5.0
2015-09-21,5.0
2015-09-22,5.0
2015-09-23,5.0
2015-09-24,5.0
2015-09-25,5.0
2015-09-26,5.0
2015-09-27,5.0
2015-09-28,5.0
2015-09-29,5.0
2015-09-30,5.0
2015-10-01,5.0
2015-10-02,5.003225806451613
2015-10-03,5.006451612903226
2015-10-04,5.009677419354839
2015-10-05,5.012903225806451
2015-10-06,5.016129032258064
2015-10-07,5.019354838709678
2015-10-08,5.02258064516129
2015-10-09,5.025806451612903
2015-10-10,5.029032258064516
2015-10-11,5.032258064516129
2015-10-12,5.035483870967742
2015-10-13,5.038709677419354
2015-10-14,5.041935483870968
2015-10-15,5.04516129032258
2015-10-16,5.048387096774193
2015-10-17,5.051612903225807
2015-10-18,5.054838709677419
2015-10-19,5.058064516129032
2015-10-20,5.061290322580645
2015-10-21,5.064516129032258
2015-10-22,5.067741935483871
2015-10-23,5.070967741935483
2015-10-24,5.074193548387097
2015-10-25,5.077419354838709
2015-10-26,5.080645161290322
2015-10-27,5.083870967741936
2015-10-28,5.087096774193548
2015-10-29,5.090322580645161
2015-10-30,5.0935483870967735
2015-10-31,5.096774193548387
2015-11-01,5.1
2015-11-02,5.096666666666667
2015-11-03,5.093333333333333
2015-11-04,5.09
2015-11-05,5.086666666666666
2015-11-06,5.083333333333333
2015-11-07,5.08
2015-11-08,5.076666666666666
2015-11-09,5.073333333333333
2015-11-10,5.069999999999999
2015-11-11,5.066666666666666
2015-11-12,5.0633333333333335
2015-11-13,5.06
2015-11-14,5.056666666666667
2015-11-15,5.053333333333333
2015-11-16,5.05
2015-11-17,5.046666666666667
2015-11-18,5.043333333333333
2015-11-19,5.04
2015-11-20,5.036666666666666
2015-11-21,5.033333333333333
2015-11-22,5.03
2015-11-23,5.026666666666666
2015-11-24,5.023333333333333
2015-11-25,5.02
2015-11-26,5.016666666666667
2015-11-27,5.013333333333334
2015-11-28,5.01
2015-11-29,5.006666666666667
2015-11-30,5.003333333333333
2015-12-01,5.0
2015-12-02,4.996774193548387
2015-12-03,4.993548387096774
2015-12-04,4.990322580645161
2015-12-05,4.987096774193549
2015-12-06,4.983870967741936
2015-12-07,4.980645161290322
2015-12-08,4.97741935483871
2015-12-09,4.974193548387097
2015-12-10,4.970967741935484
2015-12-11,4.967741935483871
2015-12-12,4.964516129032258
2015-12-13,4.961290322580646
2015-12-14,4.958064516129032
2015-12-15,4.95483870967742
2015-12-16,4.951612903225807
2015-12-17,4.948387096774193
2015-12-18,4.945161290322581
2015-12-19,4.941935483870968
2015-12-20,4.938709677419355
2015-12-21,4.935483870967742
2015-12-22,4.932258064516129
2015-12-23,4.929032258064517
2015-12-24,4.925806451612903
2015-12-25,4.922580645161291
2015-12-26,4.919354838709678
2015-12-27,4.916129032258064
2015-12-28,4.912903225806452
2015-12-29,4.909677419354839
2015-12-30,4.9064516129032265
2015-12-31,4.903225806451613
2016-01-01,4.9
2016-01-02,4.9
2016-01-03,4.9
2016-01-04,4.9
2016-01-05,4.9
2016-01-06,4.9
2016-01-07,4.9
2016-01-08,4.9
2016-01-09,4.9
2016-01-10,4.9
2016-01-11,4.9
2016-01-12,4.9
2016-01-13,4.9
2016-01-14,4.9
2016-01-15,4.9
2016-01-16,4.9
2016-01-17,4.9
2016-01-18,4.9
2016-01-19,4.9
2016-01-20,4.9
2016-01-21,4.9
2016-01-22,4.9
2016-01-23,4.9
2016-01-24,4.9
2016-01-25,4.9
2016-01-26,4.9
2016-01-27,4.9
2016-01-28,4.9
2016-01-29,4.9
2016-01-30,4.9
2016-01-31,4.9
2016-02-01,4.9
2016-02-02,4.903448275862069
2016-02-03,4.906896551724138
2016-02-04,4.910344827586207
2016-02-05,4.913793103448276
2016-02-06,4.9172413793103456
2016-02-07,4.920689655172414
2016-02-08,4.924137931034483
2016-02-09,4.927586206896552
2016-02-10,4.931034482758621
2016-02-11,4.93448275862069
2016-02-12,4.937931034482759
2016-02-13,4.941379310344828
2016-02-14,4.944827586206896
2016-02-15,4.948275862068965
2016-02-16,4.951724137931035
2016-02-17,4.955172413793104
2016-02-18,4.958620689655173
2016-02-19,4.962068965517242
2016-02-20,4.9655172413793105
2016-02-21,4.968965517241379
2016-02-22,4.972413793103448
2016-02-23,4.975862068965517
2016-02-24,4.979310344827586
2016-02-25,4.982758620689655
2016-02-26,4.9862068965517246
2016-02-27,4.989655172413793
2016-02-28,4.993103448275862
2016-02-29,4.996551724137931
2016-03-01,5.0
2016-03-02,5.0
2016-03-03,5.0
2016-03-04,5.0
2016-03-05,5.0
2016-03-06,5.0
2016-03-07,5.0
2016-03-08,5.0
2016-03-09,5.0
2016-03-10,5.0
2016-03-11,5.0
2016-03-12,5.0
2016-03-13,5.0
2016-03-14,5.0
2016-03-15,5.0
2016-03-16,5.0
2016-03-17,5.0
2016-03-18,5.0
2016-03-19,5.0
2016-03-20,5.0
2016-03-21,5.0
2016-03-22,5.0
2016-03-23,5.0
2016-03-24,5.0
2016-03-25,5.0
2016-03-26,5.0
2016-03-27,5.0
2016-03-28,5.0
2016-03-29,5.0
2016-03-30,5.0
2016-03-31,5.0
2016-04-01,5.0
2016-04-02,4.993333333333333
2016-04-03,4.986666666666666
2016-04-04,4.98
2016-04-05,4.973333333333334
2016-04-06,4.966666666666667
2016-04-07,4.96
2016-04-08,4.953333333333333
2016-04-09,4.946666666666666
2016-04-10,4.9399999999999995
2016-04-11,4.933333333333334
2016-04-12,4.926666666666667
2016-04-13,4.92
2016-04-14,4.913333333333333
2016-04-15,4.906666666666666
2016-04-16,4.9
2016-04-17,4.8933333333333335
2016-04-18,4.886666666666667
2016-04-19,4.88
2016-04-20,4.873333333333333
2016-04-21,4.866666666666666
2016-04-22,4.859999999999999
2016-04-23,4.8533333333333335
2016-04-24,4.846666666666667
2016-04-25,4.84
2016-04-26,4.833333333333333
2016-04-27,4.826666666666666
2016-04-28,4.82
2016-04-29,4.8133333333333335
2016-04-30,4.806666666666667
2016-05-01,4.8
2016-05-02,4.8032258064516125
2016-05-03,4.806451612903226
2016-05-04,4.809677419354839
2016-05-05,4.812903225806451
2016-05-06,4.816129032258065
2016-05-07,4.819354838709677
2016-05-08,4.82258064516129
2016-05-09,4.825806451612904
2016-05-10,4.829032258064516
2016-05-11,4.832258064516129
2016-05-12,4.835483870967742
2016-05-13,4.838709677419355
2016-05-14,4.841935483870968
2016-05-15,4.845161290322581
2016-05-16,4.848387096774194
2016-05-17,4.851612903225806
2016-05-18,4.854838709677419
2016-05-19,4.858064516129033
2016-05-20,4.861290322580645
2016-05-21,4.864516129032258
2016-05-22,4.867741935483871
2016-05-23,4.870967741935484
2016-05-24,4.874193548387097
2016-05-25,4.87741935483871
2016-05-26,4.880645161290323
2016-05-27,4.883870967741935
2016-05-28,4.887096774193549
2016-05-29,4.890322580645162
2016-05-30,4.893548387096774
2016-05-31,4.896774193548388
2016-06-01,4.9
2016-06-02,4.896666666666667
2016-06-03,4.8933333333333335
2016-06-04,4.890000000000001
2016-06-05,4.886666666666667
2016-06-06,4.883333333333334
2016-06-07,4.88
2016-06-08,4.876666666666667
2016-06-09,4.873333333333334
2016-06-10,4.87
2016-06-11,4.866666666666667
2016-06-12,4.863333333333333
2016-06-13,4.86
2016-06-14,4.8566666666666665
2016-06-15,4.8533333333333335
2016-06-16,4.85
2016-06-17,4.846666666666667
2016-06-18,4.843333333333334
2016-06-19,4.84
2016-06-20,4.836666666666667
2016-06-21,4.833333333333333
2016-06-22,4.83
2016-06-23,4.826666666666666
2016-06-24,4.823333333333333
2016-06-25,4.82
2016-06-26,4.816666666666666
2016-06-27,4.8133333333333335
2016-06-28,4.81
2016-06-29,4.806666666666667
2016-06-30,4.803333333333333
2016-07-01,4.8
2016-07-02,4.8032258064516125
2016-07-03,4.806451612903226
2016-07-04,4.809677419354839
2016-07-05,4.812903225806451
2016-07-06,4.816129032258065
2016-07-07,4.819354838709677
2016-07-08,4.82258064516129
2016-07-09,4.825806451612904
2016-07-10,4.829032258064516
2016-07-11,4.832258064516129
2016-07-12,4.835483870967742
2016-07-13,4.838709677419355
2016-07-14,4.841935483870968
2016-07-15,4.845161290322581
2016-07-16,4.848387096774194
2016-07-17,4.851612903225806
2016-07-18,4.854838709677419
2016-07-19,4.858064516129033
2016-07-20,4.861290322580645
2016-07-21,4.864516129032258
2016-07-22,4.867741935483871
2016-07-23,4.870967741935484
2016-07-24,4.874193548387097
2016-07-25,4.87741935483871
2016-07-26,4.880645161290323
2016-07-27,4.883870967741935
2016-07-28,4.887096774193549
2016-07-29,4.890322580645162
2016-07-30,4.893548387096774
2016-07-31,4.896774193548388
2016-08-01,4.9
2016-08-02,4.903225806451613
2016-08-03,4.9064516129032265
2016-08-04,4.909677419354839
2016-08-05,4.912903225806452
2016-08-06,4.916129032258064
2016-08-07,4.919354838709678
2016-08-08,4.922580645161291
2016-08-09,4.925806451612903
2016-08-10,4.929032258064517
2016-08-11,4.932258064516129
2016-08-12,4.935483870967742
2016-08-13,4.938709677419355
2016-08-14,4.941935483870968
2016-08-15,4.945161290322581
2016-08-16,4.948387096774193
2016-08-17,4.951612903225807
2016-08-18,4.95483870967742
2016-08-19,4.958064516129032
2016-08-20,4.961290322580646
2016-08-21,4.964516129032258
2016-08-22,4.967741935483871
2016-08-23,4.970967741935484
2016-08-24,4.974193548387097
2016-08-25,4.97741935483871
2016-08-26,4.980645161290322
2016-08-27,4.983870967741936
2016-08-28,4.987096774193549
2016-08-29,4.990322580645161
2016-08-30,4.993548387096774
2016-08-31,4.996774193548387
2016-09-01,5.0
2016-09-02,4.996666666666667
2016-09-03,4.993333333333333
2016-09-04,4.99
2016-09-05,4.986666666666666
2016-09-06,4.983333333333333
2016-09-07,4.98
2016-09-08,4.976666666666667
2016-09-09,4.973333333333334
2016-09-10,4.97
2016-09-11,4.966666666666667
2016-09-12,4.963333333333334
2016-09-13,4.96
2016-09-14,4.956666666666667
2016-09-15,4.953333333333333
2016-09-16,4.95
2016-09-17,4.946666666666667
2016-09-18,4.943333333333333
2016-09-19,4.94
2016-09-20,4.9366666666666665
2016-09-21,4.933333333333334
2016-09-22,4.930000000000001
2016-09-23,4.926666666666667
2016-09-24,4.923333333333334
2016-09-25,4.92
2016-09-26,4.916666666666667
2016-09-27,4.913333333333334
2016-09-28,4.91
2016-09-29,4.906666666666667
2016-09-30,4.903333333333333
2016-10-01,4.9
2016-10-02,4.893548387096774
2016-10-03,4.887096774193549
2016-10-04,4.880645161290323
2016-10-05,4.8741935483870975
2016-10-06,4.867741935483871
2016-10-07,4.861290322580645
2016-10-08,4.85483870967742
2016-10-09,4.848387096774194
2016-10-10,4.841935483870968
2016-10-11,4.835483870967742
2016-10-12,4.829032258064516
2016-10-13,4.822580645161291
2016-10-14,4.816129032258065
2016-10-15,4.809677419354839
2016-10-16,4.803225806451613
2016-10-17,4.796774193548387
2016-10-18,4.790322580645162
2016-10-19,4.783870967741936
2016-10-20,4.77741935483871
2016-10-21,4.770967741935484
2016-10-22,4.764516129032258
2016-10-23,4.758064516129032
2016-10-24,4.751612903225807
2016-10-25,4.745161290322581
2016-10-26,4.738709677419355
2016-10-27,4.732258064516129
2016-10-28,4.725806451612903
2016-10-29,4.719354838709678
2016-10-30,4.712903225806452
2016-10-31,4.706451612903226
2016-11-01,4.7
2016-11-02,4.7
2016-11-03,4.7
2016-11-04,4.7
2016-11-05,4.7
2016-11-06,4.7
2016-11-07,4.7
2016-11-08,4.7
2016-11-09,4.7
2016-11-10,4.7
2016-11-11,4.7
2016-11-12,4.7
2016-11-13,4.7
2016-11-14,4.7
2016-11-15,4.7
2016-11-16,4.7
2016-11-17,4.7
2016-11-18,4.7
2016-11-19,4.7
2016-11-20,4.7
2016-11-21,4.7
2016-11-22,4.7
2016-11-23,4.7
2016-11-24,4.7
2016-11-25,4.7
2016-11-26,4.7
2016-11-27,4.7
2016-11-28,4.7
2016-11-29,4.7
2016-11-30,4.7
2016-12-01,4.7
2016-12-02,4.7
2016-12-03,4.7
2016-12-04,4.7
2016-12-05,4.7
2016-12-06,4.7
2016-12-07,4.7
2016-12-08,4.7
2016-12-09,4.7
2016-12-10,4.7
2016-12-11,4.7
2016-12-12,4.7
2016-12-13,4.7
2016-12-14,4.7
2016-12-15,4.7
2016-12-16,4.7
2016-12-17,4.7
2016-12-18,4.7
2016-12-19,4.7
2016-12-20,4.7
2016-12-21,4.7
2016-12-22,4.7
2016-12-23,4.7
2016-12-24,4.7
2016-12-25,4.7
2016-12-26,4.7
2016-12-27,4.7
2016-12-28,4.7
2016-12-29,4.7
2016-12-30,4.7
2016-12-31,4.7
2017-01-01,4.7
2017-01-02,4.6967741935483875
2017-01-03,4.693548387096774
2017-01-04,4.690322580645161
2017-01-05,4.687096774193549
2017-01-06,4.683870967741935
2017-01-07,4.680645161290323
2017-01-08,4.67741935483871
2017-01-09,4.674193548387096
2017-01-10,4.670967741935484
2017-01-11,4.667741935483871
2017-01-12,4.664516129032258
2017-01-13,4.661290322580645
2017-01-14,4.658064516129032
2017-01-15,4.654838709677419
2017-01-16,4.651612903225806
2017-01-17,4.648387096774194
2017-01-18,4.645161290322581
2017-01-19,4.641935483870967
2017-01-20,4.638709677419355
2017-01-21,4.635483870967742
2017-01-22,4.632258064516129
2017-01-23,4.629032258064516
2017-01-24,4.625806451612903
2017-01-25,4.62258064516129
2017-01-26,4.619354838709677
2017-01-27,4.616129032258065
2017-01-28,4.612903225806451
2017-01-29,4.609677419354838
2017-01-30,4.606451612903226
2017-01-31,4.603225806451612
2017-02-01,4.6
2017-02-02,4.5928571428571425
2017-02-03,4.585714285714285
2017-02-04,4.578571428571428
2017-02-05,4.571428571428571
2017-02-06,4.564285714285714
2017-02-07,4.557142857142857
2017-02-08,4.55
2017-02-09,4.542857142857143
2017-02-10,4.535714285714286
2017-02-11,4.5285714285714285
2017-02-12,4.521428571428571
2017-02-13,4.514285714285714
2017-02-14,4.507142857142857
2017-02-15,4.5
2017-02-16,4.492857142857143
2017-02-17,4.485714285714286
2017-02-18,4.478571428571429
2017-02-19,4.4714285714285715
2017-02-20,4.464285714285714
2017-02-21,4.457142857142857
2017-02-22,4.45
2017-02-23,4.442857142857143
2017-02-24,4.435714285714286
2017-02-25,4.428571428571429
2017-02-26,4.421428571428572
2017-02-27,4.414285714285715
2017-02-28,4.4071428571428575
2017-03-01,4.4
2017-03-02,4.4
2017-03-03,4.4
2017-03-04,4.4
2017-03-05,4.4
2017-03-06,4.4
2017-03-07,4.4
2017-03-08,4.4
2017-03-09,4.4
2017-03-10,4.4
2017-03-11,4.4
2017-03-12,4.4
2017-03-13,4.4
2017-03-14,4.4
2017-03-15,4.4
2017-03-16,4.4
2017-03-17,4.4
2017-03-18,4.4
2017-03-19,4.4
2017-03-20,4.4
2017-03-21,4.4
2017-03-22,4.4
2017-03-23,4.4
2017-03-24,4.4
2017-03-25,4.4
2017-03-26,4.4
2017-03-27,4.4
2017-03-28,4.4
2017-03-29,4.4
2017-03-30,4.4
2017-03-31,4.4
2017-04-01,4.4
2017-04-02,4.4
2017-04-03,4.4
2017-04-04,4.4
2017-04-05,4.4
2017-04-06,4.4
2017-04-07,4.4
2017-04-08,4.4
2017-04-09,4.4
2017-04-10,4.4
2017-04-11,4.4
2017-04-12,4.4
2017-04-13,4.4
2017-04-14,4.4
2017-04-15,4.4
2017-04-16,4.4
2017-04-17,4.4
2017-04-18,4.4
2017-04-19,4.4
2017-04-20,4.4
2017-04-21,4.4
2017-04-22,4.4
2017-04-23,4.4
2017-04-24,4.4
2017-04-25,4.4
2017-04-26,4.4
2017-04-27,4.4
2017-04-28,4.4
2017-04-29,4.4
2017-04-30,4.4
2017-05-01,4.4
2017-05-02,4.396774193548388
2017-05-03,4.393548387096774
2017-05-04,4.390322580645162
2017-05-05,4.387096774193549
2017-05-06,4.383870967741935
2017-05-07,4.380645161290323
2017-05-08,4.37741935483871
2017-05-09,4.374193548387097
2017-05-10,4.370967741935484
2017-05-11,4.367741935483871
2017-05-12,4.364516129032258
2017-05-13,4.361290322580645
2017-05-14,4.358064516129033
2017-05-15,4.354838709677419
2017-05-16,4.351612903225806
2017-05-17,4.348387096774194
2017-05-18,4.345161290322581
2017-05-19,4.341935483870968
2017-05-20,4.338709677419355
2017-05-21,4.335483870967742
2017-05-22,4.332258064516129
2017-05-23,4.329032258064516
2017-05-24,4.325806451612904
2017-05-25,4.32258064516129
2017-05-26,4.319354838709677
2017-05-27,4.316129032258065
2017-05-28,4.312903225806451
2017-05-29,4.309677419354839
2017-05-30,4.306451612903226
2017-05-31,4.3032258064516125
2017-06-01,4.3
2017-06-02,4.3
2017-06-03,4.3
2017-06-04,4.3
2017-06-05,4.3
2017-06-06,4.3
2017-06-07,4.3
2017-06-08,4.3
2017-06-09,4.3
2017-06-10,4.3
2017-06-11,4.3
2017-06-12,4.3
2017-06-13,4.3
2017-06-14,4.3
2017-06-15,4.3
2017-06-16,4.3
2017-06-17,4.3
2017-06-18,4.3
2017-06-19,4.3
2017-06-20,4.3
2017-06-21,4.3
2017-06-22,4.3
2017-06-23,4.3
2017-06-24,4.3
2017-06-25,4.3
2017-06-26,4.3
2017-06-27,4.3
2017-06-28,4.3
2017-06-29,4.3
2017-06-30,4.3
2017-07-01,4.3
2017-07-02,4.3032258064516125
2017-07-03,4.306451612903226
2017-07-04,4.309677419354839
2017-07-05,4.312903225806451
2017-07-06,4.316129032258065
2017-07-07,4.319354838709677
2017-07-08,4.32258064516129
2017-07-09,4.325806451612904
2017-07-10,4.329032258064516
2017-07-11,4.332258064516129
2017-07-12,4.335483870967742
2017-07-13,4.338709677419355
2017-07-14,4.341935483870968
2017-07-15,4.345161290322581
2017-07-16,4.348387096774194
2017-07-17,4.351612903225806
2017-07-18,4.354838709677419
2017-07-19,4.358064516129033
2017-07-20,4.361290322580645
2017-07-21,4.364516129032258
2017-07-22,4.367741935483871
2017-07-23,4.370967741935484
2017-07-24,4.374193548387097
2017-07-25,4.37741935483871
2017-07-26,4.380645161290323
2017-07-27,4.383870967741935
2017-07-28,4.387096774193549
2017-07-29,4.390322580645162
2017-07-30,4.393548387096774
2017-07-31,4.396774193548388
2017-08-01,4.4
2017-08-02,4.393548387096774
2017-08-03,4.387096774193549
2017-08-04,4.380645161290323
2017-08-05,4.3741935483870975
2017-08-06,4.367741935483871
2017-08-07,4.361290322580645
2017-08-08,4.35483870967742
2017-08-09,4.348387096774194
2017-08-10,4.341935483870968
2017-08-11,4.335483870967742
2017-08-12,4.329032258064516
2017-08-13,4.322580645161291
2017-08-14,4.316129032258065
2017-08-15,4.309677419354839
2017-08-16,4.303225806451613
2017-08-17,4.296774193548387
2017-08-18,4.290322580645162
2017-08-19,4.283870967741936
2017-08-20,4.27741935483871
2017-08-21,4.270967741935484
2017-08-22,4.264516129032258
2017-08-23,4.258064516129032
2017-08-24,4.251612903225807
2017-08-25,4.245161290322581
2017-08-26,4.238709677419355
2017-08-27,4.232258064516129
2017-08-28,4.225806451612903
2017-08-29,4.219354838709678
2017-08-30,4.212903225806452
2017-08-31,4.206451612903226
2017-09-01,4.2
2017-09-02,4.196666666666667
2017-09-03,4.193333333333333
2017-09-04,4.19
2017-09-05,4.1866666666666665
2017-09-06,4.183333333333334
2017-09-07,4.18
2017-09-08,4.176666666666667
2017-09-09,4.173333333333334
2017-09-10,4.17
2017-09-11,4.166666666666667
2017-09-12,4.163333333333333
2017-09-13,4.16
2017-09-14,4.156666666666666
2017-09-15,4.153333333333333
2017-09-16,4.15
2017-09-17,4.1466666666666665
2017-09-18,4.1433333333333335
2017-09-19,4.14
2017-09-20,4.136666666666667
2017-09-21,4.133333333333333
2017-09-22,4.13
2017-09-23,4.126666666666666
2017-09-24,4.123333333333333
2017-09-25,4.12
2017-09-26,4.116666666666666
2017-09-27,4.113333333333333
2017-09-28,4.109999999999999
2017-09-29,4.1066666666666665
2017-09-30,4.103333333333333
2017-10-01,4.1
2017-10-02,4.103225806451612
2017-10-03,4.106451612903226
2017-10-04,4.109677419354838
2017-10-05,4.112903225806451
2017-10-06,4.116129032258065
2017-10-07,4.119354838709677
2017-10-08,4.12258064516129
2017-10-09,4.125806451612903
2017-10-10,4.129032258064516
2017-10-11,4.132258064516129
2017-10-12,4.135483870967742
2017-10-13,4.138709677419355
2017-10-14,4.141935483870967
2017-10-15,4.145161290322581
2017-10-16,4.148387096774194
2017-10-17,4.151612903225806
2017-10-18,4.154838709677419
2017-10-19,4.158064516129032
2017-10-20,4.161290322580645
2017-10-21,4.164516129032258
2017-10-22,4.167741935483871
2017-10-23,4.170967741935484
2017-10-24,4.174193548387096
2017-10-25,4.17741935483871
2017-10-26,4.180645161290323
2017-10-27,4.183870967741935
2017-10-28,4.187096774193549
2017-10-29,4.190322580645161
2017-10-30,4.193548387096774
2017-10-31,4.1967741935483875
2017-11-01,4.2
2017-11-02,4.196666666666667
2017-11-03,4.193333333333333
2017-11-04,4.19
2017-11-05,4.1866666666666665
2017-11-06,4.183333333333334
2017-11-07,4.18
2017-11-08,4.176666666666667
2017-11-09,4.173333333333334
2017-11-10,4.17
2017-11-11,4.166666666666667
2017-11-12,4.163333333333333
2017-11-13,4.16
2017-11-14,4.156666666666666
2017-11-15,4.153333333333333
2017-11-16,4.15
2017-11-17,4.1466666666666665
2017-11-18,4.1433333333333335
2017-11-19,4.14
2017-11-20,4.136666666666667
2017-11-21,4.133333333333333
2017-11-22,4.13
2017-11-23,4.126666666666666
2017-11-24,4.123333333333333
2017-11-25,4.12
2017-11-26,4.116666666666666
2017-11-27,4.113333333333333
2017-11-28,4.109999999999999
2017-11-29,4.1066666666666665
2017-11-30,4.103333333333333
2017-12-01,4.1
2017-12-02,4.1
2017-12-03,4.1
2017-12-04,4.1
2017-12-05,4.1
2017-12-06,4.1
2017-12-07,4.1
2017-12-08,4.1
2017-12-09,4.1
2017-12-10,4.1
2017-12-11,4.1
2017-12-12,4.1
2017-12-13,4.1
2017-12-14,4.1
2017-12-15,4.1
2017-12-16,4.1
2017-12-17,4.1
2017-12-18,4.1
2017-12-19,4.1
2017-12-20,4.1
2017-12-21,4.1
2017-12-22,4.1
2017-12-23,4.1
2017-12-24,4.1
2017-12-25,4.1
2017-12-26,4.1
2017-12-27,4.1
2017-12-28,4.1
2017-12-29,4.1
2017-12-30,4.1
2017-12-31,4.1
2018-01-01,4.1
2018-01-02,4.1
2018-01-03,4.1
2018-01-04,4.1
2018-01-05,4.1
2018-01-06,4.1
2018-01-07,4.1
2018-01-08,4.1
2018-01-09,4.1
2018-01-10,4.1
2018-01-11,4.1
2018-01-12,4.1
2018-01-13,4.1
2018-01-14,4.1
2018-01-15,4.1
2018-01-16,4.1
2018-01-17,4.1
2018-01-18,4.1
2018-01-19,4.1
2018-01-20,4.1
2018-01-21,4.1
2018-01-22,4.1
2018-01-23,4.1
2018-01-24,4.1
2018-01-25,4.1
2018-01-26,4.1
2018-01-27,4.1
2018-01-28,4.1
2018-01-29,4.1
2018-01-30,4.1
2018-01-31,4.1
2018-02-01,4.1
2018-02-02,4.0964285714285715
2018-02-03,4.0928571428571425
2018-02-04,4.0892857142857135
2018-02-05,4.085714285714285
2018-02-06,4.082142857142857
2018-02-07,4.078571428571428
2018-02-08,4.074999999999999
2018-02-09,4.071428571428571
2018-02-10,4.067857142857143
2018-02-11,4.064285714285714
2018-02-12,4.060714285714285
2018-02-13,4.057142857142857
2018-02-14,4.053571428571429
2018-02-15,4.05
2018-02-16,4.046428571428571
2018-02-17,4.042857142857143
2018-02-18,4.039285714285715
2018-02-19,4.035714285714286
2018-02-20,4.032142857142857
2018-02-21,4.0285714285714285
2018-02-22,4.025
2018-02-23,4.021428571428571
2018-02-24,4.017857142857142
2018-02-25,4.014285714285714
2018-02-26,4.010714285714286
2018-02-27,4.007142857142857
2018-02-28,4.003571428571428
2018-03-01,4.0
2018-03-02,4.0
2018-03-03,4.0
2018-03-04,4.0
2018-03-05,4.0
2018-03-06,4.0
2018-03-07,4.0
2018-03-08,4.0
2018-03-09,4.0
2018-03-10,4.0
2018-03-11,4.0
2018-03-12,4.0
2018-03-13,4.0
2018-03-14,4.0
2018-03-15,4.0
2018-03-16,4.0
2018-03-17,4.0
2018-03-18,4.0
2018-03-19,4.0
2018-03-20,4.0
2018-03-21,4.0
2018-03-22,4.0
2018-03-23,4.0
2018-03-24,4.0
2018-03-25,4.0
2018-03-26,4.0
2018-03-27,4.0
2018-03-28,4.0
2018-03-29,4.0
2018-03-30,4.0
2018-03-31,4.0
2018-04-01,4.0
2018-04-02,3.993333333333333
2018-04-03,3.986666666666667
2018-04-04,3.98
2018-04-05,3.973333333333333
2018-04-06,3.966666666666667
2018-04-07,3.96
2018-04-08,3.953333333333333
2018-04-09,3.9466666666666668
2018-04-10,3.94
2018-04-11,3.933333333333333
2018-04-12,3.9266666666666667
2018-04-13,3.92
2018-04-14,3.913333333333333
2018-04-15,3.9066666666666667
2018-04-16,3.9
2018-04-17,3.893333333333333
2018-04-18,3.8866666666666667
2018-04-19,3.88
2018-04-20,3.873333333333333
2018-04-21,3.8666666666666667
2018-04-22,3.86
2018-04-23,3.853333333333333
2018-04-24,3.8466666666666667
2018-04-25,3.84
2018-04-26,3.833333333333333
2018-04-27,3.8266666666666667
2018-04-28,3.82
2018-04-29,3.813333333333333
2018-04-30,3.8066666666666666
2018-05-01,3.8
2018-05-02,3.8064516129032255
2018-05-03,3.8129032258064512
2018-05-04,3.8193548387096774
2018-05-05,3.825806451612903
2018-05-06,3.832258064516129
2018-05-07,3.8387096774193545
2018-05-08,3.8451612903225807
2018-05-09,3.8516129032258064
2018-05-10,3.858064516129032
2018-05-11,3.864516129032258
2018-05-12,3.870967741935484
2018-05-13,3.8774193548387097
2018-05-14,3.8838709677419354
2018-05-15,3.890322580645161
2018-05-16,3.896774193548387
2018-05-17,3.903225806451613
2018-05-18,3.9096774193548387
2018-05-19,3.9161290322580644
2018-05-20,3.92258064516129
2018-05-21,3.929032258064516
2018-05-22,3.935483870967742
2018-05-23,3.9419354838709677
2018-05-24,3.9483870967741934
2018-05-25,3.954838709677419
2018-05-26,3.9612903225806453
2018-05-27,3.967741935483871
2018-05-28,3.9741935483870967
2018-05-29,3.9806451612903224
2018-05-30,3.9870967741935486
2018-05-31,3.9935483870967743
2018-06-01,4.0
2018-06-02,3.993333333333333
2018-06-03,3.986666666666667
2018-06-04,3.98
2018-06-05,3.973333333333333
2018-06-06,3.966666666666667
2018-06-07,3.96
2018-06-08,3.953333333333333
2018-06-09,3.9466666666666668
2018-06-10,3.94
2018-06-11,3.933333333333333
2018-06-12,3.9266666666666667
2018-06-13,3.92
2018-06-14,3.913333333333333
2018-06-15,3.9066666666666667
2018-06-16,3.9
2018-06-17,3.893333333333333
2018-06-18,3.8866666666666667
2018-06-19,3.88
2018-06-20,3.873333333333333
2018-06-21,3.8666666666666667
2018-06-22,3.86
2018-06-23,3.853333333333333
2018-06-24,3.8466666666666667
2018-06-25,3.84
2018-06-26,3.833333333333333
2018-06-27,3.8266666666666667
2018-06-28,3.82
2018-06-29,3.813333333333333
2018-06-30,3.8066666666666666
2018-07-01,3.8
2018-07-02,3.8
2018-07-03,3.8
2018-07-04,3.8
2018-07-05,3.8
2018-07-06,3.8
2018-07-07,3.8
2018-07-08,3.8
2018-07-09,3.8
2018-07-10,3.8
2018-07-11,3.8
2018-07-12,3.8
2018-07-13,3.8
2018-07-14,3.8
2018-07-15,3.8
2018-07-16,3.8
2018-07-17,3.8
2018-07-18,3.8
2018-07-19,3.8
2018-07-20,3.8
2018-07-21,3.8
2018-07-22,3.8
2018-07-23,3.8
2018-07-24,3.8
2018-07-25,3.8
2018-07-26,3.8
2018-07-27,3.8
2018-07-28,3.8
2018-07-29,3.8
2018-07-30,3.8
2018-07-31,3.8
2018-08-01,3.8
2018-08-02,3.7967741935483867
2018-08-03,3.793548387096774
2018-08-04,3.790322580645161
2018-08-05,3.7870967741935484
2018-08-06,3.7838709677419353
2018-08-07,3.7806451612903227
2018-08-08,3.7774193548387096
2018-08-09,3.7741935483870965
2018-08-10,3.770967741935484
2018-08-11,3.767741935483871
2018-08-12,3.764516129032258
2018-08-13,3.761290322580645
2018-08-14,3.758064516129032
2018-08-15,3.7548387096774194
2018-08-16,3.7516129032258063
2018-08-17,3.7483870967741937
2018-08-18,3.7451612903225806
2018-08-19,3.741935483870968
2018-08-20,3.738709677419355
2018-08-21,3.735483870967742
2018-08-22,3.732258064516129
2018-08-23,3.729032258064516
2018-08-24,3.7258064516129035
2018-08-25,3.7225806451612904
2018-08-26,3.7193548387096773
2018-08-27,3.7161290322580647
2018-08-28,3.7129032258064516
2018-08-29,3.709677419354839
2018-08-30,3.706451612903226
2018-08-31,3.7032258064516133
2018-09-01,3.7
2018-09-02,3.7033333333333336
2018-09-03,3.706666666666667
2018-09-04,3.71
2018-09-05,3.7133333333333334
2018-09-06,3.716666666666667
2018-09-07,3.72
2018-09-08,3.7233333333333336
2018-09-09,3.7266666666666666
2018-09-10,3.73
2018-09-11,3.7333333333333334
2018-09-12,3.736666666666667
2018-09-13,3.74
2018-09-14,3.743333333333333
2018-09-15,3.7466666666666666
2018-09-16,3.75
2018-09-17,3.7533333333333334
2018-09-18,3.756666666666667
2018-09-19,3.76
2018-09-20,3.763333333333333
2018-09-21,3.7666666666666666
2018-09-22,3.77
2018-09-23,3.7733333333333334
2018-09-24,3.7766666666666664
2018-09-25,3.78
2018-09-26,3.783333333333333
2018-09-27,3.7866666666666666
2018-09-28,3.79
2018-09-29,3.793333333333333
2018-09-30,3.7966666666666664
2018-10-01,3.8
2018-10-02,3.7967741935483867
2018-10-03,3.793548387096774
2018-10-04,3.790322580645161
2018-10-05,3.7870967741935484
2018-10-06,3.7838709677419353
2018-10-07,3.7806451612903227
2018-10-08,3.7774193548387096
2018-10-09,3.7741935483870965
2018-10-10,3.770967741935484
2018-10-11,3.767741935483871
2018-10-12,3.764516129032258
2018-10-13,3.761290322580645
2018-10-14,3.758064516129032
2018-10-15,3.7548387096774194
2018-10-16,3.7516129032258063
2018-10-17,3.7483870967741937
2018-10-18,3.7451612903225806
2018-10-19,3.741935483870968
2018-10-20,3.738709677419355
2018-10-21,3.735483870967742
2018-10-22,3.732258064516129
2018-10-23,3.729032258064516
2018-10-24,3.7258064516129035
2018-10-25,3.7225806451612904
2018-10-26,3.7193548387096773
2018-10-27,3.7161290322580647
2018-10-28,3.7129032258064516
2018-10-29,3.709677419354839
2018-10-30,3.706451612903226
2018-10-31,3.7032258064516133
2018-11-01,3.7
2018-11-02,3.706666666666667
2018-11-03,3.7133333333333334
2018-11-04,3.72
2018-11-05,3.726666666666667
2018-11-06,3.7333333333333334
2018-11-07,3.74
2018-11-08,3.7466666666666666
2018-11-09,3.7533333333333334
2018-11-10,3.7600000000000002
2018-11-11,3.7666666666666666
2018-11-12,3.7733333333333334
2018-11-13,3.7800000000000002
2018-11-14,3.7866666666666666
2018-11-15,3.7933333333333334
2018-11-16,3.8
2018-11-17,3.8066666666666666
2018-11-18,3.8133333333333335
2018-11-19,3.82
2018-11-20,3.8266666666666667
2018-11-21,3.8333333333333335
2018-11-22,3.84
2018-11-23,3.8466666666666667
2018-11-24,3.8533333333333335
2018-11-25,3.86
2018-11-26,3.8666666666666667
2018-11-27,3.873333333333333
2018-11-28,3.88
2018-11-29,3.8866666666666667
2018-11-30,3.893333333333333
2018-12-01,3.9
2018-12-02,3.903225806451613
2018-12-03,3.9064516129032256
2018-12-04,3.9096774193548387
2018-12-05,3.9129032258064513
2018-12-06,3.9161290322580644
2018-12-07,3.9193548387096775
2018-12-08,3.92258064516129
2018-12-09,3.925806451612903
2018-12-10,3.9290322580645163
2018-12-11,3.932258064516129
2018-12-12,3.935483870967742
2018-12-13,3.9387096774193546
2018-12-14,3.9419354838709677
2018-12-15,3.945161290322581
2018-12-16,3.9483870967741934
2018-12-17,3.9516129032258065
2018-12-18,3.954838709677419
2018-12-19,3.958064516129032
2018-12-20,3.9612903225806453
2018-12-21,3.964516129032258
2018-12-22,3.967741935483871
2018-12-23,3.9709677419354836
2018-12-24,3.9741935483870967
2018-12-25,3.97741935483871
2018-12-26,3.9806451612903224
2018-12-27,3.9838709677419355
2018-12-28,3.9870967741935486
2018-12-29,3.990322580645161
2018-12-30,3.9935483870967743
2018-12-31,3.996774193548387
2019-01-01,4.0
2019-01-02,3.9935483870967743
2019-01-03,3.9870967741935486
2019-01-04,3.9806451612903224
2019-01-05,3.9741935483870967
2019-01-06,3.967741935483871
2019-01-07,3.9612903225806453
2019-01-08,3.954838709677419
2019-01-09,3.9483870967741934
2019-01-10,3.9419354838709677
2019-01-11,3.935483870967742
2019-01-12,3.929032258064516
2019-01-13,3.92258064516129
2019-01-14,3.9161290322580644
2019-01-15,3.9096774193548387
2019-01-16,3.903225806451613
2019-01-17,3.896774193548387
2019-01-18,3.890322580645161
2019-01-19,3.8838709677419354
2019-01-20,3.8774193548387097
2019-01-21,3.870967741935484
2019-01-22,3.864516129032258
2019-01-23,3.858064516129032
2019-01-24,3.8516129032258064
2019-01-25,3.8451612903225807
2019-01-26,3.8387096774193545
2019-01-27,3.832258064516129
2019-01-28,3.825806451612903
2019-01-29,3.8193548387096774
2019-01-30,3.8129032258064512
2019-01-31,3.8064516129032255
2019-02-01,3.8
2019-02-02,3.8
2019-02-03,3.8
2019-02-04,3.8
2019-02-05,3.8
2019-02-06,3.8
2019-02-07,3.8
2019-02-08,3.8
2019-02-09,3.8
2019-02-10,3.8
2019-02-11,3.8
2019-02-12,3.8
2019-02-13,3.8
2019-02-14,3.8
2019-02-15,3.8
2019-02-16,3.8
2019-02-17,3.8
2019-02-18,3.8
2019-02-19,3.8
2019-02-20,3.8
2019-02-21,3.8
2019-02-22,3.8
2019-02-23,3.8
2019-02-24,3.8
2019-02-25,3.8
2019-02-26,3.8
2019-02-27,3.8
2019-02-28,3.8
2019-03-01,3.8
2019-03-02,3.793548387096774
2019-03-03,3.7870967741935484
2019-03-04,3.7806451612903222
2019-03-05,3.7741935483870965
2019-03-06,3.767741935483871
2019-03-07,3.761290322580645
2019-03-08,3.7548387096774194
2019-03-09,3.7483870967741932
2019-03-10,3.7419354838709675
2019-03-11,3.735483870967742
2019-03-12,3.729032258064516
2019-03-13,3.7225806451612904
2019-03-14,3.7161290322580642
2019-03-15,3.7096774193548385
2019-03-16,3.703225806451613
2019-03-17,3.696774193548387
2019-03-18,3.6903225806451614
2019-03-19,3.6838709677419357
2019-03-20,3.6774193548387095
2019-03-21,3.670967741935484
2019-03-22,3.664516129032258
2019-03-23,3.6580645161290324
2019-03-24,3.6516129032258067
2019-03-25,3.6451612903225805
2019-03-26,3.638709677419355
2019-03-27,3.632258064516129
2019-03-28,3.6258064516129034
2019-03-29,3.6193548387096777
2019-03-30,3.6129032258064515
2019-03-31,3.606451612903226
2019-04-01,3.6
2019-04-02,3.6
2019-04-03,3.6
2019-04-04,3.6
2019-04-05,3.6
2019-04-06,3.6
2019-04-07,3.6
2019-04-08,3.6
2019-04-09,3.6
2019-04-10,3.6
2019-04-11,3.6
2019-04-12,3.6
2019-04-13,3.6
2019-04-14,3.6
2019-04-15,3.6
2019-04-16,3.6
2019-04-17,3.6
2019-04-18,3.6
2019-04-19,3.6
2019-04-20,3.6
2019-04-21,3.6
2019-04-22,3.6
2019-04-23,3.6
2019-04-24,3.6
2019-04-25,3.6
2019-04-26,3.6
2019-04-27,3.6
2019-04-28,3.6
2019-04-29,3.6
2019-04-30,3.6
2019-05-01,3.6
2019-05-02,3.603225806451613
2019-05-03,3.606451612903226
2019-05-04,3.609677419354839
2019-05-05,3.6129032258064515
2019-05-06,3.6161290322580646
2019-05-07,3.6193548387096777
2019-05-08,3.6225806451612903
2019-05-09,3.6258064516129034
2019-05-10,3.6290322580645165
2019-05-11,3.632258064516129
2019-05-12,3.635483870967742
2019-05-13,3.638709677419355
2019-05-14,3.641935483870968
2019-05-15,3.645161290322581
2019-05-16,3.6483870967741936
2019-05-17,3.6516129032258067
2019-05-18,3.6548387096774193
2019-05-19,3.6580645161290324
2019-05-20,3.6612903225806455
2019-05-21,3.664516129032258
2019-05-22,3.667741935483871
2019-05-23,3.670967741935484
2019-05-24,3.674193548387097
2019-05-25,3.67741935483871
2019-05-26,3.6806451612903226
2019-05-27,3.6838709677419357
2019-05-28,3.6870967741935488
2019-05-29,3.6903225806451614
2019-05-30,3.6935483870967745
2019-05-31,3.696774193548387
2019-06-01,3.7
2019-06-02,3.7
2019-06-03,3.7
2019-06-04,3.7
2019-06-05,3.7
2019-06-06,3.7
2019-06-07,3.7
2019-06-08,3.7
2019-06-09,3.7
2019-06-10,3.7
2019-06-11,3.7
2019-06-12,3.7
2019-06-13,3.7
2019-06-14,3.7
2019-06-15,3.7
2019-06-16,3.7
2019-06-17,3.7
2019-06-18,3.7
2019-06-19,3.7
2019-06-20,3.7
2019-06-21,3.7
2019-06-22,3.7
2019-06-23,3.7
2019-06-24,3.7
2019-06-25,3.7
2019-06-26,3.7
2019-06-27,3.7
2019-06-28,3.7
2019-06-29,3.7
2019-06-30,3.7
2019-07-01,3.7
2019-07-02,3.7
2019-07-03,3.7
2019-07-04,3.7
2019-07-05,3.7
2019-07-06,3.7
2019-07-07,3.7
2019-07-08,3.7
2019-07-09,3.7
2019-07-10,3.7
2019-07-11,3.7
2019-07-12,3.7
2019-07-13,3.7
2019-07-14,3.7
2019-07-15,3.7
2019-07-16,3.7
2019-07-17,3.7
2019-07-18,3.7
2019-07-19,3.7
2019-07-20,3.7
2019-07-21,3.7
2019-07-22,3.7
2019-07-23,3.7
2019-07-24,3.7
2019-07-25,3.7
2019-07-26,3.7
2019-07-27,3.7
2019-07-28,3.7
2019-07-29,3.7
2019-07-30,3.7
2019-07-31,3.7
2019-08-01,3.7
2019-08-02,3.6935483870967745
2019-08-03,3.6870967741935488
2019-08-04,3.6806451612903226
2019-08-05,3.674193548387097
2019-08-06,3.667741935483871
2019-08-07,3.6612903225806455
2019-08-08,3.6548387096774193
2019-08-09,3.6483870967741936
2019-08-10,3.641935483870968
2019-08-11,3.635483870967742
2019-08-12,3.629032258064516
2019-08-13,3.6225806451612903
2019-08-14,3.6161290322580646
2019-08-15,3.609677419354839
2019-08-16,3.603225806451613
2019-08-17,3.596774193548387
2019-08-18,3.5903225806451613
2019-08-19,3.5838709677419356
2019-08-20,3.57741935483871
2019-08-21,3.570967741935484
2019-08-22,3.564516129032258
2019-08-23,3.5580645161290323
2019-08-24,3.5516129032258066
2019-08-25,3.545161290322581
2019-08-26,3.5387096774193547
2019-08-27,3.532258064516129
2019-08-28,3.5258064516129033
2019-08-29,3.5193548387096776
2019-08-30,3.5129032258064514
2019-08-31,3.5064516129032257
2019-09-01,3.5
2019-09-02,3.5033333333333334
2019-09-03,3.506666666666667
2019-09-04,3.51
2019-09-05,3.513333333333333
2019-09-06,3.5166666666666666
2019-09-07,3.52
2019-09-08,3.5233333333333334
2019-09-09,3.526666666666667
2019-09-10,3.5300000000000002
2019-09-11,3.533333333333333
2019-09-12,3.5366666666666666
2019-09-13,3.54
2019-09-14,3.5433333333333334
2019-09-15,3.546666666666667
2019-09-16,3.55
2019-09-17,3.5533333333333332
2019-09-18,3.5566666666666666
2019-09-19,3.56
2019-09-20,3.5633333333333335
2019-09-21,3.566666666666667
2019-09-22,3.5700000000000003
2019-09-23,3.5733333333333333
2019-09-24,3.5766666666666667
2019-09-25,3.58
2019-09-26,3.5833333333333335
2019-09-27,3.586666666666667
2019-09-28,3.59
2019-09-29,3.5933333333333333
2019-09-30,3.5966666666666667
2019-10-01,3.6
2019-10-02,3.596774193548387
2019-10-03,3.5935483870967744
2019-10-04,3.5903225806451613
2019-10-05,3.5870967741935487
2019-10-06,3.5838709677419356
2019-10-07,3.5806451612903225
2019-10-08,3.57741935483871
2019-10-09,3.574193548387097
2019-10-10,3.5709677419354837
2019-10-11,3.567741935483871
2019-10-12,3.564516129032258
2019-10-13,3.5612903225806454
2019-10-14,3.5580645161290323
2019-10-15,3.554838709677419
2019-10-16,3.5516129032258066
2019-10-17,3.5483870967741935
2019-10-18,3.545161290322581
2019-10-19,3.541935483870968
2019-10-20,3.5387096774193547
2019-10-21,3.535483870967742
2019-10-22,3.532258064516129
2019-10-23,3.5290322580645164
2019-10-24,3.5258064516129033
2019-10-25,3.52258064516129
2019-10-26,3.5193548387096776
2019-10-27,3.5161290322580645
2019-10-28,3.5129032258064514
2019-10-29,3.509677419354839
2019-10-30,3.5064516129032257
2019-10-31,3.503225806451613
2019-11-01,3.5
2019-11-02,3.5
2019-11-03,3.5
2019-11-04,3.5
2019-11-05,3.5
2019-11-06,3.5
2019-11-07,3.5
2019-11-08,3.5
2019-11-09,3.5
2019-11-10,3.5
2019-11-11,3.5
2019-11-12,3.5
2019-11-13,3.5
2019-11-14,3.5
2019-11-15,3.5
2019-11-16,3.5
2019-11-17,3.5
2019-11-18,3.5
2019-11-19,3.5
2019-11-20,3.5
2019-11-21,3.5
2019-11-22,3.5
2019-11-23,3.5
2019-11-24,3.5
2019-11-25,3.5
2019-11-26,3.5
2019-11-27,3.5
2019-11-28,3.5
2019-11-29,3.5
2019-11-30,3.5
2019-12-01,3.5
2019-12-02,3.503225806451613
2019-12-03,3.5064516129032257
2019-12-04,3.509677419354839
2019-12-05,3.5129032258064514
2019-12-06,3.5161290322580645
2019-12-07,3.5193548387096776
2019-12-08,3.52258064516129
2019-12-09,3.5258064516129033
2019-12-10,3.5290322580645164
2019-12-11,3.532258064516129
2019-12-12,3.535483870967742
2019-12-13,3.5387096774193547
2019-12-14,3.541935483870968
2019-12-15,3.545161290322581
2019-12-16,3.5483870967741935
2019-12-17,3.5516129032258066
2019-12-18,3.554838709677419
2019-12-19,3.5580645161290323
2019-12-20,3.5612903225806454
2019-12-21,3.564516129032258
2019-12-22,3.567741935483871
2019-12-23,3.570967741935484
2019-12-24,3.574193548387097
2019-12-25,3.57741935483871
2019-12-26,3.5806451612903225
2019-12-27,3.5838709677419356
2019-12-28,3.5870967741935487
2019-12-29,3.5903225806451613
2019-12-30,3.5935483870967744
2019-12-31,3.596774193548387
2020-01-01,3.6
2020-01-02,3.596774193548387
2020-01-03,3.5935483870967744
2020-01-04,3.5903225806451613
2020-01-05,3.5870967741935487
2020-01-06,3.5838709677419356
2020-01-07,3.5806451612903225
2020-01-08,3.57741935483871
2020-01-09,3.574193548387097
2020-01-10,3.5709677419354837
2020-01-11,3.567741935483871
2020-01-12,3.564516129032258
2020-01-13,3.5612903225806454
2020-01-14,3.5580645161290323
2020-01-15,3.554838709677419
2020-01-16,3.5516129032258066
2020-01-17,3.5483870967741935
2020-01-18,3.545161290322581
2020-01-19,3.541935483870968
2020-01-20,3.5387096774193547
2020-01-21,3.535483870967742
2020-01-22,3.532258064516129
2020-01-23,3.5290322580645164
2020-01-24,3.5258064516129033
2020-01-25,3.52258064516129
2020-01-26,3.5193548387096776
2020-01-27,3.5161290322580645
2020-01-28,3.5129032258064514
2020-01-29,3.509677419354839
2020-01-30,3.5064516129032257
2020-01-31,3.503225806451613
2020-02-01,3.5
2020-02-02,3.5310344827586206
2020-02-03,3.5620689655172413
2020-02-04,3.593103448275862
2020-02-05,3.624137931034483
2020-02-06,3.6551724137931036
2020-02-07,3.6862068965517243
2020-02-08,3.717241379310345
2020-02-09,3.7482758620689656
2020-02-10,3.779310344827586
2020-02-11,3.810344827586207
2020-02-12,3.841379310344828
2020-02-13,3.8724137931034486
2020-02-14,3.903448275862069
2020-02-15,3.93448275862069
2020-02-16,3.9655172413793105
2020-02-17,3.996551724137931
2020-02-18,4.027586206896552
2020-02-19,4.058620689655172
2020-02-20,4.089655172413793
2020-02-21,4.120689655172414
2020-02-22,4.151724137931035
2020-02-23,4.182758620689656
2020-02-24,4.2137931034482765
2020-02-25,4.244827586206897
2020-02-26,4.275862068965518
2020-02-27,4.306896551724138
2020-02-28,4.337931034482759
2020-02-29,4.36896551724138
2020-03-01,4.4
2020-03-02,4.4
2020-03-03,4.4
2020-03-04,4.4
2020-03-05,4.4
2020-03-06,4.4
2020-03-07,4.4
2020-03-08,4.4
2020-03-09,4.4
2020-03-10,4.4
2020-03-11,4.4
2020-03-12,4.4
2020-03-13,4.4
2020-03-14,4.4
2020-03-15,4.4
2020-03-16,4.4
2020-03-17,4.4
2020-03-18,4.4
2020-03-19,4.4
2020-03-20,4.4
2020-03-21,4.4
2020-03-22,4.4
2020-03-23,4.4
2020-03-24,4.4
2020-03-25,4.4
2020-03-26,4.4
2020-03-27,4.4
2020-03-28,4.4
2020-03-29,4.4
2020-03-30,4.4
2020-03-31,4.4
2020-04-01,4.4
2020-04-02,4.4
2020-04-03,4.4
2020-04-04,4.4
2020-04-05,4.4
2020-04-06,4.4
2020-04-07,4.4
2020-04-08,4.4
2020-04-09,4.4
2020-04-10,4.4
2020-04-11,4.4
