Date,ICSA
2013-04-14,354142.85714285716
2013-04-15,352285.71428571426
2013-04-16,350428.5714285714
2013-04-17,348571.4285714286
2013-04-18,346714.28571428574
2013-04-19,344857.14285714284
2013-04-20,343000.0
2013-04-21,341285.71428571426
2013-04-22,339571.4285714286
2013-04-23,337857.14285714284
2013-04-24,336142.85714285716
2013-04-25,334428.5714285714
2013-04-26,332714.28571428574
2013-04-27,331000.0
2013-04-28,331571.4285714286
2013-04-29,332142.85714285716
2013-04-30,332714.28571428574
2013-05-01,333285.71428571426
2013-05-02,333857.14285714284
2013-05-03,334428.5714285714
2013-05-04,335000.0
2013-05-05,338571.4285714286
2013-05-06,342142.85714285716
2013-05-07,345714.28571428574
2013-05-08,349285.71428571426
2013-05-09,352857.14285714284
2013-05-10,356428.5714285714
2013-05-11,360000.0
2013-05-12,357571.4285714286
2013-05-13,355142.85714285716
2013-05-14,352714.28571428574
2013-05-15,350285.71428571426
2013-05-16,347857.14285714284
2013-05-17,345428.5714285714
2013-05-18,343000.0
2013-05-19,344428.5714285714
2013-05-20,345857.14285714284
2013-05-21,347285.71428571426
2013-05-22,348714.28571428574
2013-05-23,350142.85714285716
2013-05-24,351571.4285714286
2013-05-25,353000.0
2013-05-26,352000.0
2013-05-27,351000.0
2013-05-28,350000.0
2013-05-29,349000.0
2013-05-30,348000.0
2013-05-31,347000.0
2013-06-01,346000.0
2013-06-02,344714.28571428574
2013-06-03,343428.5714285714
2013-06-04,342142.85714285716
2013-06-05,340857.14285714284
2013-06-06,339571.4285714286
2013-06-07,338285.71428571426
2013-06-08,337000.0
2013-06-09,339285.71428571426
2013-06-10,341571.4285714286
2013-06-11,343857.14285714284
2013-06-12,346142.85714285716
2013-06-13,348428.5714285714
2013-06-14,350714.28571428574
2013-06-15,353000.0
2013-06-16,352142.85714285716
2013-06-17,351285.71428571426
2013-06-18,350428.5714285714
2013-06-19,349571.4285714286
2013-06-20,348714.28571428574
2013-06-21,347857.14285714284
2013-06-22,347000.0
2013-06-23,346000.0
2013-06-24,345000.0
2013-06-25,344000.0
2013-06-26,343000.0
2013-06-27,342000.0
2013-06-28,341000.0
2013-06-29,340000.0
2013-06-30,341571.4285714286
2013-07-01,343142.85714285716
2013-07-02,344714.28571428574
2013-07-03,346285.71428571426
2013-07-04,347857.14285714284
2013-07-05,349428.5714285714
2013-07-06,351000.0
2013-07-07,350000.0
2013-07-08,349000.0
2013-07-09,348000.0
2013-07-10,347000.0
2013-07-11,346000.0
2013-07-12,345000.0
2013-07-13,344000.0
2013-07-14,345571.4285714286
2013-07-15,347142.85714285716
2013-07-16,348714.28571428574
2013-07-17,350285.71428571426
2013-07-18,351857.14285714284
2013-07-19,353428.5714285714
2013-07-20,355000.0
2013-07-21,352000.0
2013-07-22,349000.0
2013-07-23,346000.0
2013-07-24,343000.0
2013-07-25,340000.0
2013-07-26,337000.0
2013-07-27,334000.0
2013-07-28,334714.28571428574
2013-07-29,335428.5714285714
2013-07-30,336142.85714285716
2013-07-31,336857.14285714284
2013-08-01,337571.4285714286
2013-08-02,338285.71428571426
2013-08-03,339000.0
2013-08-04,337285.71428571426
2013-08-05,335571.4285714286
2013-08-06,333857.14285714284
2013-08-07,332142.85714285716
2013-08-08,330428.5714285714
2013-08-09,328714.28571428574
2013-08-10,327000.0
2013-08-11,328857.14285714284
2013-08-12,330714.28571428574
2013-08-13,332571.4285714286
2013-08-14,334428.5714285714
2013-08-15,336285.71428571426
2013-08-16,338142.85714285716
2013-08-17,340000.0
2013-08-18,339428.5714285714
2013-08-19,338857.14285714284
2013-08-20,338285.71428571426
2013-08-21,337714.28571428574
2013-08-22,337142.85714285716
2013-08-23,336571.4285714286
2013-08-24,336000.0
2013-08-25,334428.5714285714
2013-08-26,332857.14285714284
2013-08-27,331285.71428571426
2013-08-28,329714.28571428574
2013-08-29,328142.85714285716
2013-08-30,326571.4285714286
2013-08-31,325000.0
2013-09-01,321428.5714285714
2013-09-02,317857.14285714284
2013-09-03,314285.71428571426
2013-09-04,310714.28571428574
2013-09-05,307142.85714285716
2013-09-06,303571.4285714286
2013-09-07,300000.0
2013-09-08,303285.71428571426
2013-09-09,306571.4285714286
2013-09-10,309857.14285714284
2013-09-11,313142.85714285716
2013-09-12,316428.5714285714
2013-09-13,319714.28571428574
2013-09-14,323000.0
2013-09-15,321714.28571428574
2013-09-16,320428.5714285714
2013-09-17,319142.85714285716
2013-09-18,317857.14285714284
2013-09-19,316571.4285714286
2013-09-20,315285.71428571426
2013-09-21,314000.0
2013-09-22,314714.28571428574
2013-09-23,315428.5714285714
2013-09-24,316142.85714285716
2013-09-25,316857.14285714284
2013-09-26,317571.4285714286
2013-09-27,318285.71428571426
2013-09-28,319000.0
2013-09-29,326000.0
2013-09-30,333000.0
2013-10-01,340000.0
2013-10-02,347000.0
2013-10-03,354000.0
2013-10-04,361000.0
2013-10-05,368000.0
2013-10-06,368000.0
2013-10-07,368000.0
2013-10-08,368000.0
2013-10-09,368000.0
2013-10-10,368000.0
2013-10-11,368000.0
2013-10-12,368000.0
2013-10-13,365571.4285714286
2013-10-14,363142.85714285716
2013-10-15,360714.28571428574
2013-10-16,358285.71428571426
2013-10-17,355857.14285714284
2013-10-18,353428.5714285714
2013-10-19,351000.0
2013-10-20,350428.5714285714
2013-10-21,349857.14285714284
2013-10-22,349285.71428571426
2013-10-23,348714.28571428574
2013-10-24,348142.85714285716
2013-10-25,347571.4285714286
2013-10-26,347000.0
2013-10-27,346285.71428571426
2013-10-28,345571.4285714286
2013-10-29,344857.14285714284
2013-10-30,344142.85714285716
2013-10-31,343428.5714285714
2013-11-01,342714.28571428574
2013-11-02,342000.0
2013-11-03,341714.28571428574
2013-11-04,341428.5714285714
2013-11-05,341142.85714285716
2013-11-06,340857.14285714284
2013-11-07,340571.4285714286
2013-11-08,340285.71428571426
2013-11-09,340000.0
2013-11-10,338714.28571428574
2013-11-11,337428.5714285714
2013-11-12,336142.85714285716
2013-11-13,334857.14285714284
2013-11-14,333571.4285714286
2013-11-15,332285.71428571426
2013-11-16,331000.0
2013-11-17,328857.14285714284
2013-11-18,326714.28571428574
2013-11-19,324571.4285714286
2013-11-20,322428.5714285714
2013-11-21,320285.71428571426
2013-11-22,318142.85714285716
2013-11-23,316000.0
2013-11-24,315428.5714285714
2013-11-25,314857.14285714284
2013-11-26,314285.71428571426
2013-11-27,313714.28571428574
2013-11-28,313142.85714285716
2013-11-29,312571.4285714286
2013-11-30,312000.0
2013-12-01,318000.0
2013-12-02,324000.0
2013-12-03,330000.0
2013-12-04,336000.0
2013-12-05,342000.0
2013-12-06,348000.0
2013-12-07,354000.0
2013-12-08,355428.5714285714
2013-12-09,356857.14285714284
2013-12-10,358285.71428571426
2013-12-11,359714.28571428574
2013-12-12,361142.85714285716
2013-12-13,362571.4285714286
2013-12-14,364000.0
2013-12-15,359714.28571428574
2013-12-16,355428.5714285714
2013-12-17,351142.85714285716
2013-12-18,346857.14285714284
2013-12-19,342571.4285714286
2013-12-20,338285.7142857143
2013-12-21,334000.0
2013-12-22,333714.28571428574
2013-12-23,333428.5714285714
2013-12-24,333142.85714285716
2013-12-25,332857.14285714284
2013-12-26,332571.4285714286
2013-12-27,332285.71428571426
2013-12-28,332000.0
2013-12-29,330571.4285714286
2013-12-30,329142.85714285716
2013-12-31,327714.28571428574
2014-01-01,326285.71428571426
2014-01-02,324857.14285714284
2014-01-03,323428.5714285714
2014-01-04,322000.0
2014-01-05,321428.5714285714
2014-01-06,320857.14285714284
2014-01-07,320285.71428571426
2014-01-08,319714.28571428574
2014-01-09,319142.85714285716
2014-01-10,318571.4285714286
2014-01-11,318000.0
2014-01-12,319285.71428571426
2014-01-13,320571.4285714286
2014-01-14,321857.14285714284
2014-01-15,323142.85714285716
2014-01-16,324428.5714285714
2014-01-17,325714.28571428574
2014-01-18,327000.0
2014-01-19,328857.14285714284
2014-01-20,330714.28571428574
2014-01-21,332571.4285714286
2014-01-22,334428.5714285714
2014-01-23,336285.71428571426
2014-01-24,338142.85714285716
2014-01-25,340000.0
2014-01-26,338714.28571428574
2014-01-27,337428.5714285714
2014-01-28,336142.85714285716
2014-01-29,334857.14285714284
2014-01-30,333571.4285714286
2014-01-31,332285.71428571426
2014-02-01,331000.0
2014-02-02,331857.14285714284
2014-02-03,332714.28571428574
2014-02-04,333571.4285714286
2014-02-05,334428.5714285714
2014-02-06,335285.71428571426
2014-02-07,336142.85714285716
2014-02-08,337000.0
2014-02-09,336285.71428571426
2014-02-10,335571.4285714286
2014-02-11,334857.14285714284
2014-02-12,334142.85714285716
2014-02-13,333428.5714285714
2014-02-14,332714.28571428574
2014-02-15,332000.0
2014-02-16,333285.71428571426
2014-02-17,334571.4285714286
2014-02-18,335857.14285714284
2014-02-19,337142.85714285716
2014-02-20,338428.5714285714
2014-02-21,339714.28571428574
2014-02-22,341000.0
2014-02-23,337857.14285714284
2014-02-24,334714.28571428574
2014-02-25,331571.4285714286
2014-02-26,328428.5714285714
2014-02-27,325285.71428571426
2014-02-28,322142.85714285716
2014-03-01,319000.0
2014-03-02,319428.5714285714
2014-03-03,319857.14285714284
2014-03-04,320285.71428571426
2014-03-05,320714.28571428574
2014-03-06,321142.85714285716
2014-03-07,321571.4285714286
2014-03-08,322000.0
2014-03-09,321857.14285714284
2014-03-10,321714.28571428574
2014-03-11,321571.4285714286
2014-03-12,321428.5714285714
2014-03-13,321285.71428571426
2014-03-14,321142.85714285716
2014-03-15,321000.0
2014-03-16,319857.14285714284
2014-03-17,318714.28571428574
2014-03-18,317571.4285714286
2014-03-19,316428.5714285714
2014-03-20,315285.71428571426
2014-03-21,314142.85714285716
2014-03-22,313000.0
2014-03-23,315428.5714285714
2014-03-24,317857.14285714284
2014-03-25,320285.71428571426
2014-03-26,322714.28571428574
2014-03-27,325142.85714285716
2014-03-28,327571.4285714286
2014-03-29,330000.0
2014-03-30,327285.71428571426
2014-03-31,324571.4285714286
2014-04-01,321857.14285714284
2014-04-02,319142.85714285716
2014-04-03,316428.5714285714
2014-04-04,313714.28571428574
2014-04-05,311000.0
2014-04-06,310571.4285714286
2014-04-07,310142.85714285716
2014-04-08,309714.28571428574
2014-04-09,309285.71428571426
2014-04-10,308857.14285714284
2014-04-11,308428.5714285714
2014-04-12,308000.0
2014-04-13,310714.28571428574
2014-04-14,313428.5714285714
2014-04-15,316142.85714285716
2014-04-16,318857.14285714284
2014-04-17,321571.4285714286
2014-04-18,324285.71428571426
2014-04-19,327000.0
2014-04-20,329571.4285714286
2014-04-21,332142.85714285716
2014-04-22,334714.28571428574
2014-04-23,337285.71428571426
2014-04-24,339857.14285714284
2014-04-25,342428.5714285714
2014-04-26,345000.0
2014-04-27,342142.85714285716
2014-04-28,339285.71428571426
2014-04-29,336428.5714285714
2014-04-30,333571.4285714286
2014-05-01,330714.28571428574
2014-05-02,327857.14285714284
2014-05-03,325000.0
2014-05-04,321857.14285714284
2014-05-05,318714.28571428574
2014-05-06,315571.4285714286
2014-05-07,312428.5714285714
2014-05-08,309285.71428571426
2014-05-09,306142.85714285716
2014-05-10,303000.0
2014-05-11,306000.0
2014-05-12,309000.0
2014-05-13,312000.0
2014-05-14,315000.0
2014-05-15,318000.0
2014-05-16,321000.0
2014-05-17,324000.0
2014-05-18,321285.71428571426
2014-05-19,318571.4285714286
2014-05-20,315857.14285714284
2014-05-21,313142.85714285716
2014-05-22,310428.5714285714
2014-05-23,307714.28571428574
2014-05-24,305000.0
2014-05-25,306000.0
2014-05-26,307000.0
2014-05-27,308000.0
2014-05-28,309000.0
2014-05-29,310000.0
2014-05-30,311000.0
2014-05-31,312000.0
2014-06-01,312714.28571428574
2014-06-02,313428.5714285714
2014-06-03,314142.85714285716
2014-06-04,314857.14285714284
2014-06-05,315571.4285714286
2014-06-06,316285.71428571426
2014-06-07,317000.0
2014-06-08,316571.4285714286
2014-06-09,316142.85714285716
2014-06-10,315714.28571428574
2014-06-11,315285.71428571426
2014-06-12,314857.14285714284
2014-06-13,314428.5714285714
2014-06-14,314000.0
2014-06-15,314142.85714285716
2014-06-16,314285.71428571426
2014-06-17,314428.5714285714
2014-06-18,314571.4285714286
2014-06-19,314714.28571428574
2014-06-20,314857.14285714284
2014-06-21,315000.0
2014-06-22,314000.0
2014-06-23,313000.0
2014-06-24,312000.0
2014-06-25,311000.0
2014-06-26,310000.0
2014-06-27,309000.0
2014-06-28,308000.0
2014-06-29,307142.85714285716
2014-06-30,306285.71428571426
2014-07-01,305428.5714285714
2014-07-02,304571.4285714286
2014-07-03,303714.28571428574
2014-07-04,302857.14285714284
2014-07-05,302000.0
2014-07-06,302857.14285714284
2014-07-07,303714.28571428574
2014-07-08,304571.4285714286
2014-07-09,305428.5714285714
2014-07-10,306285.71428571426
2014-07-11,307142.85714285716
2014-07-12,308000.0
2014-07-13,306000.0
2014-07-14,304000.0
2014-07-15,302000.0
2014-07-16,300000.0
2014-07-17,298000.0
2014-07-18,296000.0
2014-07-19,294000.0
2014-07-20,295285.71428571426
2014-07-21,296571.4285714286
2014-07-22,297857.14285714284
2014-07-23,299142.85714285716
2014-07-24,300428.5714285714
2014-07-25,301714.28571428574
2014-07-26,303000.0
2014-07-27,301857.14285714284
2014-07-28,300714.28571428574
2014-07-29,299571.4285714286
2014-07-30,298428.5714285714
2014-07-31,297285.71428571426
2014-08-01,296142.85714285716
2014-08-02,295000.0
2014-08-03,297000.0
2014-08-04,299000.0
2014-08-05,301000.0
2014-08-06,303000.0
2014-08-07,305000.0
2014-08-08,307000.0
2014-08-09,309000.0
2014-08-10,308142.85714285716
2014-08-11,307285.71428571426
2014-08-12,306428.5714285714
2014-08-13,305571.4285714286
2014-08-14,304714.28571428574
2014-08-15,303857.14285714284
2014-08-16,303000.0
2014-08-17,302571.4285714286
2014-08-18,302142.85714285716
2014-08-19,301714.28571428574
2014-08-20,301285.71428571426
2014-08-21,300857.14285714284
2014-08-22,300428.5714285714
2014-08-23,300000.0
2014-08-24,300428.5714285714
2014-08-25,300857.14285714284
2014-08-26,301285.71428571426
2014-08-27,301714.28571428574
2014-08-28,302142.85714285716
2014-08-29,302571.4285714286
2014-08-30,303000.0
2014-08-31,303571.4285714286
2014-09-01,304142.85714285716
2014-09-02,304714.28571428574
2014-09-03,305285.71428571426
2014-09-04,305857.14285714284
2014-09-05,306428.5714285714
2014-09-06,307000.0
2014-09-07,304285.71428571426
2014-09-08,301571.4285714286
2014-09-09,298857.14285714284
2014-09-10,296142.85714285716
2014-09-11,293428.5714285714
2014-09-12,290714.28571428574
2014-09-13,288000.0
2014-09-14,289000.0
2014-09-15,290000.0
2014-09-16,291000.0
2014-09-17,292000.0
2014-09-18,293000.0
2014-09-19,294000.0
2014-09-20,295000.0
2014-09-21,294285.71428571426
2014-09-22,293571.4285714286
2014-09-23,292857.14285714284
2014-09-24,292142.85714285716
2014-09-25,291428.5714285714
2014-09-26,290714.28571428574
2014-09-27,290000.0
2014-09-28,290428.5714285714
2014-09-29,290857.14285714284
2014-09-30,291285.71428571426
2014-10-01,291714.28571428574
2014-10-02,292142.85714285716
2014-10-03,292571.4285714286
2014-10-04,293000.0
2014-10-05,291285.71428571426
2014-10-06,289571.4285714286
2014-10-07,287857.14285714284
2014-10-08,286142.85714285716
2014-10-09,284428.5714285714
2014-10-10,282714.28571428574
2014-10-11,281000.0
2014-10-12,282285.71428571426
2014-10-13,283571.4285714286
2014-10-14,284857.14285714284
2014-10-15,286142.85714285716
2014-10-16,287428.5714285714
2014-10-17,288714.28571428574
2014-10-18,290000.0
2014-10-19,290142.85714285716
2014-10-20,290285.71428571426
2014-10-21,290428.5714285714
2014-10-22,290571.4285714286
2014-10-23,290714.28571428574
2014-10-24,290857.14285714284
2014-10-25,291000.0
2014-10-26,289428.5714285714
2014-10-27,287857.14285714284
2014-10-28,286285.71428571426
2014-10-29,284714.28571428574
2014-10-30,283142.85714285716
2014-10-31,281571.4285714286
2014-11-01,280000.0
2014-11-02,281571.4285714286
2014-11-03,283142.85714285716
2014-11-04,284714.28571428574
2014-11-05,286285.71428571426
2014-11-06,287857.14285714284
2014-11-07,289428.5714285714
2014-11-08,291000.0
2014-11-09,291285.71428571426
2014-11-10,291571.4285714286
2014-11-11,291857.14285714284
2014-11-12,292142.85714285716
2014-11-13,292428.5714285714
2014-11-14,292714.28571428574
2014-11-15,293000.0
2014-11-16,294428.5714285714
2014-11-17,295857.14285714284
2014-11-18,297285.71428571426
2014-11-19,298714.28571428574
2014-11-20,300142.85714285716
2014-11-21,301571.4285714286
2014-11-22,303000.0
2014-11-23,301285.71428571426
2014-11-24,299571.4285714286
2014-11-25,297857.14285714284
2014-11-26,296142.85714285716
2014-11-27,294428.5714285714
2014-11-28,292714.28571428574
2014-11-29,291000.0
2014-11-30,291000.0
2014-12-01,291000.0
2014-12-02,291000.0
2014-12-03,291000.0
2014-12-04,291000.0
2014-12-05,291000.0
2014-12-06,291000.0
2014-12-07,290285.71428571426
2014-12-08,289571.4285714286
2014-12-09,288857.14285714284
2014-12-10,288142.85714285716
2014-12-11,287428.5714285714
2014-12-12,286714.28571428574
2014-12-13,286000.0
2014-12-14,284571.4285714286
2014-12-15,283142.85714285716
2014-12-16,281714.28571428574
2014-12-17,280285.71428571426
2014-12-18,278857.14285714284
2014-12-19,277428.5714285714
2014-12-20,276000.0
2014-12-21,277285.71428571426
2014-12-22,278571.4285714286
2014-12-23,279857.14285714284
2014-12-24,281142.85714285716
2014-12-25,282428.5714285714
2014-12-26,283714.28571428574
2014-12-27,285000.0
2014-12-28,286285.71428571426
2014-12-29,287571.4285714286
2014-12-30,288857.14285714284
2014-12-31,290142.85714285716
2015-01-01,291428.5714285714
2015-01-02,292714.28571428574
2015-01-03,294000.0
2015-01-04,295428.5714285714
2015-01-05,296857.14285714284
2015-01-06,298285.71428571426
2015-01-07,299714.28571428574
2015-01-08,301142.85714285716
2015-01-09,302571.4285714286
2015-01-10,304000.0
2015-01-11,303142.85714285716
2015-01-12,302285.71428571426
2015-01-13,301428.5714285714
2015-01-14,300571.4285714286
2015-01-15,299714.28571428574
2015-01-16,298857.14285714284
2015-01-17,298000.0
2015-01-18,292714.28571428574
2015-01-19,287428.5714285714
2015-01-20,282142.85714285716
2015-01-21,276857.14285714284
2015-01-22,271571.4285714286
2015-01-23,266285.7142857143
2015-01-24,261000.0
2015-01-25,263857.14285714284
2015-01-26,266714.28571428574
2015-01-27,269571.4285714286
2015-01-28,272428.5714285714
2015-01-29,275285.71428571426
2015-01-30,278142.85714285716
2015-01-31,281000.0
2015-02-01,283428.5714285714
2015-02-02,285857.14285714284
2015-02-03,288285.71428571426
2015-02-04,290714.28571428574
2015-02-05,293142.85714285716
2015-02-06,295571.4285714286
2015-02-07,298000.0
2015-02-08,296142.85714285716
2015-02-09,294285.71428571426
2015-02-10,292428.5714285714
2015-02-11,290571.4285714286
2015-02-12,288714.28571428574
2015-02-13,286857.14285714284
2015-02-14,285000.0
2015-02-15,287857.14285714284
2015-02-16,290714.28571428574
2015-02-17,293571.4285714286
2015-02-18,296428.5714285714
2015-02-19,299285.71428571426
2015-02-20,302142.85714285716
2015-02-21,305000.0
2015-02-22,306714.28571428574
2015-02-23,308428.5714285714
2015-02-24,310142.85714285716
2015-02-25,311857.14285714284
2015-02-26,313571.4285714286
2015-02-27,315285.71428571426
2015-02-28,317000.0
2015-03-01,313571.4285714286
2015-03-02,310142.85714285716
2015-03-03,306714.28571428574
2015-03-04,303285.71428571426
2015-03-05,299857.14285714284
2015-03-06,296428.5714285714
2015-03-07,293000.0
2015-03-08,292571.4285714286
2015-03-09,292142.85714285716
2015-03-10,291714.28571428574
2015-03-11,291285.71428571426
2015-03-12,290857.14285714284
2015-03-13,290428.5714285714
2015-03-14,290000.0
2015-03-15,289142.85714285716
2015-03-16,288285.71428571426
2015-03-17,287428.5714285714
2015-03-18,286571.4285714286
2015-03-19,285714.28571428574
2015-03-20,284857.14285714284
2015-03-21,284000.0
2015-03-22,281857.14285714284
2015-03-23,279714.28571428574
2015-03-24,277571.4285714286
2015-03-25,275428.5714285714
2015-03-26,273285.71428571426
2015-03-27,271142.85714285716
2015-03-28,269000.0
2015-03-29,270857.14285714284
2015-03-30,272714.28571428574
2015-03-31,274571.4285714286
2015-04-01,276428.5714285714
2015-04-02,278285.71428571426
2015-04-03,280142.85714285716
2015-04-04,282000.0
2015-04-05,284285.71428571426
2015-04-06,286571.4285714286
2015-04-07,288857.14285714284
2015-04-08,291142.85714285716
2015-04-09,293428.5714285714
2015-04-10,295714.28571428574
2015-04-11,298000.0
2015-04-12,297571.4285714286
2015-04-13,297142.85714285716
2015-04-14,296714.28571428574
2015-04-15,296285.71428571426
2015-04-16,295857.14285714284
2015-04-17,295428.5714285714
2015-04-18,295000.0
2015-04-19,291285.71428571426
2015-04-20,287571.4285714286
2015-04-21,283857.14285714284
2015-04-22,280142.85714285716
2015-04-23,276428.5714285714
2015-04-24,272714.28571428574
2015-04-25,269000.0
2015-04-26,268714.28571428574
2015-04-27,268428.5714285714
2015-04-28,268142.85714285716
2015-04-29,267857.14285714284
2015-04-30,267571.4285714286
2015-05-01,267285.71428571426
2015-05-02,267000.0
2015-05-03,267571.4285714286
2015-05-04,268142.85714285716
2015-05-05,268714.28571428574
2015-05-06,269285.71428571426
2015-05-07,269857.14285714284
2015-05-08,270428.5714285714
2015-05-09,271000.0
2015-05-10,271714.28571428574
2015-05-11,272428.5714285714
2015-05-12,273142.85714285716
2015-05-13,273857.14285714284
2015-05-14,274571.4285714286
2015-05-15,275285.71428571426
2015-05-16,276000.0
2015-05-17,276714.28571428574
2015-05-18,277428.5714285714
2015-05-19,278142.85714285716
2015-05-20,278857.14285714284
2015-05-21,279571.4285714286
2015-05-22,280285.71428571426
2015-05-23,281000.0
2015-05-24,280142.85714285716
2015-05-25,279285.71428571426
2015-05-26,278428.5714285714
2015-05-27,277571.4285714286
2015-05-28,276714.28571428574
2015-05-29,275857.14285714284
2015-05-30,275000.0
2015-05-31,275428.5714285714
2015-06-01,275857.14285714284
2015-06-02,276285.71428571426
2015-06-03,276714.28571428574
2015-06-04,277142.85714285716
2015-06-05,277571.4285714286
2015-06-06,278000.0
2015-06-07,276714.28571428574
2015-06-08,275428.5714285714
2015-06-09,274142.85714285716
2015-06-10,272857.14285714284
2015-06-11,271571.4285714286
2015-06-12,270285.71428571426
2015-06-13,269000.0
2015-06-14,269571.4285714286
2015-06-15,270142.85714285716
2015-06-16,270714.28571428574
2015-06-17,271285.71428571426
2015-06-18,271857.14285714284
2015-06-19,272428.5714285714
2015-06-20,273000.0
2015-06-21,273285.71428571426
2015-06-22,273571.4285714286
2015-06-23,273857.14285714284
2015-06-24,274142.85714285716
2015-06-25,274428.5714285714
2015-06-26,274714.28571428574
2015-06-27,275000.0
2015-06-28,277428.5714285714
2015-06-29,279857.14285714284
2015-06-30,282285.71428571426
2015-07-01,284714.28571428574
2015-07-02,287142.85714285716
2015-07-03,289571.4285714286
2015-07-04,292000.0
2015-07-05,291000.0
2015-07-06,290000.0
2015-07-07,289000.0
2015-07-08,288000.0
2015-07-09,287000.0
2015-07-10,286000.0
2015-07-11,285000.0
2015-07-12,282142.85714285716
2015-07-13,279285.71428571426
2015-07-14,276428.5714285714
2015-07-15,273571.4285714286
2015-07-16,270714.28571428574
2015-07-17,267857.14285714284
2015-07-18,265000.0
2015-07-19,265571.4285714286
2015-07-20,266142.85714285716
2015-07-21,266714.28571428574
2015-07-22,267285.71428571426
2015-07-23,267857.14285714284
2015-07-24,268428.5714285714
2015-07-25,269000.0
2015-07-26,269142.85714285716
2015-07-27,269285.71428571426
2015-07-28,269428.5714285714
2015-07-29,269571.4285714286
2015-07-30,269714.28571428574
2015-07-31,269857.14285714284
2015-08-01,270000.0
2015-08-02,270571.4285714286
2015-08-03,271142.85714285716
2015-08-04,271714.28571428574
2015-08-05,272285.71428571426
2015-08-06,272857.14285714284
2015-08-07,273428.5714285714
2015-08-08,274000.0
2015-08-09,274714.28571428574
2015-08-10,275428.5714285714
2015-08-11,276142.85714285716
2015-08-12,276857.14285714284
2015-08-13,277571.4285714286
2015-08-14,278285.71428571426
2015-08-15,279000.0
2015-08-16,278285.71428571426
2015-08-17,277571.4285714286
2015-08-18,276857.14285714284
2015-08-19,276142.85714285716
2015-08-20,275428.5714285714
2015-08-21,274714.28571428574
2015-08-22,274000.0
2015-08-23,274714.28571428574
2015-08-24,275428.5714285714
2015-08-25,276142.85714285716
2015-08-26,276857.14285714284
2015-08-27,277571.4285714286
2015-08-28,278285.71428571426
2015-08-29,279000.0
2015-08-30,278142.85714285716
2015-08-31,277285.71428571426
2015-09-01,276428.5714285714
2015-09-02,275571.4285714286
2015-09-03,274714.28571428574
2015-09-04,273857.14285714284
2015-09-05,273000.0
2015-09-06,271714.28571428574
2015-09-07,270428.5714285714
2015-09-08,269142.85714285716
2015-09-09,267857.14285714284
2015-09-10,266571.4285714286
2015-09-11,265285.71428571426
2015-09-12,264000.0
2015-09-13,264714.28571428574
2015-09-14,265428.5714285714
2015-09-15,266142.85714285716
2015-09-16,266857.14285714284
2015-09-17,267571.4285714286
2015-09-18,268285.71428571426
2015-09-19,269000.0
2015-09-20,269428.5714285714
2015-09-21,269857.14285714284
2015-09-22,270285.71428571426
2015-09-23,270714.28571428574
2015-09-24,271142.85714285716
2015-09-25,271571.4285714286
2015-09-26,272000.0
2015-09-27,271285.71428571426
2015-09-28,270571.4285714286
2015-09-29,269857.14285714284
2015-09-30,269142.85714285716
2015-10-01,268428.5714285714
2015-10-02,267714.28571428574
2015-10-03,267000.0
2015-10-04,266714.28571428574
2015-10-05,266428.5714285714
2015-10-06,266142.85714285716
2015-10-07,265857.14285714284
2015-10-08,265571.4285714286
2015-10-09,265285.71428571426
2015-10-10,265000.0
2015-10-11,264857.14285714284
2015-10-12,264714.28571428574
2015-10-13,264571.4285714286
2015-10-14,264428.5714285714
2015-10-15,264285.71428571426
2015-10-16,264142.85714285716
2015-10-17,264000.0
2015-10-18,264000.0
2015-10-19,264000.0
2015-10-20,264000.0
2015-10-21,264000.0
2015-10-22,264000.0
2015-10-23,264000.0
2015-10-24,264000.0
2015-10-25,265571.4285714286
2015-10-26,267142.85714285716
2015-10-27,268714.28571428574
2015-10-28,270285.71428571426
2015-10-29,271857.14285714284
2015-10-30,273428.5714285714
2015-10-31,275000.0
2015-11-01,275142.85714285716
2015-11-02,275285.71428571426
2015-11-03,275428.5714285714
2015-11-04,275571.4285714286
2015-11-05,275714.28571428574
2015-11-06,275857.14285714284
2015-11-07,276000.0
2015-11-08,275428.5714285714
2015-11-09,274857.14285714284
2015-11-10,274285.71428571426
2015-11-11,273714.28571428574
2015-11-12,273142.85714285716
2015-11-13,272571.4285714286
2015-11-14,272000.0
2015-11-15,270428.5714285714
2015-11-16,268857.14285714284
2015-11-17,267285.71428571426
2015-11-18,265714.28571428574
2015-11-19,264142.85714285716
2015-11-20,262571.4285714286
2015-11-21,261000.0
2015-11-22,261571.42857142858
2015-11-23,262142.85714285713
2015-11-24,262714.28571428574
2015-11-25,263285.71428571426
2015-11-26,263857.14285714284
2015-11-27,264428.5714285714
2015-11-28,265000.0
2015-11-29,267142.85714285716
2015-11-30,269285.71428571426
2015-12-01,271428.5714285714
2015-12-02,273571.4285714286
2015-12-03,275714.28571428574
2015-12-04,277857.14285714284
2015-12-05,280000.0
2015-12-06,278285.71428571426
2015-12-07,276571.4285714286
2015-12-08,274857.14285714284
2015-12-09,273142.85714285716
2015-12-10,271428.5714285714
2015-12-11,269714.28571428574
2015-12-12,268000.0
2015-12-13,266857.14285714284
2015-12-14,265714.28571428574
2015-12-15,264571.4285714286
2015-12-16,263428.5714285714
2015-12-17,262285.71428571426
2015-12-18,261142.85714285713
2015-12-19,260000.0
2015-12-20,262285.71428571426
2015-12-21,264571.4285714286
2015-12-22,266857.14285714284
2015-12-23,269142.85714285716
2015-12-24,271428.5714285714
2015-12-25,273714.28571428574
2015-12-26,276000.0
2015-12-27,275571.4285714286
2015-12-28,275142.85714285716
2015-12-29,274714.28571428574
2015-12-30,274285.71428571426
2015-12-31,273857.14285714284
2016-01-01,273428.5714285714
2016-01-02,273000.0
2016-01-03,274571.4285714286
2016-01-04,276142.85714285716
2016-01-05,277714.28571428574
2016-01-06,279285.71428571426
2016-01-07,280857.14285714284
2016-01-08,282428.5714285714
2016-01-09,284000.0
2016-01-10,284857.14285714284
2016-01-11,285714.28571428574
2016-01-12,286571.4285714286
2016-01-13,287428.5714285714
2016-01-14,288285.71428571426
2016-01-15,289142.85714285716
2016-01-16,290000.0
2016-01-17,287000.0
2016-01-18,284000.0
2016-01-19,281000.0
2016-01-20,278000.0
2016-01-21,275000.0
2016-01-22,272000.0
2016-01-23,269000.0
2016-01-24,270714.28571428574
2016-01-25,272428.5714285714
2016-01-26,274142.85714285716
2016-01-27,275857.14285714284
2016-01-28,277571.4285714286
2016-01-29,279285.71428571426
2016-01-30,281000.0
2016-01-31,278714.28571428574
2016-02-01,276428.5714285714
2016-02-02,274142.85714285716
2016-02-03,271857.14285714284
2016-02-04,269571.4285714286
2016-02-05,267285.71428571426
2016-02-06,265000.0
2016-02-07,264714.28571428574
2016-02-08,264428.5714285714
2016-02-09,264142.85714285716
2016-02-10,263857.14285714284
2016-02-11,263571.4285714286
2016-02-12,263285.71428571426
2016-02-13,263000.0
2016-02-14,264285.71428571426
2016-02-15,265571.4285714286
2016-02-16,266857.14285714284
2016-02-17,268142.85714285716
2016-02-18,269428.5714285714
2016-02-19,270714.28571428574
2016-02-20,272000.0
2016-02-21,271571.4285714286
2016-02-22,271142.85714285716
2016-02-23,270714.28571428574
2016-02-24,270285.71428571426
2016-02-25,269857.14285714284
2016-02-26,269428.5714285714
2016-02-27,269000.0
2016-02-28,267285.71428571426
2016-02-29,265571.4285714286
2016-03-01,263857.14285714284
2016-03-02,262142.85714285713
2016-03-03,260428.57142857142
2016-03-04,258714.2857142857
2016-03-05,257000.0
2016-03-06,257857.14285714287
2016-03-07,258714.2857142857
2016-03-08,259571.42857142858
2016-03-09,260428.57142857142
2016-03-10,261285.7142857143
2016-03-11,262142.85714285713
2016-03-12,263000.0
2016-03-13,263142.85714285716
2016-03-14,263285.71428571426
2016-03-15,263428.5714285714
2016-03-16,263571.4285714286
2016-03-17,263714.28571428574
2016-03-18,263857.14285714284
2016-03-19,264000.0
2016-03-20,265285.71428571426
2016-03-21,266571.4285714286
2016-03-22,267857.14285714284
2016-03-23,269142.85714285716
2016-03-24,270428.5714285714
2016-03-25,271714.28571428574
2016-03-26,273000.0
2016-03-27,272857.14285714284
2016-03-28,272714.28571428574
2016-03-29,272571.4285714286
2016-03-30,272428.5714285714
2016-03-31,272285.71428571426
2016-04-01,272142.85714285716
2016-04-02,272000.0
2016-04-03,270714.28571428574
2016-04-04,269428.5714285714
2016-04-05,268142.85714285716
2016-04-06,266857.14285714284
2016-04-07,265571.4285714286
2016-04-08,264285.71428571426
2016-04-09,263000.0
2016-04-10,261857.14285714287
2016-04-11,260714.2857142857
2016-04-12,259571.42857142858
2016-04-13,258428.57142857142
2016-04-14,257285.7142857143
2016-04-15,256142.85714285713
2016-04-16,255000.0
2016-04-17,255571.42857142858
2016-04-18,256142.85714285713
2016-04-19,256714.2857142857
2016-04-20,257285.7142857143
2016-04-21,257857.14285714287
2016-04-22,258428.57142857142
2016-04-23,259000.0
2016-04-24,261571.42857142858
2016-04-25,264142.85714285716
2016-04-26,266714.28571428574
2016-04-27,269285.71428571426
2016-04-28,271857.14285714284
2016-04-29,274428.5714285714
2016-04-30,277000.0
2016-05-01,278857.14285714284
2016-05-02,280714.28571428574
2016-05-03,282571.4285714286
2016-05-04,284428.5714285714
2016-05-05,286285.71428571426
2016-05-06,288142.85714285716
2016-05-07,290000.0
2016-05-08,288428.5714285714
2016-05-09,286857.14285714284
2016-05-10,285285.71428571426
2016-05-11,283714.28571428574
2016-05-12,282142.85714285716
2016-05-13,280571.4285714286
2016-05-14,279000.0
2016-05-15,277428.5714285714
2016-05-16,275857.14285714284
2016-05-17,274285.71428571426
2016-05-18,272714.28571428574
2016-05-19,271142.85714285716
2016-05-20,269571.4285714286
2016-05-21,268000.0
2016-05-22,267428.5714285714
2016-05-23,266857.14285714284
2016-05-24,266285.71428571426
2016-05-25,265714.28571428574
2016-05-26,265142.85714285716
2016-05-27,264571.4285714286
2016-05-28,264000.0
2016-05-29,264142.85714285716
2016-05-30,264285.71428571426
2016-05-31,264428.5714285714
2016-06-01,264571.4285714286
2016-06-02,264714.28571428574
2016-06-03,264857.14285714284
2016-06-04,265000.0
2016-06-05,266142.85714285716
2016-06-06,267285.71428571426
2016-06-07,268428.5714285714
2016-06-08,269571.4285714286
2016-06-09,270714.28571428574
2016-06-10,271857.14285714284
2016-06-11,273000.0
2016-06-12,271285.71428571426
2016-06-13,269571.4285714286
2016-06-14,267857.14285714284
2016-06-15,266142.85714285716
2016-06-16,264428.5714285714
2016-06-17,262714.28571428574
2016-06-18,261000.0
2016-06-19,261142.85714285713
2016-06-20,261285.7142857143
2016-06-21,261428.57142857142
2016-06-22,261571.42857142858
2016-06-23,261714.2857142857
2016-06-24,261857.14285714287
2016-06-25,262000.0
2016-06-26,261142.85714285713
2016-06-27,260285.7142857143
2016-06-28,259428.57142857142
2016-06-29,258571.42857142858
2016-06-30,257714.2857142857
2016-07-01,256857.14285714287
2016-07-02,256000.0
2016-07-03,256142.85714285713
2016-07-04,256285.7142857143
2016-07-05,256428.57142857142
2016-07-06,256571.42857142858
2016-07-07,256714.2857142857
2016-07-08,256857.14285714287
2016-07-09,257000.0
2016-07-10,257428.57142857142
2016-07-11,257857.14285714287
2016-07-12,258285.7142857143
2016-07-13,258714.2857142857
2016-07-14,259142.85714285713
2016-07-15,259571.42857142858
2016-07-16,260000.0
2016-07-17,260571.42857142858
2016-07-18,261142.85714285713
2016-07-19,261714.2857142857
2016-07-20,262285.71428571426
2016-07-21,262857.14285714284
2016-07-22,263428.5714285714
2016-07-23,264000.0
2016-07-24,264285.71428571426
2016-07-25,264571.4285714286
2016-07-26,264857.14285714284
2016-07-27,265142.85714285716
2016-07-28,265428.5714285714
2016-07-29,265714.28571428574
2016-07-30,266000.0
2016-07-31,266000.0
2016-08-01,266000.0
2016-08-02,266000.0
2016-08-03,266000.0
2016-08-04,266000.0
2016-08-05,266000.0
2016-08-06,266000.0
2016-08-07,265857.14285714284
2016-08-08,265714.28571428574
2016-08-09,265571.4285714286
2016-08-10,265428.5714285714
2016-08-11,265285.71428571426
2016-08-12,265142.85714285716
2016-08-13,265000.0
2016-08-14,265000.0
2016-08-15,265000.0
2016-08-16,265000.0
2016-08-17,265000.0
2016-08-18,265000.0
2016-08-19,265000.0
2016-08-20,265000.0
2016-08-21,264571.4285714286
2016-08-22,264142.85714285716
2016-08-23,263714.28571428574
2016-08-24,263285.71428571426
2016-08-25,262857.14285714284
2016-08-26,262428.5714285714
2016-08-27,262000.0
2016-08-28,261285.7142857143
2016-08-29,260571.42857142858
2016-08-30,259857.14285714287
2016-08-31,259142.85714285713
2016-09-01,258428.57142857142
2016-09-02,257714.2857142857
2016-09-03,257000.0
2016-09-04,256428.57142857142
2016-09-05,255857.14285714287
2016-09-06,255285.7142857143
2016-09-07,254714.2857142857
2016-09-08,254142.85714285713
2016-09-09,253571.42857142858
2016-09-10,253000.0
2016-09-11,252857.14285714287
2016-09-12,252714.2857142857
2016-09-13,252571.42857142858
2016-09-14,252428.57142857142
2016-09-15,252285.7142857143
2016-09-16,252142.85714285713
2016-09-17,252000.0
2016-09-18,251285.7142857143
2016-09-19,250571.42857142858
2016-09-20,249857.14285714287
2016-09-21,249142.85714285713
2016-09-22,248428.57142857142
2016-09-23,247714.2857142857
2016-09-24,247000.0
2016-09-25,246857.14285714287
2016-09-26,246714.2857142857
2016-09-27,246571.42857142858
2016-09-28,246428.57142857142
2016-09-29,246285.7142857143
2016-09-30,246142.85714285713
2016-10-01,246000.0
2016-10-02,246714.2857142857
2016-10-03,247428.57142857142
2016-10-04,248142.85714285713
2016-10-05,248857.14285714287
2016-10-06,249571.42857142858
2016-10-07,250285.7142857143
2016-10-08,251000.0
2016-10-09,252857.14285714287
2016-10-10,254714.2857142857
2016-10-11,256571.42857142858
2016-10-12,258428.57142857142
2016-10-13,260285.7142857143
2016-10-14,262142.85714285713
2016-10-15,264000.0
2016-10-16,263000.0
2016-10-17,262000.0
2016-10-18,261000.0
2016-10-19,260000.0
2016-10-20,259000.0
2016-10-21,258000.0
2016-10-22,257000.0
2016-10-23,258142.85714285713
2016-10-24,259285.7142857143
2016-10-25,260428.57142857142
2016-10-26,261571.42857142858
2016-10-27,262714.28571428574
2016-10-28,263857.14285714284
2016-10-29,265000.0
2016-10-30,263000.0
2016-10-31,261000.0
2016-11-01,259000.0
2016-11-02,257000.0
2016-11-03,255000.0
2016-11-04,253000.0
2016-11-05,251000.0
2016-11-06,248285.7142857143
2016-11-07,245571.42857142858
2016-11-08,242857.14285714287
2016-11-09,240142.85714285713
2016-11-10,237428.57142857142
2016-11-11,234714.2857142857
2016-11-12,232000.0
2016-11-13,234285.7142857143
2016-11-14,236571.42857142858
2016-11-15,238857.14285714287
2016-11-16,241142.85714285713
2016-11-17,243428.57142857142
2016-11-18,245714.2857142857
2016-11-19,248000.0
2016-11-20,249714.2857142857
2016-11-21,251428.57142857142
2016-11-22,253142.85714285713
2016-11-23,254857.14285714287
2016-11-24,256571.42857142858
2016-11-25,258285.7142857143
2016-11-26,260000.0
2016-11-27,258857.14285714287
2016-11-28,257714.2857142857
2016-11-29,256571.42857142858
2016-11-30,255428.57142857142
2016-12-01,254285.7142857143
2016-12-02,253142.85714285713
2016-12-03,252000.0
2016-12-04,251857.14285714287
2016-12-05,251714.2857142857
2016-12-06,251571.42857142858
2016-12-07,251428.57142857142
2016-12-08,251285.7142857143
2016-12-09,251142.85714285713
2016-12-10,251000.0
2016-12-11,252571.42857142858
2016-12-12,254142.85714285713
2016-12-13,255714.2857142857
2016-12-14,257285.7142857143
2016-12-15,258857.14285714287
2016-12-16,260428.57142857142
2016-12-17,262000.0
2016-12-18,260857.14285714287
2016-12-19,259714.2857142857
2016-12-20,258571.42857142858
2016-12-21,257428.57142857142
2016-12-22,256285.7142857143
2016-12-23,255142.85714285713
2016-12-24,254000.0
2016-12-25,251428.57142857142
2016-12-26,248857.14285714287
2016-12-27,246285.7142857143
2016-12-28,243714.2857142857
2016-12-29,241142.85714285713
2016-12-30,238571.42857142858
2016-12-31,236000.0
2017-01-01,237142.85714285713
2017-01-02,238285.7142857143
2017-01-03,239428.57142857142
2017-01-04,240571.42857142858
2017-01-05,241714.2857142857
2017-01-06,242857.14285714287
2017-01-07,244000.0
2017-01-08,244285.7142857143
2017-01-09,244571.42857142858
2017-01-10,244857.14285714287
2017-01-11,245142.85714285713
2017-01-12,245428.57142857142
2017-01-13,245714.2857142857
2017-01-14,246000.0
2017-01-15,247428.57142857142
2017-01-16,248857.14285714287
2017-01-17,250285.7142857143
2017-01-18,251714.2857142857
2017-01-19,253142.85714285713
2017-01-20,254571.42857142858
2017-01-21,256000.0
2017-01-22,253857.14285714287
2017-01-23,251714.2857142857
2017-01-24,249571.42857142858
2017-01-25,247428.57142857142
2017-01-26,245285.7142857143
2017-01-27,243142.85714285716
2017-01-28,241000.0
2017-01-29,240285.7142857143
2017-01-30,239571.42857142858
2017-01-31,238857.14285714287
2017-02-01,238142.85714285713
2017-02-02,237428.57142857142
2017-02-03,236714.2857142857
2017-02-04,236000.0
2017-02-05,236857.14285714287
2017-02-06,237714.2857142857
2017-02-07,238571.42857142858
2017-02-08,239428.57142857142
2017-02-09,240285.7142857143
2017-02-10,241142.85714285713
2017-02-11,242000.0
2017-02-12,242714.2857142857
2017-02-13,243428.57142857142
2017-02-14,244142.85714285713
2017-02-15,244857.14285714287
2017-02-16,245571.42857142858
2017-02-17,246285.7142857143
2017-02-18,247000.0
2017-02-19,244857.14285714287
2017-02-20,242714.2857142857
2017-02-21,240571.42857142858
2017-02-22,238428.57142857142
2017-02-23,236285.7142857143
2017-02-24,234142.85714285716
2017-02-25,232000.0
2017-02-26,234000.0
2017-02-27,236000.0
2017-02-28,238000.0
2017-03-01,240000.0
2017-03-02,242000.0
2017-03-03,244000.0
2017-03-04,246000.0
2017-03-05,245714.2857142857
2017-03-06,245428.57142857142
2017-03-07,245142.85714285713
2017-03-08,244857.14285714287
2017-03-09,244571.42857142858
2017-03-10,244285.7142857143
2017-03-11,244000.0
2017-03-12,245571.42857142858
2017-03-13,247142.85714285713
2017-03-14,248714.2857142857
2017-03-15,250285.7142857143
2017-03-16,251857.14285714287
2017-03-17,253428.57142857142
2017-03-18,255000.0
2017-03-19,255142.85714285713
2017-03-20,255285.7142857143
2017-03-21,255428.57142857142
2017-03-22,255571.42857142858
2017-03-23,255714.2857142857
2017-03-24,255857.14285714287
2017-03-25,256000.0
2017-03-26,253142.85714285713
2017-03-27,250285.7142857143
2017-03-28,247428.57142857142
2017-03-29,244571.42857142858
2017-03-30,241714.2857142857
2017-03-31,238857.14285714284
2017-04-01,236000.0
2017-04-02,236142.85714285713
2017-04-03,236285.7142857143
2017-04-04,236428.57142857142
2017-04-05,236571.42857142858
2017-04-06,236714.2857142857
2017-04-07,236857.14285714287
2017-04-08,237000.0
2017-04-09,238000.0
2017-04-10,239000.0
2017-04-11,240000.0
2017-04-12,241000.0
2017-04-13,242000.0
2017-04-14,243000.0
2017-04-15,244000.0
2017-04-16,245000.0
2017-04-17,246000.0
2017-04-18,247000.0
2017-04-19,248000.0
2017-04-20,249000.0
2017-04-21,250000.0
2017-04-22,251000.0
2017-04-23,249571.42857142858
2017-04-24,248142.85714285713
2017-04-25,246714.2857142857
2017-04-26,245285.7142857143
2017-04-27,243857.14285714287
2017-04-28,242428.57142857142
2017-04-29,241000.0
2017-04-30,240428.57142857142
2017-05-01,239857.14285714287
2017-05-02,239285.7142857143
2017-05-03,238714.2857142857
2017-05-04,238142.85714285713
2017-05-05,237571.42857142858
2017-05-06,237000.0
2017-05-07,237000.0
2017-05-08,237000.0
2017-05-09,237000.0
2017-05-10,237000.0
2017-05-11,237000.0
2017-05-12,237000.0
2017-05-13,237000.0
2017-05-14,236571.42857142858
2017-05-15,236142.85714285713
2017-05-16,235714.2857142857
2017-05-17,235285.7142857143
2017-05-18,234857.14285714287
2017-05-19,234428.57142857142
2017-05-20,234000.0
2017-05-21,236428.57142857142
2017-05-22,238857.14285714287
2017-05-23,241285.7142857143
2017-05-24,243714.2857142857
2017-05-25,246142.85714285713
2017-05-26,248571.42857142858
2017-05-27,251000.0
2017-05-28,250000.0
2017-05-29,249000.0
2017-05-30,248000.0
2017-05-31,247000.0
2017-06-01,246000.0
2017-06-02,245000.0
2017-06-03,244000.0
2017-06-04,243142.85714285713
2017-06-05,242285.7142857143
2017-06-06,241428.57142857142
2017-06-07,240571.42857142858
2017-06-08,239714.2857142857
2017-06-09,238857.14285714287
2017-06-10,238000.0
2017-06-11,238714.2857142857
2017-06-12,239428.57142857142
2017-06-13,240142.85714285713
2017-06-14,240857.14285714287
2017-06-15,241571.42857142858
2017-06-16,242285.7142857143
2017-06-17,243000.0
2017-06-18,242142.85714285713
2017-06-19,241285.7142857143
2017-06-20,240428.57142857142
2017-06-21,239571.42857142858
2017-06-22,238714.2857142857
2017-06-23,237857.14285714287
2017-06-24,237000.0
2017-06-25,238571.42857142858
2017-06-26,240142.85714285713
2017-06-27,241714.2857142857
2017-06-28,243285.7142857143
2017-06-29,244857.14285714287
2017-06-30,246428.57142857142
2017-07-01,248000.0
2017-07-02,248000.0
2017-07-03,248000.0
2017-07-04,248000.0
2017-07-05,248000.0
2017-07-06,248000.0
2017-07-07,248000.0
2017-07-08,248000.0
2017-07-09,247000.0
2017-07-10,246000.0
2017-07-11,245000.0
2017-07-12,244000.0
2017-07-13,243000.0
2017-07-14,242000.0
2017-07-15,241000.0
2017-07-16,241571.42857142858
2017-07-17,242142.85714285713
2017-07-18,242714.2857142857
2017-07-19,243285.7142857143
2017-07-20,243857.14285714287
2017-07-21,244428.57142857142
2017-07-22,245000.0
2017-07-23,244571.42857142858
2017-07-24,244142.85714285713
2017-07-25,243714.2857142857
2017-07-26,243285.7142857143
2017-07-27,242857.14285714287
2017-07-28,242428.57142857142
2017-07-29,242000.0
2017-07-30,242571.42857142858
2017-07-31,243142.85714285713
2017-08-01,243714.2857142857
2017-08-02,244285.7142857143
2017-08-03,244857.14285714287
2017-08-04,245428.57142857142
2017-08-05,246000.0
2017-08-06,244571.42857142858
2017-08-07,243142.85714285713
2017-08-08,241714.2857142857
2017-08-09,240285.7142857143
2017-08-10,238857.14285714287
2017-08-11,237428.57142857142
2017-08-12,236000.0
2017-08-13,236714.2857142857
2017-08-14,237428.57142857142
2017-08-15,238142.85714285713
2017-08-16,238857.14285714287
2017-08-17,239571.42857142858
2017-08-18,240285.7142857143
2017-08-19,241000.0
2017-08-20,240714.2857142857
2017-08-21,240428.57142857142
2017-08-22,240142.85714285713
2017-08-23,239857.14285714287
2017-08-24,239571.42857142858
2017-08-25,239285.7142857143
2017-08-26,239000.0
2017-08-27,247571.42857142858
2017-08-28,256142.85714285713
2017-08-29,264714.2857142857
2017-08-30,273285.71428571426
2017-08-31,281857.14285714284
2017-09-01,290428.5714285714
2017-09-02,299000.0
2017-09-03,295571.4285714286
2017-09-04,292142.85714285716
2017-09-05,288714.28571428574
2017-09-06,285285.71428571426
2017-09-07,281857.14285714284
2017-09-08,278428.5714285714
2017-09-09,275000.0
2017-09-10,272857.14285714284
2017-09-11,270714.28571428574
2017-09-12,268571.4285714286
2017-09-13,266428.5714285714
2017-09-14,264285.71428571426
2017-09-15,262142.85714285716
2017-09-16,260000.0
2017-09-17,260285.7142857143
2017-09-18,260571.42857142858
2017-09-19,260857.14285714287
2017-09-20,261142.85714285713
2017-09-21,261428.57142857142
2017-09-22,261714.2857142857
2017-09-23,262000.0
2017-09-24,261000.0
2017-09-25,260000.0
2017-09-26,259000.0
2017-09-27,258000.0
2017-09-28,257000.0
2017-09-29,256000.0
2017-09-30,255000.0
2017-10-01,253714.2857142857
2017-10-02,252428.57142857142
2017-10-03,251142.85714285713
2017-10-04,249857.14285714287
2017-10-05,248571.42857142858
2017-10-06,247285.7142857143
2017-10-07,246000.0
2017-10-08,244000.0
2017-10-09,242000.0
2017-10-10,240000.0
2017-10-11,238000.0
2017-10-12,236000.0
2017-10-13,234000.0
2017-10-14,232000.0
2017-10-15,232571.42857142858
2017-10-16,233142.85714285713
2017-10-17,233714.2857142857
2017-10-18,234285.7142857143
2017-10-19,234857.14285714287
2017-10-20,235428.57142857142
2017-10-21,236000.0
2017-10-22,235857.14285714287
2017-10-23,235714.2857142857
2017-10-24,235571.42857142858
2017-10-25,235428.57142857142
2017-10-26,235285.7142857143
2017-10-27,235142.85714285713
2017-10-28,235000.0
2017-10-29,235714.2857142857
2017-10-30,236428.57142857142
2017-10-31,237142.85714285713
2017-11-01,237857.14285714287
2017-11-02,238571.42857142858
2017-11-03,239285.7142857143
2017-11-04,240000.0
2017-11-05,240857.14285714287
2017-11-06,241714.2857142857
2017-11-07,242571.42857142858
2017-11-08,243428.57142857142
2017-11-09,244285.7142857143
2017-11-10,245142.85714285713
2017-11-11,246000.0
2017-11-12,244857.14285714287
2017-11-13,243714.2857142857
2017-11-14,242571.42857142858
2017-11-15,241428.57142857142
2017-11-16,240285.7142857143
2017-11-17,239142.85714285713
2017-11-18,238000.0
2017-11-19,237857.14285714287
2017-11-20,237714.2857142857
2017-11-21,237571.42857142858
2017-11-22,237428.57142857142
2017-11-23,237285.7142857143
2017-11-24,237142.85714285713
2017-11-25,237000.0
2017-11-26,236714.2857142857
2017-11-27,236428.57142857142
2017-11-28,236142.85714285713
2017-11-29,235857.14285714287
2017-11-30,235571.42857142858
2017-12-01,235285.7142857143
2017-12-02,235000.0
2017-12-03,233714.2857142857
2017-12-04,232428.57142857142
2017-12-05,231142.85714285713
2017-12-06,229857.14285714287
2017-12-07,228571.42857142858
2017-12-08,227285.7142857143
2017-12-09,226000.0
2017-12-10,228285.7142857143
2017-12-11,230571.42857142858
2017-12-12,232857.14285714287
2017-12-13,235142.85714285713
2017-12-14,237428.57142857142
2017-12-15,239714.2857142857
2017-12-16,242000.0
2017-12-17,242000.0
2017-12-18,242000.0
2017-12-19,242000.0
2017-12-20,242000.0
2017-12-21,242000.0
2017-12-22,242000.0
2017-12-23,242000.0
2017-12-24,242142.85714285713
2017-12-25,242285.7142857143
2017-12-26,242428.57142857142
2017-12-27,242571.42857142858
2017-12-28,242714.2857142857
2017-12-29,242857.14285714287
2017-12-30,243000.0
2017-12-31,244142.85714285713
2018-01-01,245285.7142857143
2018-01-02,246428.57142857142
2018-01-03,247571.42857142858
2018-01-04,248714.2857142857
2018-01-05,249857.14285714287
2018-01-06,251000.0
2018-01-07,247857.14285714287
2018-01-08,244714.2857142857
2018-01-09,241571.42857142858
2018-01-10,238428.57142857142
2018-01-11,235285.7142857143
2018-01-12,232142.85714285716
2018-01-13,229000.0
2018-01-14,230142.85714285713
2018-01-15,231285.7142857143
2018-01-16,232428.57142857142
2018-01-17,233571.42857142858
2018-01-18,234714.2857142857
2018-01-19,235857.14285714287
2018-01-20,237000.0
2018-01-21,234714.2857142857
2018-01-22,232428.57142857142
2018-01-23,230142.85714285713
2018-01-24,227857.14285714287
2018-01-25,225571.42857142858
2018-01-26,223285.7142857143
2018-01-27,221000.0
2018-01-28,221000.0
2018-01-29,221000.0
2018-01-30,221000.0
2018-01-31,221000.0
2018-02-01,221000.0
2018-02-02,221000.0
2018-02-03,221000.0
2018-02-04,221428.57142857142
2018-02-05,221857.14285714287
2018-02-06,222285.7142857143
2018-02-07,222714.2857142857
2018-02-08,223142.85714285713
2018-02-09,223571.42857142858
2018-02-10,224000.0
2018-02-11,223428.57142857142
2018-02-12,222857.14285714287
2018-02-13,222285.7142857143
2018-02-14,221714.2857142857
2018-02-15,221142.85714285713
2018-02-16,220571.42857142858
2018-02-17,220000.0
2018-02-18,219285.7142857143
2018-02-19,218571.42857142858
2018-02-20,217857.14285714287
2018-02-21,217142.85714285713
2018-02-22,216428.57142857142
2018-02-23,215714.2857142857
2018-02-24,215000.0
2018-02-25,216571.42857142858
2018-02-26,218142.85714285713
2018-02-27,219714.2857142857
2018-02-28,221285.7142857143
2018-03-01,222857.14285714287
2018-03-02,224428.57142857142
2018-03-03,226000.0
2018-03-04,225571.42857142858
2018-03-05,225142.85714285713
2018-03-06,224714.2857142857
2018-03-07,224285.7142857143
2018-03-08,223857.14285714287
2018-03-09,223428.57142857142
2018-03-10,223000.0
2018-03-11,223142.85714285713
2018-03-12,223285.7142857143
2018-03-13,223428.57142857142
2018-03-14,223571.42857142858
2018-03-15,223714.2857142857
2018-03-16,223857.14285714287
2018-03-17,224000.0
2018-03-18,223428.57142857142
2018-03-19,222857.14285714287
2018-03-20,222285.7142857143
2018-03-21,221714.2857142857
2018-03-22,221142.85714285713
2018-03-23,220571.42857142858
2018-03-24,220000.0
2018-03-25,222428.57142857142
2018-03-26,224857.14285714287
2018-03-27,227285.7142857143
2018-03-28,229714.2857142857
2018-03-29,232142.85714285713
2018-03-30,234571.42857142858
2018-03-31,237000.0
2018-04-01,236571.42857142858
2018-04-02,236142.85714285713
2018-04-03,235714.2857142857
2018-04-04,235285.7142857143
2018-04-05,234857.14285714287
2018-04-06,234428.57142857142
2018-04-07,234000.0
2018-04-08,234142.85714285713
2018-04-09,234285.7142857143
2018-04-10,234428.57142857142
2018-04-11,234571.42857142858
2018-04-12,234714.2857142857
2018-04-13,234857.14285714287
2018-04-14,235000.0
2018-04-15,231000.0
2018-04-16,227000.0
2018-04-17,223000.0
2018-04-18,219000.0
2018-04-19,215000.0
2018-04-20,211000.0
2018-04-21,207000.0
2018-04-22,207714.2857142857
2018-04-23,208428.57142857142
2018-04-24,209142.85714285713
2018-04-25,209857.14285714287
2018-04-26,210571.42857142858
2018-04-27,211285.7142857143
2018-04-28,212000.0
2018-04-29,211714.2857142857
2018-04-30,211428.57142857142
2018-05-01,211142.85714285713
2018-05-02,210857.14285714287
2018-05-03,210571.42857142858
2018-05-04,210285.7142857143
2018-05-05,210000.0
2018-05-06,212000.0
2018-05-07,214000.0
2018-05-08,216000.0
2018-05-09,218000.0
2018-05-10,220000.0
2018-05-11,222000.0
2018-05-12,224000.0
2018-05-13,224857.14285714287
2018-05-14,225714.2857142857
2018-05-15,226571.42857142858
2018-05-16,227428.57142857142
2018-05-17,228285.7142857143
2018-05-18,229142.85714285713
2018-05-19,230000.0
2018-05-20,228714.2857142857
2018-05-21,227428.57142857142
2018-05-22,226142.85714285713
2018-05-23,224857.14285714287
2018-05-24,223571.42857142858
2018-05-25,222285.7142857143
2018-05-26,221000.0
2018-05-27,221000.0
2018-05-28,221000.0
2018-05-29,221000.0
2018-05-30,221000.0
2018-05-31,221000.0
2018-06-01,221000.0
2018-06-02,221000.0
2018-06-03,220571.42857142858
2018-06-04,220142.85714285713
2018-06-05,219714.2857142857
2018-06-06,219285.7142857143
2018-06-07,218857.14285714287
2018-06-08,218428.57142857142
2018-06-09,218000.0
2018-06-10,218285.7142857143
2018-06-11,218571.42857142858
2018-06-12,218857.14285714287
2018-06-13,219142.85714285713
2018-06-14,219428.57142857142
2018-06-15,219714.2857142857
2018-06-16,220000.0
2018-06-17,220000.0
2018-06-18,220000.0
2018-06-19,220000.0
2018-06-20,220000.0
2018-06-21,220000.0
2018-06-22,220000.0
2018-06-23,220000.0
2018-06-24,221142.85714285713
2018-06-25,222285.7142857143
2018-06-26,223428.57142857142
2018-06-27,224571.42857142858
2018-06-28,225714.2857142857
2018-06-29,226857.14285714287
2018-06-30,228000.0
2018-07-01,226142.85714285713
2018-07-02,224285.7142857143
2018-07-03,222428.57142857142
2018-07-04,220571.42857142858
2018-07-05,218714.2857142857
2018-07-06,216857.14285714287
2018-07-07,215000.0
2018-07-08,214571.42857142858
2018-07-09,214142.85714285713
2018-07-10,213714.2857142857
2018-07-11,213285.7142857143
2018-07-12,212857.14285714287
2018-07-13,212428.57142857142
2018-07-14,212000.0
2018-07-15,213142.85714285713
2018-07-16,214285.7142857143
2018-07-17,215428.57142857142
2018-07-18,216571.42857142858
2018-07-19,217714.2857142857
2018-07-20,218857.14285714287
2018-07-21,220000.0
2018-07-22,219714.2857142857
2018-07-23,219428.57142857142
2018-07-24,219142.85714285713
2018-07-25,218857.14285714287
2018-07-26,218571.42857142858
2018-07-27,218285.7142857143
2018-07-28,218000.0
2018-07-29,218000.0
2018-07-30,218000.0
2018-07-31,218000.0
2018-08-01,218000.0
2018-08-02,218000.0
2018-08-03,218000.0
2018-08-04,218000.0
2018-08-05,217285.7142857143
2018-08-06,216571.42857142858
2018-08-07,215857.14285714287
2018-08-08,215142.85714285713
2018-08-09,214428.57142857142
2018-08-10,213714.2857142857
2018-08-11,213000.0
2018-08-12,213428.57142857142
2018-08-13,213857.14285714287
2018-08-14,214285.7142857143
2018-08-15,214714.2857142857
2018-08-16,215142.85714285713
2018-08-17,215571.42857142858
2018-08-18,216000.0
2018-08-19,215714.2857142857
2018-08-20,215428.57142857142
2018-08-21,215142.85714285713
2018-08-22,214857.14285714287
2018-08-23,214571.42857142858
2018-08-24,214285.7142857143
2018-08-25,214000.0
2018-08-26,213428.57142857142
2018-08-27,212857.14285714287
2018-08-28,212285.7142857143
2018-08-29,211714.2857142857
2018-08-30,211142.85714285713
2018-08-31,210571.42857142858
2018-09-01,210000.0
2018-09-02,210142.85714285713
2018-09-03,210285.7142857143
2018-09-04,210428.57142857142
2018-09-05,210571.42857142858
2018-09-06,210714.2857142857
2018-09-07,210857.14285714287
2018-09-08,211000.0
2018-09-09,211285.7142857143
2018-09-10,211571.42857142858
2018-09-11,211857.14285714287
2018-09-12,212142.85714285713
2018-09-13,212428.57142857142
2018-09-14,212714.2857142857
2018-09-15,213000.0
2018-09-16,212857.14285714287
2018-09-17,212714.2857142857
2018-09-18,212571.42857142858
2018-09-19,212428.57142857142
2018-09-20,212285.7142857143
2018-09-21,212142.85714285713
2018-09-22,212000.0
2018-09-23,212714.2857142857
2018-09-24,213428.57142857142
2018-09-25,214142.85714285713
2018-09-26,214857.14285714287
2018-09-27,215571.42857142858
2018-09-28,216285.7142857143
2018-09-29,217000.0
2018-09-30,216428.57142857142
2018-10-01,215857.14285714287
2018-10-02,215285.7142857143
2018-10-03,214714.2857142857
2018-10-04,214142.85714285713
2018-10-05,213571.42857142858
2018-10-06,213000.0
2018-10-07,213000.0
2018-10-08,213000.0
2018-10-09,213000.0
2018-10-10,213000.0
2018-10-11,213000.0
2018-10-12,213000.0
2018-10-13,213000.0
2018-10-14,213857.14285714287
2018-10-15,214714.2857142857
2018-10-16,215571.42857142858
2018-10-17,216428.57142857142
2018-10-18,217285.7142857143
2018-10-19,218142.85714285713
2018-10-20,219000.0
2018-10-21,218714.2857142857
2018-10-22,218428.57142857142
2018-10-23,218142.85714285713
2018-10-24,217857.14285714287
2018-10-25,217571.42857142858
2018-10-26,217285.7142857143
2018-10-27,217000.0
2018-10-28,217000.0
2018-10-29,217000.0
2018-10-30,217000.0
2018-10-31,217000.0
2018-11-01,217000.0
2018-11-02,217000.0
2018-11-03,217000.0
2018-11-04,217142.85714285713
2018-11-05,217285.7142857143
2018-11-06,217428.57142857142
2018-11-07,217571.42857142858
2018-11-08,217714.2857142857
2018-11-09,217857.14285714287
2018-11-10,218000.0
2018-11-11,218571.42857142858
2018-11-12,219142.85714285713
2018-11-13,219714.2857142857
2018-11-14,220285.7142857143
2018-11-15,220857.14285714287
2018-11-16,221428.57142857142
2018-11-17,222000.0
2018-11-18,223428.57142857142
2018-11-19,224857.14285714287
2018-11-20,226285.7142857143
2018-11-21,227714.2857142857
2018-11-22,229142.85714285713
2018-11-23,230571.42857142858
2018-11-24,232000.0
2018-11-25,232000.0
2018-11-26,232000.0
2018-11-27,232000.0
2018-11-28,232000.0
2018-11-29,232000.0
2018-11-30,232000.0
2018-12-01,232000.0
2018-12-02,227857.14285714287
2018-12-03,223714.2857142857
2018-12-04,219571.42857142858
2018-12-05,215428.57142857142
2018-12-06,211285.7142857143
2018-12-07,207142.85714285713
2018-12-08,203000.0
2018-12-09,204857.14285714287
2018-12-10,206714.2857142857
2018-12-11,208571.42857142858
2018-12-12,210428.57142857142
2018-12-13,212285.7142857143
2018-12-14,214142.85714285713
2018-12-15,216000.0
2018-12-16,216428.57142857142
2018-12-17,216857.14285714287
2018-12-18,217285.7142857143
2018-12-19,217714.2857142857
2018-12-20,218142.85714285713
2018-12-21,218571.42857142858
2018-12-22,219000.0
2018-12-23,220285.7142857143
2018-12-24,221571.42857142858
2018-12-25,222857.14285714287
2018-12-26,224142.85714285713
2018-12-27,225428.57142857142
2018-12-28,226714.2857142857
2018-12-29,228000.0
2018-12-30,226857.14285714287
2018-12-31,225714.2857142857
2019-01-01,224571.42857142858
2019-01-02,223428.57142857142
2019-01-03,222285.7142857143
2019-01-04,221142.85714285713
2019-01-05,220000.0
2019-01-06,219428.57142857142
2019-01-07,218857.14285714287
2019-01-08,218285.7142857143
2019-01-09,217714.2857142857
2019-01-10,217142.85714285713
2019-01-11,216571.42857142858
2019-01-12,216000.0
2019-01-13,215000.0
2019-01-14,214000.0
2019-01-15,213000.0
2019-01-16,212000.0
2019-01-17,211000.0
2019-01-18,210000.0
2019-01-19,209000.0
2019-01-20,212857.14285714287
2019-01-21,216714.2857142857
2019-01-22,220571.42857142858
2019-01-23,224428.57142857142
2019-01-24,228285.7142857143
2019-01-25,232142.85714285716
2019-01-26,236000.0
2019-01-27,235142.85714285713
2019-01-28,234285.7142857143
2019-01-29,233428.57142857142
2019-01-30,232571.42857142858
2019-01-31,231714.2857142857
2019-02-01,230857.14285714287
2019-02-02,230000.0
2019-02-03,229714.2857142857
2019-02-04,229428.57142857142
2019-02-05,229142.85714285713
2019-02-06,228857.14285714287
2019-02-07,228571.42857142858
2019-02-08,228285.7142857143
2019-02-09,228000.0
2019-02-10,226571.42857142858
2019-02-11,225142.85714285713
2019-02-12,223714.2857142857
2019-02-13,222285.7142857143
2019-02-14,220857.14285714287
2019-02-15,219428.57142857142
2019-02-16,218000.0
2019-02-17,218857.14285714287
2019-02-18,219714.2857142857
2019-02-19,220571.42857142858
2019-02-20,221428.57142857142
2019-02-21,222285.7142857143
2019-02-22,223142.85714285713
2019-02-23,224000.0
2019-02-24,223428.57142857142
2019-02-25,222857.14285714287
2019-02-26,222285.7142857143
2019-02-27,221714.2857142857
2019-02-28,221142.85714285713
2019-03-01,220571.42857142858
2019-03-02,220000.0
2019-03-03,220571.42857142858
2019-03-04,221142.85714285713
2019-03-05,221714.2857142857
2019-03-06,222285.7142857143
2019-03-07,222857.14285714287
2019-03-08,223428.57142857142
2019-03-09,224000.0
2019-03-10,223285.7142857143
2019-03-11,222571.42857142858
2019-03-12,221857.14285714287
2019-03-13,221142.85714285713
2019-03-14,220428.57142857142
2019-03-15,219714.2857142857
2019-03-16,219000.0
2019-03-17,218428.57142857142
2019-03-18,217857.14285714287
2019-03-19,217285.7142857143
2019-03-20,216714.2857142857
2019-03-21,216142.85714285713
2019-03-22,215571.42857142858
2019-03-23,215000.0
2019-03-24,214428.57142857142
2019-03-25,213857.14285714287
2019-03-26,213285.7142857143
2019-03-27,212714.2857142857
2019-03-28,212142.85714285713
2019-03-29,211571.42857142858
2019-03-30,211000.0
2019-03-31,209857.14285714287
2019-04-01,208714.2857142857
2019-04-02,207571.42857142858
2019-04-03,206428.57142857142
2019-04-04,205285.7142857143
2019-04-05,204142.85714285713
2019-04-06,203000.0
2019-04-07,203000.0
2019-04-08,203000.0
2019-04-09,203000.0
2019-04-10,203000.0
2019-04-11,203000.0
2019-04-12,203000.0
2019-04-13,203000.0
2019-04-14,206285.7142857143
2019-04-15,209571.42857142858
2019-04-16,212857.14285714287
2019-04-17,216142.85714285713
2019-04-18,219428.57142857142
2019-04-19,222714.2857142857
2019-04-20,226000.0
2019-04-21,226571.42857142858
2019-04-22,227142.85714285713
2019-04-23,227714.2857142857
2019-04-24,228285.7142857143
2019-04-25,228857.14285714287
2019-04-26,229428.57142857142
2019-04-27,230000.0
2019-04-28,229285.7142857143
2019-04-29,228571.42857142858
2019-04-30,227857.14285714287
2019-05-01,227142.85714285713
2019-05-02,226428.57142857142
2019-05-03,225714.2857142857
2019-05-04,225000.0
2019-05-05,223857.14285714287
2019-05-06,222714.2857142857
2019-05-07,221571.42857142858
2019-05-08,220428.57142857142
2019-05-09,219285.7142857143
2019-05-10,218142.85714285713
2019-05-11,217000.0
2019-05-12,216428.57142857142
2019-05-13,215857.14285714287
2019-05-14,215285.7142857143
2019-05-15,214714.2857142857
2019-05-16,214142.85714285713
2019-05-17,213571.42857142858
2019-05-18,213000.0
2019-05-19,213714.2857142857
2019-05-20,214428.57142857142
2019-05-21,215142.85714285713
2019-05-22,215857.14285714287
2019-05-23,216571.42857142858
2019-05-24,217285.7142857143
2019-05-25,218000.0
2019-05-26,218285.7142857143
2019-05-27,218571.42857142858
2019-05-28,218857.14285714287
2019-05-29,219142.85714285713
2019-05-30,219428.57142857142
2019-05-31,219714.2857142857
2019-06-01,220000.0
2019-06-02,220000.0
2019-06-03,220000.0
2019-06-04,220000.0
2019-06-05,220000.0
2019-06-06,220000.0
2019-06-07,220000.0
2019-06-08,220000.0
2019-06-09,219857.14285714287
2019-06-10,219714.2857142857
2019-06-11,219571.42857142858
2019-06-12,219428.57142857142
2019-06-13,219285.7142857143
2019-06-14,219142.85714285713
2019-06-15,219000.0
2019-06-16,219714.2857142857
2019-06-17,220428.57142857142
2019-06-18,221142.85714285713
2019-06-19,221857.14285714287
2019-06-20,222571.42857142858
2019-06-21,223285.7142857143
2019-06-22,224000.0
2019-06-23,223714.2857142857
2019-06-24,223428.57142857142
2019-06-25,223142.85714285713
2019-06-26,222857.14285714287
2019-06-27,222571.42857142858
2019-06-28,222285.7142857143
2019-06-29,222000.0
2019-06-30,220428.57142857142
2019-07-01,218857.14285714287
2019-07-02,217285.7142857143
2019-07-03,215714.2857142857
2019-07-04,214142.85714285713
2019-07-05,212571.42857142858
2019-07-06,211000.0
2019-07-07,211857.14285714287
2019-07-08,212714.2857142857
2019-07-09,213571.42857142858
2019-07-10,214428.57142857142
2019-07-11,215285.7142857143
2019-07-12,216142.85714285713
2019-07-13,217000.0
2019-07-14,216142.85714285713
2019-07-15,215285.7142857143
2019-07-16,214428.57142857142
2019-07-17,213571.42857142858
2019-07-18,212714.2857142857
2019-07-19,211857.14285714287
2019-07-20,211000.0
2019-07-21,211714.2857142857
2019-07-22,212428.57142857142
2019-07-23,213142.85714285713
2019-07-24,213857.14285714287
2019-07-25,214571.42857142858
2019-07-26,215285.7142857143
2019-07-27,216000.0
2019-07-28,215714.2857142857
2019-07-29,215428.57142857142
2019-07-30,215142.85714285713
2019-07-31,214857.14285714287
2019-08-01,214571.42857142858
2019-08-02,214285.7142857143
2019-08-03,214000.0
2019-08-04,214571.42857142858
2019-08-05,215142.85714285713
2019-08-06,215714.2857142857
2019-08-07,216285.7142857143
2019-08-08,216857.14285714287
2019-08-09,217428.57142857142
2019-08-10,218000.0
2019-08-11,217571.42857142858
2019-08-12,217142.85714285713
2019-08-13,216714.2857142857
2019-08-14,216285.7142857143
2019-08-15,215857.14285714287
2019-08-16,215428.57142857142
2019-08-17,215000.0
2019-08-18,215000.0
2019-08-19,215000.0
2019-08-20,215000.0
2019-08-21,215000.0
2019-08-22,215000.0
2019-08-23,215000.0
2019-08-24,215000.0
2019-08-25,215571.42857142858
2019-08-26,216142.85714285713
2019-08-27,216714.2857142857
2019-08-28,217285.7142857143
2019-08-29,217857.14285714287
2019-08-30,218428.57142857142
2019-08-31,219000.0
2019-09-01,217428.57142857142
2019-09-02,215857.14285714287
2019-09-03,214285.7142857143
2019-09-04,212714.2857142857
2019-09-05,211142.85714285713
2019-09-06,209571.42857142858
2019-09-07,208000.0
2019-09-08,208428.57142857142
2019-09-09,208857.14285714287
2019-09-10,209285.7142857143
2019-09-11,209714.2857142857
2019-09-12,210142.85714285713
2019-09-13,210571.42857142858
2019-09-14,211000.0
2019-09-15,211571.42857142858
2019-09-16,212142.85714285713
2019-09-17,212714.2857142857
2019-09-18,213285.7142857143
2019-09-19,213857.14285714287
2019-09-20,214428.57142857142
2019-09-21,215000.0
2019-09-22,215428.57142857142
2019-09-23,215857.14285714287
2019-09-24,216285.7142857143
2019-09-25,216714.2857142857
2019-09-26,217142.85714285713
2019-09-27,217571.42857142858
2019-09-28,218000.0
2019-09-29,217142.85714285713
2019-09-30,216285.7142857143
2019-10-01,215428.57142857142
2019-10-02,214571.42857142858
2019-10-03,213714.2857142857
2019-10-04,212857.14285714287
2019-10-05,212000.0
2019-10-06,212857.14285714287
2019-10-07,213714.2857142857
2019-10-08,214571.42857142858
2019-10-09,215428.57142857142
2019-10-10,216285.7142857143
2019-10-11,217142.85714285713
2019-10-12,218000.0
2019-10-13,217285.7142857143
2019-10-14,216571.42857142858
2019-10-15,215857.14285714287
2019-10-16,215142.85714285713
2019-10-17,214428.57142857142
2019-10-18,213714.2857142857
2019-10-19,213000.0
2019-10-20,213571.42857142858
2019-10-21,214142.85714285713
2019-10-22,214714.2857142857
2019-10-23,215285.7142857143
2019-10-24,215857.14285714287
2019-10-25,216428.57142857142
2019-10-26,217000.0
2019-10-27,216285.7142857143
2019-10-28,215571.42857142858
2019-10-29,214857.14285714287
2019-10-30,214142.85714285713
2019-10-31,213428.57142857142
2019-11-01,212714.2857142857
2019-11-02,212000.0
2019-11-03,213428.57142857142
2019-11-04,214857.14285714287
2019-11-05,216285.7142857143
2019-11-06,217714.2857142857
2019-11-07,219142.85714285713
2019-11-08,220571.42857142858
2019-11-09,222000.0
2019-11-10,222142.85714285713
2019-11-11,222285.7142857143
2019-11-12,222428.57142857142
2019-11-13,222571.42857142858
2019-11-14,222714.2857142857
2019-11-15,222857.14285714287
2019-11-16,223000.0
2019-11-17,221285.7142857143
2019-11-18,219571.42857142858
2019-11-19,217857.14285714287
2019-11-20,216142.85714285713
2019-11-21,214428.57142857142
2019-11-22,212714.2857142857
2019-11-23,211000.0
2019-11-24,210285.7142857143
2019-11-25,209571.42857142858
2019-11-26,208857.14285714287
2019-11-27,208142.85714285713
2019-11-28,207428.57142857142
2019-11-29,206714.2857142857
2019-11-30,206000.0
2019-12-01,210428.57142857142
2019-12-02,214857.14285714287
2019-12-03,219285.7142857143
2019-12-04,223714.2857142857
2019-12-05,228142.85714285713
2019-12-06,232571.42857142858
2019-12-07,237000.0
2019-12-08,235857.14285714287
2019-12-09,234714.2857142857
2019-12-10,233571.42857142858
2019-12-11,232428.57142857142
2019-12-12,231285.7142857143
2019-12-13,230142.85714285713
2019-12-14,229000.0
2019-12-15,227428.57142857142
2019-12-16,225857.14285714287
2019-12-17,224285.7142857143
2019-12-18,222714.2857142857
2019-12-19,221142.85714285713
2019-12-20,219571.42857142858
2019-12-21,218000.0
2019-12-22,218285.7142857143
2019-12-23,218571.42857142858
2019-12-24,218857.14285714287
2019-12-25,219142.85714285713
2019-12-26,219428.57142857142
2019-12-27,219714.2857142857
2019-12-28,220000.0
2019-12-29,218857.14285714287
2019-12-30,217714.2857142857
2019-12-31,216571.42857142858
2020-01-01,215428.57142857142
2020-01-02,214285.7142857143
2020-01-03,213142.85714285713
2020-01-04,212000.0
2020-01-05,211285.7142857143
2020-01-06,210571.42857142858
2020-01-07,209857.14285714287
2020-01-08,209142.85714285713
2020-01-09,208428.57142857142
2020-01-10,207714.2857142857
2020-01-11,207000.0
2020-01-12,208857.14285714287
2020-01-13,210714.2857142857
2020-01-14,212571.42857142858
2020-01-15,214428.57142857142
2020-01-16,216285.7142857143
2020-01-17,218142.85714285713
2020-01-18,220000.0
2020-01-19,218857.14285714287
2020-01-20,217714.2857142857
2020-01-21,216571.42857142858
2020-01-22,215428.57142857142
2020-01-23,214285.7142857143
2020-01-24,213142.85714285713
2020-01-25,212000.0
2020-01-26,210428.57142857142
2020-01-27,208857.14285714287
2020-01-28,207285.7142857143
2020-01-29,205714.2857142857
2020-01-30,204142.85714285713
2020-01-31,202571.42857142858
2020-02-01,201000.0
2020-02-02,201428.57142857142
2020-02-03,201857.14285714287
2020-02-04,202285.7142857143
2020-02-05,202714.2857142857
2020-02-06,203142.85714285713
2020-02-07,203571.42857142858
2020-02-08,204000.0
2020-02-09,205571.42857142858
2020-02-10,207142.85714285713
2020-02-11,208714.2857142857
2020-02-12,210285.7142857143
2020-02-13,211857.14285714287
2020-02-14,213428.57142857142
2020-02-15,215000.0
2020-02-16,215714.2857142857
2020-02-17,216428.57142857142
2020-02-18,217142.85714285713
2020-02-19,217857.14285714287
2020-02-20,218571.42857142858
2020-02-21,219285.7142857143
2020-02-22,220000.0
2020-02-23,219571.42857142858
2020-02-24,219142.85714285713
2020-02-25,218714.2857142857
2020-02-26,218285.7142857143
2020-02-27,217857.14285714287
2020-02-28,217428.57142857142
2020-02-29,217000.0
2020-03-01,216142.85714285713
2020-03-02,215285.7142857143
2020-03-03,214428.57142857142
2020-03-04,213571.42857142858
2020-03-05,212714.2857142857
2020-03-06,211857.14285714287
2020-03-07,211000.0
2020-03-08,221142.85714285713
2020-03-09,231285.7142857143
2020-03-10,241428.57142857142
2020-03-11,251571.42857142858
2020-03-12,261714.2857142857
2020-03-13,271857.14285714284
2020-03-14,282000.0
2020-03-15,714142.8571428572
2020-03-16,1146285.7142857143
2020-03-17,1578428.5714285714
2020-03-18,2010571.4285714286
2020-03-19,2442714.285714286
2020-03-20,2874857.1428571427
2020-03-21,3307000.0
2020-03-22,3815571.4285714286
2020-03-23,4324142.857142857
2020-03-24,4832714.285714285
2020-03-25,5341285.714285715
2020-03-26,5849857.142857143
2020-03-27,6358428.571428571
2020-03-28,6867000.0
2020-03-29,6829714.285714285
2020-03-30,6792428.571428572
2020-03-31,6755142.857142857
2020-04-01,6717857.142857143
2020-04-02,6680571.428571428
2020-04-03,6643285.714285715
2020-04-04,6606000.0
2020-04-05,6606000.0
2020-04-06,6606000.0
2020-04-07,6606000.0
2020-04-08,6606000.0
2020-04-09,6606000.0
2020-04-10,6606000.0
2020-04-11,6606000.0
