Date,Cable
2013-04-01,74.4
2013-04-02,76.0
2013-04-03,80.0
2013-04-04,68.8
2013-04-05,67.2
2013-04-06,69.60000000000001
2013-04-07,68.8
2013-04-08,73.60000000000001
2013-04-09,67.2
2013-04-10,69.60000000000001
2013-04-11,69.60000000000001
2013-04-12,72.0
2013-04-13,71.2
2013-04-14,66.4
2013-04-15,69.60000000000001
2013-04-16,66.4
2013-04-17,65.60000000000001
2013-04-18,62.400000000000006
2013-04-19,64.0
2013-04-20,62.400000000000006
2013-04-21,67.2
2013-04-22,66.4
2013-04-23,69.60000000000001
2013-04-24,65.60000000000001
2013-04-25,65.60000000000001
2013-04-26,63.2
2013-04-27,65.60000000000001
2013-04-28,56.0
2013-04-29,69.60000000000001
2013-04-30,69.60000000000001
2013-05-01,76.80000000000001
2013-05-02,72.0
2013-05-03,76.0
2013-05-04,65.60000000000001
2013-05-05,68.8
2013-05-06,74.4
2013-05-07,67.2
2013-05-08,72.8
2013-05-09,68.8
2013-05-10,65.60000000000001
2013-05-11,70.4
2013-05-12,60.0
2013-05-13,76.80000000000001
2013-05-14,72.8
2013-05-15,76.0
2013-05-16,73.60000000000001
2013-05-17,77.60000000000001
2013-05-18,64.8
2013-05-19,66.4
2013-05-20,76.80000000000001
2013-05-21,74.4
2013-05-22,73.60000000000001
2013-05-23,72.0
2013-05-24,68.0
2013-05-25,72.8
2013-05-26,64.0
2013-05-27,73.60000000000001
2013-05-28,80.0
2013-05-29,72.8
2013-05-30,75.2
2013-05-31,76.80000000000001
2013-06-01,75.67999999999999
2013-06-02,71.38
2013-06-03,79.12
2013-06-04,78.26
2013-06-05,75.67999999999999
2013-06-06,75.67999999999999
2013-06-07,79.98
2013-06-08,73.96
2013-06-09,69.66
2013-06-10,81.7
2013-06-11,78.26
2013-06-12,74.82
2013-06-13,75.67999999999999
2013-06-14,76.53999999999999
2013-06-15,64.5
2013-06-16,68.8
2013-06-17,80.84
2013-06-18,86.0
2013-06-19,75.67999999999999
2013-06-20,75.67999999999999
2013-06-21,77.4
2013-06-22,71.38
2013-06-23,73.1
2013-06-24,81.7
2013-06-25,82.56
2013-06-26,80.84
2013-06-27,74.82
2013-06-28,83.42
2013-06-29,79.12
2013-06-30,67.94
2013-07-01,80.1
2013-07-02,77.43
2013-07-03,80.99
2013-07-04,69.42
2013-07-05,71.2
2013-07-06,72.09
2013-07-07,64.08
2013-07-08,83.66
2013-07-09,77.43
2013-07-10,83.66
2013-07-11,79.21000000000001
2013-07-12,79.21000000000001
2013-07-13,74.76
2013-07-14,67.64
2013-07-15,80.99
2013-07-16,76.54
2013-07-17,77.43
2013-07-18,78.32000000000001
2013-07-19,80.1
2013-07-20,73.87
2013-07-21,66.75
2013-07-22,75.65
2013-07-23,75.65
2013-07-24,77.43
2013-07-25,81.88
2013-07-26,71.2
2013-07-27,76.54
2013-07-28,76.54
2013-07-29,83.66
2013-07-30,89.0
2013-07-31,83.66
2013-08-01,87.0
2013-08-02,88.0
2013-08-03,93.0
2013-08-04,90.0
2013-08-05,100.0
2013-08-06,99.0
2013-08-07,91.0
2013-08-08,88.0
2013-08-09,96.0
2013-08-10,85.0
2013-08-11,86.0
2013-08-12,88.0
2013-08-13,91.0
2013-08-14,89.0
2013-08-15,91.0
2013-08-16,93.0
2013-08-17,97.0
2013-08-18,90.0
2013-08-19,93.0
2013-08-20,95.0
2013-08-21,91.0
2013-08-22,86.0
2013-08-23,93.0
2013-08-24,91.0
2013-08-25,91.0
2013-08-26,90.0
2013-08-27,91.0
2013-08-28,85.0
2013-08-29,90.0
2013-08-30,94.0
2013-08-31,100.0
2013-09-01,80.91000000000001
2013-09-02,79.98
2013-09-03,87.42
2013-09-04,82.77000000000001
2013-09-05,86.49000000000001
2013-09-06,79.98
2013-09-07,84.63000000000001
2013-09-08,81.84
2013-09-09,79.05
2013-09-10,77.19
2013-09-11,72.54
2013-09-12,75.33
2013-09-13,77.19
2013-09-14,93.0
2013-09-15,81.84
2013-09-16,79.05
2013-09-17,75.33
2013-09-18,71.61
2013-09-19,72.54
2013-09-20,73.47
2013-09-21,73.47
2013-09-22,69.75
2013-09-23,76.26
2013-09-24,79.05
2013-09-25,71.61
2013-09-26,72.54
2013-09-27,72.54
2013-09-28,68.82000000000001
2013-09-29,74.4
2013-09-30,78.12
2013-10-01,85.26
2013-10-02,82.65
2013-10-03,81.78
2013-10-04,81.78
2013-10-05,87.0
2013-10-06,80.04
2013-10-07,83.52
2013-10-08,79.17
2013-10-09,78.3
2013-10-10,83.52
2013-10-11,80.91
2013-10-12,83.52
2013-10-13,77.42999999999999
2013-10-14,83.52
2013-10-15,78.3
2013-10-16,83.52
2013-10-17,79.17
2013-10-18,80.04
2013-10-19,83.52
2013-10-20,80.91
2013-10-21,81.78
2013-10-22,78.3
2013-10-23,84.39
2013-10-24,74.82
2013-10-25,81.78
2013-10-26,84.39
2013-10-27,79.17
2013-10-28,79.17
2013-10-29,84.39
2013-10-30,78.3
2013-10-31,75.69
2013-11-01,69.7
2013-11-02,74.8
2013-11-03,66.3
2013-11-04,71.39999999999999
2013-11-05,73.1
2013-11-06,68.0
2013-11-07,70.55
2013-11-08,71.39999999999999
2013-11-09,71.39999999999999
2013-11-10,62.9
2013-11-11,71.39999999999999
2013-11-12,63.75
2013-11-13,69.7
2013-11-14,67.14999999999999
2013-11-15,66.3
2013-11-16,71.39999999999999
2013-11-17,68.85
2013-11-18,69.7
2013-11-19,68.0
2013-11-20,61.199999999999996
2013-11-21,65.45
2013-11-22,71.39999999999999
2013-11-23,73.1
2013-11-24,70.55
2013-11-25,71.39999999999999
2013-11-26,71.39999999999999
2013-11-27,68.85
2013-11-28,62.9
2013-11-29,81.6
2013-11-30,85.0
2013-12-01,64.97
2013-12-02,67.64
2013-12-03,64.08
2013-12-04,64.97
2013-12-05,64.08
2013-12-06,66.75
2013-12-07,68.53
2013-12-08,64.08
2013-12-09,63.19
2013-12-10,62.300000000000004
2013-12-11,62.300000000000004
2013-12-12,61.410000000000004
2013-12-13,64.97
2013-12-14,67.64
2013-12-15,64.08
2013-12-16,63.19
2013-12-17,60.52
2013-12-18,59.63
2013-12-19,56.96
2013-12-20,63.19
2013-12-21,62.300000000000004
2013-12-22,63.19
2013-12-23,64.97
2013-12-24,64.97
2013-12-25,69.42
2013-12-26,89.0
2013-12-27,80.99
2013-12-28,77.43
2013-12-29,72.98
2013-12-30,74.76
2013-12-31,74.76
2014-01-01,86.45
2014-01-02,88.27
2014-01-03,89.18
2014-01-04,91.0
2014-01-05,80.08
2014-01-06,84.63000000000001
2014-01-07,84.63000000000001
2014-01-08,83.72
2014-01-09,80.08
2014-01-10,82.81
2014-01-11,90.09
2014-01-12,85.54
2014-01-13,80.08
2014-01-14,87.36
2014-01-15,78.26
2014-01-16,77.35000000000001
2014-01-17,79.17
2014-01-18,85.54
2014-01-19,77.35000000000001
2014-01-20,81.9
2014-01-21,81.9
2014-01-22,79.17
2014-01-23,79.17
2014-01-24,79.17
2014-01-25,77.35000000000001
2014-01-26,74.62
2014-01-27,78.26
2014-01-28,80.08
2014-01-29,70.98
2014-01-30,77.35000000000001
2014-01-31,80.08
2014-02-01,79.12
2014-02-02,79.12
2014-02-03,75.67999999999999
2014-02-04,74.82
2014-02-05,67.94
2014-02-06,67.94
2014-02-07,77.4
2014-02-08,78.26
2014-02-09,74.82
2014-02-10,70.52
2014-02-11,70.52
2014-02-12,69.66
2014-02-13,86.0
2014-02-14,72.24
2014-02-15,74.82
2014-02-16,72.24
2014-02-17,71.38
2014-02-18,67.94
2014-02-19,72.24
2014-02-20,71.38
2014-02-21,74.82
2014-02-22,72.24
2014-02-23,65.36
2014-02-24,69.66
2014-02-25,71.38
2014-02-26,66.22
2014-02-27,71.38
2014-02-28,67.94
2014-03-01,80.19000000000001
2014-03-02,79.38000000000001
2014-03-03,81.0
2014-03-04,79.38000000000001
2014-03-05,75.33
2014-03-06,74.52000000000001
2014-03-07,76.14
2014-03-08,80.19000000000001
2014-03-09,72.09
2014-03-10,74.52000000000001
2014-03-11,78.57000000000001
2014-03-12,74.52000000000001
2014-03-13,74.52000000000001
2014-03-14,75.33
2014-03-15,77.76
2014-03-16,72.9
2014-03-17,74.52000000000001
2014-03-18,76.14
2014-03-19,77.76
2014-03-20,73.71000000000001
2014-03-21,76.14
2014-03-22,77.76
2014-03-23,76.14
2014-03-24,78.57000000000001
2014-03-25,75.33
2014-03-26,69.66000000000001
2014-03-27,72.09
2014-03-28,70.47
2014-03-29,72.09
2014-03-30,69.66000000000001
2014-03-31,80.19000000000001
2014-04-01,82.0
2014-04-02,81.17999999999999
2014-04-03,78.72
2014-04-04,75.44
2014-04-05,81.17999999999999
2014-04-06,77.08
2014-04-07,75.44
2014-04-08,75.44
2014-04-09,73.8
2014-04-10,73.8
2014-04-11,73.8
2014-04-12,67.24
2014-04-13,79.53999999999999
2014-04-14,75.44
2014-04-15,74.61999999999999
2014-04-16,74.61999999999999
2014-04-17,72.16
2014-04-18,76.25999999999999
2014-04-19,76.25999999999999
2014-04-20,62.31999999999999
2014-04-21,81.17999999999999
2014-04-22,82.0
2014-04-23,74.61999999999999
2014-04-24,72.16
2014-04-25,72.16
2014-04-26,75.44
2014-04-27,71.33999999999999
2014-04-28,77.08
2014-04-29,78.72
2014-04-30,75.44
2014-05-01,67.2
2014-05-02,65.60000000000001
2014-05-03,68.0
2014-05-04,64.8
2014-05-05,64.8
2014-05-06,60.800000000000004
2014-05-07,64.8
2014-05-08,60.800000000000004
2014-05-09,60.0
2014-05-10,63.2
2014-05-11,56.800000000000004
2014-05-12,64.8
2014-05-13,63.2
2014-05-14,64.0
2014-05-15,68.8
2014-05-16,63.2
2014-05-17,64.0
2014-05-18,61.6
2014-05-19,65.60000000000001
2014-05-20,63.2
2014-05-21,65.60000000000001
2014-05-22,62.400000000000006
2014-05-23,64.0
2014-05-24,61.6
2014-05-25,56.800000000000004
2014-05-26,67.2
2014-05-27,70.4
2014-05-28,69.60000000000001
2014-05-29,69.60000000000001
2014-05-30,80.0
2014-05-31,72.0
2014-06-01,69.7
2014-06-02,79.89999999999999
2014-06-03,78.2
2014-06-04,77.35
2014-06-05,74.8
2014-06-06,70.55
2014-06-07,73.95
2014-06-08,68.0
2014-06-09,73.95
2014-06-10,74.8
2014-06-11,79.05
2014-06-12,85.0
2014-06-13,77.35
2014-06-14,71.39999999999999
2014-06-15,70.55
2014-06-16,79.89999999999999
2014-06-17,79.89999999999999
2014-06-18,77.35
2014-06-19,75.64999999999999
2014-06-20,75.64999999999999
2014-06-21,71.39999999999999
2014-06-22,67.14999999999999
2014-06-23,74.8
2014-06-24,72.25
2014-06-25,76.5
2014-06-26,74.8
2014-06-27,72.25
2014-06-28,73.95
2014-06-29,71.39999999999999
2014-06-30,80.75
2014-07-01,83.3
2014-07-02,72.25
2014-07-03,74.8
2014-07-04,67.14999999999999
2014-07-05,67.14999999999999
2014-07-06,65.45
2014-07-07,80.75
2014-07-08,78.2
2014-07-09,77.35
2014-07-10,75.64999999999999
2014-07-11,73.1
2014-07-12,71.39999999999999
2014-07-13,64.6
2014-07-14,80.75
2014-07-15,79.05
2014-07-16,85.0
2014-07-17,77.35
2014-07-18,77.35
2014-07-19,73.1
2014-07-20,66.3
2014-07-21,77.35
2014-07-22,74.8
2014-07-23,77.35
2014-07-24,71.39999999999999
2014-07-25,71.39999999999999
2014-07-26,66.3
2014-07-27,72.25
2014-07-28,79.05
2014-07-29,75.64999999999999
2014-07-30,79.05
2014-07-31,79.89999999999999
2014-08-01,86.39999999999999
2014-08-02,77.75999999999999
2014-08-03,75.84
2014-08-04,86.39999999999999
2014-08-05,87.36
2014-08-06,88.32
2014-08-07,77.75999999999999
2014-08-08,87.36
2014-08-09,85.44
2014-08-10,77.75999999999999
2014-08-11,91.2
2014-08-12,80.64
2014-08-13,87.36
2014-08-14,88.32
2014-08-15,86.39999999999999
2014-08-16,82.56
2014-08-17,85.44
2014-08-18,87.36
2014-08-19,91.2
2014-08-20,81.6
2014-08-21,88.32
2014-08-22,87.36
2014-08-23,89.28
2014-08-24,84.47999999999999
2014-08-25,88.32
2014-08-26,89.28
2014-08-27,96.0
2014-08-28,90.24
2014-08-29,93.11999999999999
2014-08-30,96.0
2014-08-31,83.52
2014-09-01,73.92
2014-09-02,83.6
2014-09-03,83.6
2014-09-04,77.44
2014-09-05,80.08
2014-09-06,85.36
2014-09-07,87.12
2014-09-08,80.08
2014-09-09,80.96
2014-09-10,84.48
2014-09-11,79.2
2014-09-12,77.44
2014-09-13,86.24
2014-09-14,88.0
2014-09-15,80.08
2014-09-16,79.2
2014-09-17,75.68
2014-09-18,74.8
2014-09-19,73.04
2014-09-20,79.2
2014-09-21,80.08
2014-09-22,81.84
2014-09-23,79.2
2014-09-24,73.04
2014-09-25,79.2
2014-09-26,72.16
2014-09-27,80.08
2014-09-28,73.92
2014-09-29,82.72
2014-09-30,80.96
2014-10-01,85.0
2014-10-02,79.05
2014-10-03,80.75
2014-10-04,82.45
2014-10-05,79.05
2014-10-06,80.75
2014-10-07,84.14999999999999
2014-10-08,79.89999999999999
2014-10-09,80.75
2014-10-10,81.6
2014-10-11,84.14999999999999
2014-10-12,83.3
2014-10-13,80.75
2014-10-14,73.95
2014-10-15,78.2
2014-10-16,75.64999999999999
2014-10-17,83.3
2014-10-18,77.35
2014-10-19,76.5
2014-10-20,82.45
2014-10-21,72.25
2014-10-22,78.2
2014-10-23,72.25
2014-10-24,78.2
2014-10-25,78.2
2014-10-26,73.95
2014-10-27,79.05
2014-10-28,76.5
2014-10-29,74.8
2014-10-30,75.64999999999999
2014-10-31,71.39999999999999
2014-11-01,68.0
2014-11-02,65.60000000000001
2014-11-03,66.4
2014-11-04,64.0
2014-11-05,56.0
2014-11-06,64.0
2014-11-07,65.60000000000001
2014-11-08,69.60000000000001
2014-11-09,60.0
2014-11-10,66.4
2014-11-11,64.8
2014-11-12,60.800000000000004
2014-11-13,57.6
2014-11-14,66.4
2014-11-15,61.6
2014-11-16,64.0
2014-11-17,62.400000000000006
2014-11-18,63.2
2014-11-19,61.6
2014-11-20,56.800000000000004
2014-11-21,58.400000000000006
2014-11-22,72.8
2014-11-23,64.0
2014-11-24,63.2
2014-11-25,60.800000000000004
2014-11-26,60.0
2014-11-27,56.800000000000004
2014-11-28,73.60000000000001
2014-11-29,80.0
2014-11-30,70.4
2014-12-01,75.69
2014-12-02,69.6
2014-12-03,77.42999999999999
2014-12-04,67.86
2014-12-05,70.47
2014-12-06,73.95
2014-12-07,69.6
2014-12-08,71.34
2014-12-09,71.34
2014-12-10,68.73
2014-12-11,60.9
2014-12-12,67.86
2014-12-13,65.25
2014-12-14,66.99
2014-12-15,66.12
2014-12-16,64.38
2014-12-17,65.25
2014-12-18,66.99
2014-12-19,66.99
2014-12-20,66.12
2014-12-21,68.73
2014-12-22,71.34
2014-12-23,66.99
2014-12-24,62.64
2014-12-25,69.6
2014-12-26,87.0
2014-12-27,81.78
2014-12-28,76.56
2014-12-29,82.65
2014-12-30,84.39
2014-12-31,74.82
2015-01-01,74.82
2015-01-02,86.13
2015-01-03,87.0
2015-01-04,73.95
2015-01-05,77.42999999999999
2015-01-06,76.56
2015-01-07,77.42999999999999
2015-01-08,73.08
2015-01-09,70.47
2015-01-10,76.56
2015-01-11,73.08
2015-01-12,73.08
2015-01-13,73.08
2015-01-14,68.73
2015-01-15,71.34
2015-01-16,66.99
2015-01-17,70.47
2015-01-18,75.69
2015-01-19,73.08
2015-01-20,71.34
2015-01-21,71.34
2015-01-22,65.25
2015-01-23,61.77
2015-01-24,72.21
2015-01-25,71.34
2015-01-26,67.86
2015-01-27,65.25
2015-01-28,64.38
2015-01-29,68.73
2015-01-30,72.21
2015-01-31,74.82
2015-02-01,80.0
2015-02-02,66.4
2015-02-03,70.4
2015-02-04,66.4
2015-02-05,64.8
2015-02-06,68.0
2015-02-07,71.2
2015-02-08,68.0
2015-02-09,69.60000000000001
2015-02-10,69.60000000000001
2015-02-11,68.8
2015-02-12,65.60000000000001
2015-02-13,63.2
2015-02-14,64.0
2015-02-15,68.8
2015-02-16,69.60000000000001
2015-02-17,68.8
2015-02-18,64.0
2015-02-19,68.0
2015-02-20,66.4
2015-02-21,71.2
2015-02-22,68.0
2015-02-23,67.2
2015-02-24,69.60000000000001
2015-02-25,69.60000000000001
2015-02-26,67.2
2015-02-27,65.60000000000001
2015-02-28,69.60000000000001
2015-03-01,73.92
2015-03-02,73.92
2015-03-03,70.07000000000001
2015-03-04,71.61
2015-03-05,71.61
2015-03-06,66.22
2015-03-07,71.61
2015-03-08,71.61
2015-03-09,73.92
2015-03-10,75.46000000000001
2015-03-11,67.76
2015-03-12,70.07000000000001
2015-03-13,74.69
2015-03-14,71.61
2015-03-15,68.53
2015-03-16,73.15
2015-03-17,67.76
2015-03-18,75.46000000000001
2015-03-19,75.46000000000001
2015-03-20,77.0
2015-03-21,73.15
2015-03-22,67.76
2015-03-23,72.38
2015-03-24,63.14
2015-03-25,66.22
2015-03-26,66.22
2015-03-27,70.07000000000001
2015-03-28,72.38
2015-03-29,70.84
2015-03-30,71.61
2015-03-31,74.69
2015-04-01,70.31
2015-04-02,73.47
2015-04-03,68.73
2015-04-04,77.42
2015-04-05,68.73
2015-04-06,76.63000000000001
2015-04-07,75.05
2015-04-08,72.68
2015-04-09,71.10000000000001
2015-04-10,71.10000000000001
2015-04-11,68.73
2015-04-12,67.94
2015-04-13,76.63000000000001
2015-04-14,67.94
2015-04-15,68.73
2015-04-16,67.94
2015-04-17,71.10000000000001
2015-04-18,76.63000000000001
2015-04-19,74.26
2015-04-20,73.47
2015-04-21,76.63000000000001
2015-04-22,71.10000000000001
2015-04-23,70.31
2015-04-24,77.42
2015-04-25,74.26
2015-04-26,70.31
2015-04-27,79.0
2015-04-28,75.05
2015-04-29,75.84
2015-04-30,75.05
2015-05-01,61.56
2015-05-02,76.95
2015-05-03,81.0
2015-05-04,55.080000000000005
2015-05-05,54.27
2015-05-06,56.7
2015-05-07,53.46
2015-05-08,54.27
2015-05-09,56.7
2015-05-10,49.410000000000004
2015-05-11,58.32000000000001
2015-05-12,57.510000000000005
2015-05-13,55.080000000000005
2015-05-14,57.510000000000005
2015-05-15,55.89
2015-05-16,59.13
2015-05-17,55.89
2015-05-18,57.510000000000005
2015-05-19,55.89
2015-05-20,59.13
2015-05-21,53.46
2015-05-22,59.13
2015-05-23,55.89
2015-05-24,51.03
2015-05-25,59.940000000000005
2015-05-26,69.66000000000001
2015-05-27,60.75000000000001
2015-05-28,55.89
2015-05-29,59.13
2015-05-30,60.75000000000001
2015-05-31,56.7
2015-06-01,81.78
2015-06-02,87.0
2015-06-03,78.3
2015-06-04,80.91
2015-06-05,78.3
2015-06-06,76.56
2015-06-07,74.82
2015-06-08,81.78
2015-06-09,81.78
2015-06-10,81.78
2015-06-11,80.04
2015-06-12,78.3
2015-06-13,71.34
2015-06-14,71.34
2015-06-15,84.39
2015-06-16,76.56
2015-06-17,78.3
2015-06-18,76.56
2015-06-19,74.82
2015-06-20,73.08
2015-06-21,73.95
2015-06-22,78.3
2015-06-23,80.04
2015-06-24,80.91
2015-06-25,86.13
2015-06-26,83.52
2015-06-27,82.65
2015-06-28,69.6
2015-06-29,87.0
2015-06-30,85.26
2015-07-01,84.48
2015-07-02,85.36
2015-07-03,78.32000000000001
2015-07-04,71.28
2015-07-05,77.44
2015-07-06,83.6
2015-07-07,84.48
2015-07-08,84.48
2015-07-09,81.84
2015-07-10,80.96
2015-07-11,78.32000000000001
2015-07-12,79.2
2015-07-13,84.48
2015-07-14,84.48
2015-07-15,88.0
2015-07-16,80.96
2015-07-17,83.6
2015-07-18,76.56
2015-07-19,73.92
2015-07-20,86.24
2015-07-21,85.36
2015-07-22,79.2
2015-07-23,83.6
2015-07-24,84.48
2015-07-25,77.44
2015-07-26,77.44
2015-07-27,87.12
2015-07-28,83.6
2015-07-29,85.36
2015-07-30,86.24
2015-07-31,87.12
2015-08-01,81.78
2015-08-02,75.19999999999999
2015-08-03,93.05999999999999
2015-08-04,87.42
2015-08-05,87.42
2015-08-06,94.0
2015-08-07,93.05999999999999
2015-08-08,78.02
2015-08-09,83.66
2015-08-10,92.11999999999999
2015-08-11,90.24
2015-08-12,86.47999999999999
2015-08-13,87.42
2015-08-14,87.42
2015-08-15,91.17999999999999
2015-08-16,83.66
2015-08-17,87.42
2015-08-18,87.42
2015-08-19,94.0
2015-08-20,82.72
2015-08-21,85.53999999999999
2015-08-22,83.66
2015-08-23,83.66
2015-08-24,89.3
2015-08-25,92.11999999999999
2015-08-26,81.78
2015-08-27,82.72
2015-08-28,85.53999999999999
2015-08-29,88.36
2015-08-30,78.96
2015-08-31,83.66
2015-09-01,79.17
2015-09-02,78.3
2015-09-03,83.52
2015-09-04,84.39
2015-09-05,87.0
2015-09-06,70.47
2015-09-07,73.08
2015-09-08,75.69
2015-09-09,70.47
2015-09-10,75.69
2015-09-11,74.82
2015-09-12,83.52
2015-09-13,84.39
2015-09-14,78.3
2015-09-15,76.56
2015-09-16,73.08
2015-09-17,73.95
2015-09-18,72.21
2015-09-19,79.17
2015-09-20,80.04
2015-09-21,77.42999999999999
2015-09-22,76.56
2015-09-23,73.95
2015-09-24,68.73
2015-09-25,67.86
2015-09-26,78.3
2015-09-27,71.34
2015-09-28,75.69
2015-09-29,71.34
2015-09-30,78.3
2015-10-01,68.88
2015-10-02,74.75999999999999
2015-10-03,84.0
2015-10-04,80.64
2015-10-05,70.56
2015-10-06,77.28
2015-10-07,76.44
2015-10-08,77.28
2015-10-09,75.6
2015-10-10,84.0
2015-10-11,76.44
2015-10-12,74.75999999999999
2015-10-13,73.92
2015-10-14,73.08
2015-10-15,69.72
2015-10-16,69.72
2015-10-17,71.39999999999999
2015-10-18,66.36
2015-10-19,70.56
2015-10-20,69.72
2015-10-21,64.67999999999999
2015-10-22,65.52
2015-10-23,68.88
2015-10-24,72.24
2015-10-25,67.2
2015-10-26,71.39999999999999
2015-10-27,68.03999999999999
2015-10-28,68.03999999999999
2015-10-29,68.88
2015-10-30,64.67999999999999
2015-10-31,71.39999999999999
2015-11-01,68.0
2015-11-02,66.4
2015-11-03,66.4
2015-11-04,65.60000000000001
2015-11-05,64.0
2015-11-06,66.4
2015-11-07,70.4
2015-11-08,65.60000000000001
2015-11-09,64.8
2015-11-10,68.8
2015-11-11,73.60000000000001
2015-11-12,62.400000000000006
2015-11-13,64.8
2015-11-14,67.2
2015-11-15,68.0
2015-11-16,58.400000000000006
2015-11-17,59.2
2015-11-18,60.800000000000004
2015-11-19,59.2
2015-11-20,61.6
2015-11-21,71.2
2015-11-22,68.0
2015-11-23,68.8
2015-11-24,64.0
2015-11-25,60.800000000000004
2015-11-26,57.6
2015-11-27,73.60000000000001
2015-11-28,80.0
2015-11-29,67.2
2015-11-30,75.2
2015-12-01,77.35
2015-12-02,68.85
2015-12-03,62.9
2015-12-04,62.9
2015-12-05,71.39999999999999
2015-12-06,63.75
2015-12-07,63.75
2015-12-08,60.35
2015-12-09,64.6
2015-12-10,62.05
2015-12-11,64.6
2015-12-12,62.05
2015-12-13,60.35
2015-12-14,60.35
2015-12-15,69.7
2015-12-16,62.05
2015-12-17,57.8
2015-12-18,63.75
2015-12-19,65.45
2015-12-20,65.45
2015-12-21,65.45
2015-12-22,68.0
2015-12-23,62.9
2015-12-24,59.5
2015-12-25,62.9
2015-12-26,77.35
2015-12-27,85.0
2015-12-28,81.6
2015-12-29,79.05
2015-12-30,80.75
2015-12-31,73.95
2016-01-01,73.8
2016-01-02,81.17999999999999
2016-01-03,82.0
2016-01-04,81.17999999999999
2016-01-05,80.36
2016-01-06,77.08
2016-01-07,78.72
2016-01-08,77.89999999999999
2016-01-09,76.25999999999999
2016-01-10,75.44
2016-01-11,71.33999999999999
2016-01-12,72.97999999999999
2016-01-13,72.16
2016-01-14,67.24
2016-01-15,78.72
2016-01-16,82.0
2016-01-17,74.61999999999999
2016-01-18,75.44
2016-01-19,72.97999999999999
2016-01-20,77.89999999999999
2016-01-21,73.8
2016-01-22,73.8
2016-01-23,74.61999999999999
2016-01-24,68.88
2016-01-25,70.52
2016-01-26,72.16
2016-01-27,65.6
2016-01-28,68.06
2016-01-29,72.16
2016-01-30,78.72
2016-01-31,72.97999999999999
2016-02-01,63.91
2016-02-02,63.91
2016-02-03,68.06
2016-02-04,66.39999999999999
2016-02-05,62.25
2016-02-06,67.22999999999999
2016-02-07,73.86999999999999
2016-02-08,58.93
2016-02-09,60.589999999999996
2016-02-10,65.57
2016-02-11,64.74
2016-02-12,68.89
2016-02-13,73.03999999999999
2016-02-14,69.72
2016-02-15,83.0
2016-02-16,73.86999999999999
2016-02-17,71.38
2016-02-18,68.06
2016-02-19,68.06
2016-02-20,70.55
2016-02-21,68.06
2016-02-22,68.06
2016-02-23,64.74
2016-02-24,65.57
2016-02-25,62.25
2016-02-26,63.91
2016-02-27,63.91
2016-02-28,64.74
2016-02-29,67.22999999999999
2016-03-01,71.61
2016-03-02,72.38
2016-03-03,70.07000000000001
2016-03-04,72.38
2016-03-05,77.0
2016-03-06,67.76
2016-03-07,70.84
2016-03-08,64.68
2016-03-09,72.38
2016-03-10,68.53
2016-03-11,69.3
2016-03-12,70.84
2016-03-13,70.07000000000001
2016-03-14,70.84
2016-03-15,75.46000000000001
2016-03-16,69.3
2016-03-17,69.3
2016-03-18,71.61
2016-03-19,70.84
2016-03-20,66.22
2016-03-21,72.38
2016-03-22,70.84
2016-03-23,66.99
2016-03-24,65.45
2016-03-25,65.45
2016-03-26,66.22
2016-03-27,58.52
2016-03-28,70.07000000000001
2016-03-29,71.61
2016-03-30,70.84
2016-03-31,71.61
2016-04-01,69.52000000000001
2016-04-02,77.42
2016-04-03,75.05
2016-04-04,79.0
2016-04-05,75.84
2016-04-06,68.73
2016-04-07,70.31
2016-04-08,71.10000000000001
2016-04-09,76.63000000000001
2016-04-10,71.10000000000001
2016-04-11,76.63000000000001
2016-04-12,67.15
2016-04-13,74.26
2016-04-14,72.68
2016-04-15,73.47
2016-04-16,70.31
2016-04-17,65.57000000000001
2016-04-18,72.68
2016-04-19,67.94
2016-04-20,66.36
2016-04-21,60.830000000000005
2016-04-22,65.57000000000001
2016-04-23,66.36
2016-04-24,67.15
2016-04-25,74.26
2016-04-26,73.47
2016-04-27,67.94
2016-04-28,69.52000000000001
2016-04-29,68.73
2016-04-30,68.73
2016-05-01,68.73
2016-05-02,71.89
2016-05-03,70.31
2016-05-04,71.89
2016-05-05,67.94
2016-05-06,68.73
2016-05-07,71.10000000000001
2016-05-08,64.78
2016-05-09,78.21000000000001
2016-05-10,75.05
2016-05-11,71.10000000000001
2016-05-12,71.10000000000001
2016-05-13,73.47
2016-05-14,74.26
2016-05-15,69.52000000000001
2016-05-16,75.05
2016-05-17,75.05
2016-05-18,71.10000000000001
2016-05-19,76.63000000000001
2016-05-20,70.31
2016-05-21,74.26
2016-05-22,71.89
2016-05-23,74.26
2016-05-24,79.0
2016-05-25,75.84
2016-05-26,68.73
2016-05-27,71.89
2016-05-28,75.84
2016-05-29,69.52000000000001
2016-05-30,71.89
2016-05-31,79.0
2016-06-01,75.2
2016-06-02,76.0
2016-06-03,75.2
2016-06-04,71.2
2016-06-05,69.60000000000001
2016-06-06,80.0
2016-06-07,78.4
2016-06-08,67.2
2016-06-09,70.4
2016-06-10,68.8
2016-06-11,68.0
2016-06-12,64.8
2016-06-13,76.0
2016-06-14,74.4
2016-06-15,73.60000000000001
2016-06-16,72.8
2016-06-17,75.2
2016-06-18,70.4
2016-06-19,67.2
2016-06-20,72.0
2016-06-21,76.0
2016-06-22,76.0
2016-06-23,69.60000000000001
2016-06-24,72.8
2016-06-25,71.2
2016-06-26,67.2
2016-06-27,76.0
2016-06-28,76.80000000000001
2016-06-29,73.60000000000001
2016-06-30,76.0
2016-07-01,76.44
2016-07-02,64.74000000000001
2016-07-03,63.96
2016-07-04,62.400000000000006
2016-07-05,75.66
2016-07-06,78.0
2016-07-07,74.10000000000001
2016-07-08,70.98
2016-07-09,69.42
2016-07-10,66.3
2016-07-11,70.98
2016-07-12,77.22
2016-07-13,76.44
2016-07-14,71.76
2016-07-15,71.76
2016-07-16,72.54
2016-07-17,66.3
2016-07-18,74.88
2016-07-19,75.66
2016-07-20,74.10000000000001
2016-07-21,70.98
2016-07-22,70.2
2016-07-23,74.10000000000001
2016-07-24,66.3
2016-07-25,74.10000000000001
2016-07-26,76.44
2016-07-27,72.54
2016-07-28,70.98
2016-07-29,73.32000000000001
2016-07-30,74.10000000000001
2016-07-31,70.98
2016-08-01,84.0
2016-08-02,84.0
2016-08-03,81.48
2016-08-04,78.96
2016-08-05,77.28
2016-08-06,83.16
2016-08-07,76.44
2016-08-08,77.28
2016-08-09,80.64
2016-08-10,76.44
2016-08-11,78.11999999999999
2016-08-12,73.92
2016-08-13,79.8
2016-08-14,73.08
2016-08-15,78.11999999999999
2016-08-16,76.44
2016-08-17,78.11999999999999
2016-08-18,75.6
2016-08-19,77.28
2016-08-20,73.08
2016-08-21,73.92
2016-08-22,74.75999999999999
2016-08-23,74.75999999999999
2016-08-24,72.24
2016-08-25,78.11999999999999
2016-08-26,76.44
2016-08-27,80.64
2016-08-28,73.92
2016-08-29,83.16
2016-08-30,80.64
2016-08-31,74.75999999999999
2016-09-01,70.56
2016-09-02,70.56
2016-09-03,76.44
2016-09-04,67.2
2016-09-05,66.36
2016-09-06,73.08
2016-09-07,66.36
2016-09-08,73.08
2016-09-09,74.75999999999999
2016-09-10,84.0
2016-09-11,76.44
2016-09-12,68.88
2016-09-13,71.39999999999999
2016-09-14,64.67999999999999
2016-09-15,64.67999999999999
2016-09-16,66.36
2016-09-17,73.92
2016-09-18,73.92
2016-09-19,66.36
2016-09-20,68.03999999999999
2016-09-21,68.03999999999999
2016-09-22,69.72
2016-09-23,65.52
2016-09-24,68.88
2016-09-25,71.39999999999999
2016-09-26,64.67999999999999
2016-09-27,62.16
2016-09-28,62.16
2016-09-29,61.32
2016-09-30,65.52
2016-10-01,68.0
2016-10-02,68.0
2016-10-03,66.4
2016-10-04,66.4
2016-10-05,64.8
2016-10-06,62.400000000000006
2016-10-07,68.0
2016-10-08,77.60000000000001
2016-10-09,73.60000000000001
2016-10-10,68.0
2016-10-11,68.0
2016-10-12,62.400000000000006
2016-10-13,65.60000000000001
2016-10-14,64.8
2016-10-15,69.60000000000001
2016-10-16,65.60000000000001
2016-10-17,68.0
2016-10-18,64.8
2016-10-19,62.400000000000006
2016-10-20,62.400000000000006
2016-10-21,65.60000000000001
2016-10-22,72.8
2016-10-23,80.0
2016-10-24,69.60000000000001
2016-10-25,64.8
2016-10-26,63.2
2016-10-27,64.0
2016-10-28,69.60000000000001
2016-10-29,65.60000000000001
2016-10-30,61.6
2016-10-31,64.8
2016-11-01,65.57000000000001
2016-11-02,67.15
2016-11-03,63.99
2016-11-04,65.57000000000001
2016-11-05,68.73
2016-11-06,66.36
2016-11-07,66.36
2016-11-08,60.830000000000005
2016-11-09,47.400000000000006
2016-11-10,64.78
2016-11-11,63.99
2016-11-12,67.15
2016-11-13,64.78
2016-11-14,62.410000000000004
2016-11-15,67.15
2016-11-16,67.15
2016-11-17,60.830000000000005
2016-11-18,64.78
2016-11-19,68.73
2016-11-20,68.73
2016-11-21,64.78
2016-11-22,65.57000000000001
2016-11-23,63.99
2016-11-24,62.410000000000004
2016-11-25,75.05
2016-11-26,79.0
2016-11-27,73.47
2016-11-28,70.31
2016-11-29,71.89
2016-11-30,73.47
2016-12-01,69.52000000000001
2016-12-02,70.31
2016-12-03,74.26
2016-12-04,69.52000000000001
2016-12-05,65.57000000000001
2016-12-06,67.94
2016-12-07,68.73
2016-12-08,70.31
2016-12-09,62.410000000000004
2016-12-10,66.36
2016-12-11,63.99
2016-12-12,63.2
2016-12-13,63.99
2016-12-14,64.78
2016-12-15,64.78
2016-12-16,64.78
2016-12-17,69.52000000000001
2016-12-18,67.94
2016-12-19,63.99
2016-12-20,66.36
2016-12-21,65.57000000000001
2016-12-22,62.410000000000004
2016-12-23,64.78
2016-12-24,63.99
2016-12-25,71.10000000000001
2016-12-26,75.05
2016-12-27,76.63000000000001
2016-12-28,79.0
2016-12-29,76.63000000000001
2016-12-30,79.0
2016-12-31,72.68
2017-01-01,63.08
2017-01-02,75.24
2017-01-03,70.68
2017-01-04,69.16
2017-01-05,67.64
2017-01-06,67.64
2017-01-07,72.2
2017-01-08,62.32
2017-01-09,66.12
2017-01-10,65.36
2017-01-11,64.6
2017-01-12,60.04
2017-01-13,65.36
2017-01-14,76.0
2017-01-15,63.84
2017-01-16,72.2
2017-01-17,69.92
2017-01-18,70.68
2017-01-19,66.88
2017-01-20,65.36
2017-01-21,65.36
2017-01-22,69.92
2017-01-23,64.6
2017-01-24,65.36
2017-01-25,62.32
2017-01-26,61.56
2017-01-27,66.12
2017-01-28,67.64
2017-01-29,66.88
2017-01-30,66.88
2017-01-31,64.6
2017-02-01,66.24
2017-02-02,62.64
2017-02-03,67.67999999999999
2017-02-04,70.56
2017-02-05,72.0
2017-02-06,55.44
2017-02-07,58.32
2017-02-08,60.48
2017-02-09,59.76
2017-02-10,60.48
2017-02-11,62.64
2017-02-12,59.04
2017-02-13,59.76
2017-02-14,56.879999999999995
2017-02-15,56.879999999999995
2017-02-16,63.36
2017-02-17,58.32
2017-02-18,59.04
2017-02-19,61.199999999999996
2017-02-20,62.64
2017-02-21,59.04
2017-02-22,60.48
2017-02-23,57.599999999999994
2017-02-24,57.599999999999994
2017-02-25,60.48
2017-02-26,62.64
2017-02-27,59.76
2017-02-28,60.48
2017-03-01,68.25
2017-03-02,70.5
2017-03-03,72.75
2017-03-04,75.0
2017-03-05,70.5
2017-03-06,71.25
2017-03-07,71.25
2017-03-08,67.5
2017-03-09,72.75
2017-03-10,71.25
2017-03-11,73.5
2017-03-12,66.0
2017-03-13,69.75
2017-03-14,74.25
2017-03-15,72.0
2017-03-16,71.25
2017-03-17,66.75
2017-03-18,72.0
2017-03-19,67.5
2017-03-20,69.75
2017-03-21,69.0
2017-03-22,68.25
2017-03-23,71.25
2017-03-24,71.25
2017-03-25,72.0
2017-03-26,72.75
2017-03-27,68.25
2017-03-28,66.75
2017-03-29,63.0
2017-03-30,61.5
2017-03-31,68.25
2017-04-01,67.19999999999999
2017-04-02,65.1
2017-04-03,70.0
2017-04-04,63.699999999999996
2017-04-05,69.3
2017-04-06,60.199999999999996
2017-04-07,60.199999999999996
2017-04-08,60.9
2017-04-09,61.599999999999994
2017-04-10,65.1
2017-04-11,62.99999999999999
2017-04-12,67.89999999999999
2017-04-13,64.39999999999999
2017-04-14,67.89999999999999
2017-04-15,60.199999999999996
2017-04-16,60.199999999999996
2017-04-17,65.1
2017-04-18,63.699999999999996
2017-04-19,59.49999999999999
2017-04-20,56.699999999999996
2017-04-21,62.3
2017-04-22,61.599999999999994
2017-04-23,58.8
2017-04-24,61.599999999999994
2017-04-25,58.8
2017-04-26,60.9
2017-04-27,61.599999999999994
2017-04-28,60.199999999999996
2017-04-29,62.3
2017-04-30,67.89999999999999
2017-05-01,63.9
2017-05-02,67.45
2017-05-03,62.48
2017-05-04,63.19
2017-05-05,58.93
2017-05-06,71.0
2017-05-07,63.9
2017-05-08,63.19
2017-05-09,61.059999999999995
2017-05-10,56.8
2017-05-11,60.349999999999994
2017-05-12,61.769999999999996
2017-05-13,63.9
2017-05-14,54.669999999999995
2017-05-15,58.22
2017-05-16,63.19
2017-05-17,58.22
2017-05-18,60.349999999999994
2017-05-19,55.379999999999995
2017-05-20,61.059999999999995
2017-05-21,61.769999999999996
2017-05-22,63.9
2017-05-23,60.349999999999994
2017-05-24,61.769999999999996
2017-05-25,62.48
2017-05-26,62.48
2017-05-27,60.349999999999994
2017-05-28,57.51
2017-05-29,61.769999999999996
2017-05-30,68.16
2017-05-31,65.32
2017-06-01,67.89
2017-06-02,62.05
2017-06-03,70.08
2017-06-04,67.16
2017-06-05,67.16
2017-06-06,70.08
2017-06-07,73.0
2017-06-08,65.7
2017-06-09,60.589999999999996
2017-06-10,59.86
2017-06-11,59.86
2017-06-12,68.62
2017-06-13,62.05
2017-06-14,67.89
2017-06-15,63.51
2017-06-16,66.42999999999999
2017-06-17,67.89
2017-06-18,57.67
2017-06-19,69.35
2017-06-20,68.62
2017-06-21,68.62
2017-06-22,68.62
2017-06-23,63.51
2017-06-24,64.24
2017-06-25,66.42999999999999
2017-06-26,70.08
2017-06-27,73.0
2017-06-28,69.35
2017-06-29,63.51
2017-06-30,69.35
2017-07-01,61.199999999999996
2017-07-02,64.08
2017-07-03,66.96
2017-07-04,61.199999999999996
2017-07-05,66.24
2017-07-06,66.24
2017-07-07,66.24
2017-07-08,67.67999999999999
2017-07-09,64.8
2017-07-10,69.84
2017-07-11,68.39999999999999
2017-07-12,70.56
2017-07-13,64.8
2017-07-14,66.24
2017-07-15,62.64
2017-07-16,65.52
2017-07-17,69.84
2017-07-18,69.12
2017-07-19,72.0
2017-07-20,64.8
2017-07-21,59.76
2017-07-22,67.67999999999999
2017-07-23,59.04
2017-07-24,65.52
2017-07-25,67.67999999999999
2017-07-26,68.39999999999999
2017-07-27,65.52
2017-07-28,67.67999999999999
2017-07-29,70.56
2017-07-30,65.52
2017-07-31,66.96
2017-08-01,64.5
2017-08-02,66.0
2017-08-03,60.75
2017-08-04,61.5
2017-08-05,62.25
2017-08-06,54.75
2017-08-07,75.0
2017-08-08,71.25
2017-08-09,67.5
2017-08-10,58.5
2017-08-11,57.75
2017-08-12,60.0
2017-08-13,57.0
2017-08-14,63.75
2017-08-15,66.0
2017-08-16,56.25
2017-08-17,57.0
2017-08-18,56.25
2017-08-19,60.0
2017-08-20,57.75
2017-08-21,54.75
2017-08-22,61.5
2017-08-23,58.5
2017-08-24,57.75
2017-08-25,60.0
2017-08-26,68.25
2017-08-27,60.75
2017-08-28,60.0
2017-08-29,58.5
2017-08-30,57.75
2017-08-31,56.25
2017-09-01,64.39999999999999
2017-09-02,68.6
2017-09-03,63.699999999999996
2017-09-04,58.8
2017-09-05,65.1
2017-09-06,56.699999999999996
2017-09-07,60.9
2017-09-08,61.599999999999994
2017-09-09,60.199999999999996
2017-09-10,62.3
2017-09-11,60.9
2017-09-12,64.39999999999999
2017-09-13,67.19999999999999
2017-09-14,61.599999999999994
2017-09-15,61.599999999999994
2017-09-16,70.0
2017-09-17,67.89999999999999
2017-09-18,58.099999999999994
2017-09-19,58.099999999999994
2017-09-20,58.099999999999994
2017-09-21,58.8
2017-09-22,60.199999999999996
2017-09-23,60.9
2017-09-24,62.99999999999999
2017-09-25,59.49999999999999
2017-09-26,62.3
2017-09-27,60.199999999999996
2017-09-28,56.699999999999996
2017-09-29,61.599999999999994
2017-09-30,64.39999999999999
2017-10-01,68.0
2017-10-02,62.56
2017-10-03,59.160000000000004
2017-10-04,62.56
2017-10-05,63.24
2017-10-06,62.56
2017-10-07,65.96000000000001
2017-10-08,67.32000000000001
2017-10-09,63.24
2017-10-10,60.52
2017-10-11,61.2
2017-10-12,59.84
2017-10-13,61.88
2017-10-14,65.28
2017-10-15,68.0
2017-10-16,61.88
2017-10-17,61.2
2017-10-18,61.2
2017-10-19,59.84
2017-10-20,58.480000000000004
2017-10-21,65.28
2017-10-22,64.60000000000001
2017-10-23,60.52
2017-10-24,65.96000000000001
2017-10-25,61.2
2017-10-26,59.160000000000004
2017-10-27,60.52
2017-10-28,57.800000000000004
2017-10-29,60.52
2017-10-30,58.480000000000004
2017-10-31,55.760000000000005
2017-11-01,53.95
2017-11-02,60.45
2017-11-03,53.300000000000004
2017-11-04,56.550000000000004
2017-11-05,57.2
2017-11-06,52.65
2017-11-07,55.25
2017-11-08,52.0
2017-11-09,53.300000000000004
2017-11-10,57.85
2017-11-11,57.2
2017-11-12,53.300000000000004
2017-11-13,53.300000000000004
2017-11-14,59.15
2017-11-15,55.9
2017-11-16,55.9
2017-11-17,52.65
2017-11-18,54.6
2017-11-19,55.25
2017-11-20,53.300000000000004
2017-11-21,52.0
2017-11-22,53.300000000000004
2017-11-23,52.65
2017-11-24,65.0
2017-11-25,62.400000000000006
2017-11-26,58.5
2017-11-27,55.9
2017-11-28,61.1
2017-11-29,53.95
2017-11-30,55.9
2017-12-01,55.88999999999999
2017-12-02,57.959999999999994
2017-12-03,55.88999999999999
2017-12-04,53.81999999999999
2017-12-05,53.129999999999995
2017-12-06,53.129999999999995
2017-12-07,48.3
2017-12-08,51.059999999999995
2017-12-09,57.269999999999996
2017-12-10,53.129999999999995
2017-12-11,50.37
2017-12-12,52.44
2017-12-13,53.81999999999999
2017-12-14,51.059999999999995
2017-12-15,51.74999999999999
2017-12-16,60.029999999999994
2017-12-17,55.88999999999999
2017-12-18,54.51
2017-12-19,51.74999999999999
2017-12-20,48.989999999999995
2017-12-21,52.44
2017-12-22,53.129999999999995
2017-12-23,50.37
2017-12-24,47.61
2017-12-25,55.199999999999996
2017-12-26,69.0
2017-12-27,66.92999999999999
2017-12-28,59.339999999999996
2017-12-29,68.30999999999999
2017-12-30,64.17
2017-12-31,58.65
2018-01-01,58.74
2018-01-02,64.02
2018-01-03,66.0
2018-01-04,62.040000000000006
2018-01-05,60.720000000000006
2018-01-06,66.0
2018-01-07,64.02
2018-01-08,60.06
2018-01-09,58.74
2018-01-10,59.400000000000006
2018-01-11,56.760000000000005
2018-01-12,54.120000000000005
2018-01-13,60.06
2018-01-14,56.1
2018-01-15,58.74
2018-01-16,56.760000000000005
2018-01-17,50.160000000000004
2018-01-18,58.080000000000005
2018-01-19,50.82
2018-01-20,54.120000000000005
2018-01-21,55.440000000000005
2018-01-22,49.5
2018-01-23,51.480000000000004
2018-01-24,50.82
2018-01-25,52.14
2018-01-26,53.46
2018-01-27,56.760000000000005
2018-01-28,53.46
2018-01-29,50.160000000000004
2018-01-30,53.46
2018-01-31,51.480000000000004
2018-02-01,47.12
2018-02-02,47.12
2018-02-03,55.18
2018-02-04,62.0
2018-02-05,44.02
2018-02-06,45.88
2018-02-07,57.04
2018-02-08,50.22
2018-02-09,50.22
2018-02-10,50.22
2018-02-11,47.74
2018-02-12,47.12
2018-02-13,47.12
2018-02-14,44.02
2018-02-15,42.16
2018-02-16,47.12
2018-02-17,46.5
2018-02-18,44.64
2018-02-19,50.839999999999996
2018-02-20,45.88
2018-02-21,44.64
2018-02-22,46.5
2018-02-23,45.88
2018-02-24,49.6
2018-02-25,44.64
2018-02-26,46.5
2018-02-27,48.36
2018-02-28,46.5
2018-03-01,57.339999999999996
2018-03-02,60.39
2018-03-03,57.949999999999996
2018-03-04,61.0
2018-03-05,60.39
2018-03-06,59.78
2018-03-07,57.339999999999996
2018-03-08,56.73
2018-03-09,57.339999999999996
2018-03-10,57.339999999999996
2018-03-11,51.85
2018-03-12,57.339999999999996
2018-03-13,55.51
2018-03-14,57.339999999999996
2018-03-15,52.46
2018-03-16,57.339999999999996
2018-03-17,56.12
2018-03-18,53.07
2018-03-19,56.12
2018-03-20,52.46
2018-03-21,56.12
2018-03-22,58.56
2018-03-23,54.29
2018-03-24,51.24
2018-03-25,57.339999999999996
2018-03-26,54.29
2018-03-27,57.339999999999996
2018-03-28,54.9
2018-03-29,57.949999999999996
2018-03-30,53.07
2018-03-31,60.39
2018-04-01,53.099999999999994
2018-04-02,54.279999999999994
2018-04-03,59.0
2018-04-04,52.51
2018-04-05,55.459999999999994
2018-04-06,55.459999999999994
2018-04-07,55.459999999999994
2018-04-08,54.279999999999994
2018-04-09,53.69
2018-04-10,53.099999999999994
2018-04-11,54.87
2018-04-12,54.279999999999994
2018-04-13,46.61
2018-04-14,56.64
2018-04-15,52.51
2018-04-16,55.459999999999994
2018-04-17,56.64
2018-04-18,51.919999999999995
2018-04-19,50.15
2018-04-20,52.51
2018-04-21,52.51
2018-04-22,52.51
2018-04-23,51.33
2018-04-24,52.51
2018-04-25,51.33
2018-04-26,50.15
2018-04-27,50.739999999999995
2018-04-28,50.739999999999995
2018-04-29,52.51
2018-04-30,55.459999999999994
2018-05-01,51.85
2018-05-02,48.19
2018-05-03,51.24
2018-05-04,48.19
2018-05-05,53.68
2018-05-06,50.019999999999996
2018-05-07,52.46
2018-05-08,50.629999999999995
2018-05-09,49.41
2018-05-10,51.85
2018-05-11,50.019999999999996
2018-05-12,54.29
2018-05-13,51.24
2018-05-14,53.07
2018-05-15,55.51
2018-05-16,49.41
2018-05-17,49.41
2018-05-18,51.85
2018-05-19,53.68
2018-05-20,61.0
2018-05-21,54.9
2018-05-22,54.9
2018-05-23,56.73
2018-05-24,53.68
2018-05-25,53.68
2018-05-26,54.9
2018-05-27,57.949999999999996
2018-05-28,57.339999999999996
2018-05-29,53.68
2018-05-30,55.51
2018-05-31,59.17
2018-06-01,53.120000000000005
2018-06-02,55.68
2018-06-03,55.68
2018-06-04,58.24
2018-06-05,56.32
2018-06-06,53.76
2018-06-07,57.6
2018-06-08,56.32
2018-06-09,52.480000000000004
2018-06-10,56.32
2018-06-11,60.800000000000004
2018-06-12,60.160000000000004
2018-06-13,61.44
2018-06-14,60.160000000000004
2018-06-15,60.160000000000004
2018-06-16,52.480000000000004
2018-06-17,53.76
2018-06-18,60.800000000000004
2018-06-19,58.24
2018-06-20,56.96
2018-06-21,53.76
2018-06-22,55.04
2018-06-23,53.76
2018-06-24,58.88
2018-06-25,59.52
2018-06-26,57.6
2018-06-27,56.96
2018-06-28,56.96
2018-06-29,64.0
2018-06-30,62.08
2018-07-01,59.22
2018-07-02,61.11
2018-07-03,58.59
2018-07-04,51.660000000000004
2018-07-05,63.0
2018-07-06,58.59
2018-07-07,55.44
2018-07-08,56.07
2018-07-09,63.0
2018-07-10,54.18
2018-07-11,52.29
2018-07-12,56.7
2018-07-13,55.44
2018-07-14,53.55
2018-07-15,55.44
2018-07-16,61.74
2018-07-17,60.480000000000004
2018-07-18,57.96
2018-07-19,55.44
2018-07-20,59.22
2018-07-21,56.7
2018-07-22,60.480000000000004
2018-07-23,61.74
2018-07-24,54.81
2018-07-25,57.96
2018-07-26,56.07
2018-07-27,54.18
2018-07-28,54.18
2018-07-29,55.44
2018-07-30,56.7
2018-07-31,61.11
2018-08-01,62.400000000000006
2018-08-02,61.1
2018-08-03,62.400000000000006
2018-08-04,59.800000000000004
2018-08-05,57.2
2018-08-06,63.7
2018-08-07,59.800000000000004
2018-08-08,62.400000000000006
2018-08-09,64.35000000000001
2018-08-10,61.1
2018-08-11,63.7
2018-08-12,62.400000000000006
2018-08-13,62.400000000000006
2018-08-14,65.0
2018-08-15,64.35000000000001
2018-08-16,58.5
2018-08-17,59.800000000000004
2018-08-18,62.400000000000006
2018-08-19,62.400000000000006
2018-08-20,62.400000000000006
2018-08-21,59.15
2018-08-22,59.15
2018-08-23,57.85
2018-08-24,58.5
2018-08-25,60.45
2018-08-26,64.35000000000001
2018-08-27,61.1
2018-08-28,61.1
2018-08-29,55.9
2018-08-30,63.7
2018-08-31,61.1
2018-09-01,58.28
2018-09-02,52.7
2018-09-03,53.94
2018-09-04,50.22
2018-09-05,49.6
2018-09-06,50.22
2018-09-07,52.7
2018-09-08,62.0
2018-09-09,60.14
2018-09-10,49.6
2018-09-11,50.839999999999996
2018-09-12,48.98
2018-09-13,52.08
2018-09-14,51.46
2018-09-15,62.0
2018-09-16,57.04
2018-09-17,49.6
2018-09-18,50.22
2018-09-19,47.74
2018-09-20,50.22
2018-09-21,47.74
2018-09-22,52.7
2018-09-23,50.22
2018-09-24,48.98
2018-09-25,57.04
2018-09-26,53.32
2018-09-27,50.839999999999996
2018-09-28,47.74
2018-09-29,48.36
2018-09-30,53.32
2018-10-01,55.28999999999999
2018-10-02,56.99999999999999
2018-10-03,54.72
2018-10-04,51.3
2018-10-05,50.73
2018-10-06,51.87
2018-10-07,53.01
2018-10-08,51.87
2018-10-09,49.019999999999996
2018-10-10,46.169999999999995
2018-10-11,46.739999999999995
2018-10-12,49.019999999999996
2018-10-13,53.01
2018-10-14,50.16
2018-10-15,49.589999999999996
2018-10-16,51.87
2018-10-17,48.449999999999996
2018-10-18,46.739999999999995
2018-10-19,47.879999999999995
2018-10-20,50.16
2018-10-21,51.87
2018-10-22,49.019999999999996
2018-10-23,50.16
2018-10-24,43.31999999999999
2018-10-25,47.309999999999995
2018-10-26,45.029999999999994
2018-10-27,45.599999999999994
2018-10-28,48.449999999999996
2018-10-29,47.309999999999995
2018-10-30,46.739999999999995
2018-10-31,43.31999999999999
2018-11-01,48.0
2018-11-02,48.6
2018-11-03,52.8
2018-11-04,57.0
2018-11-05,50.4
2018-11-06,48.0
2018-11-07,43.8
2018-11-08,49.199999999999996
2018-11-09,49.8
2018-11-10,53.4
2018-11-11,52.199999999999996
2018-11-12,51.6
2018-11-13,46.8
2018-11-14,47.4
2018-11-15,48.0
2018-11-16,46.8
2018-11-17,51.6
2018-11-18,49.199999999999996
2018-11-19,51.0
2018-11-20,49.8
2018-11-21,50.4
2018-11-22,46.199999999999996
2018-11-23,60.0
2018-11-24,58.8
2018-11-25,60.0
2018-11-26,55.199999999999996
2018-11-27,51.0
2018-11-28,52.199999999999996
2018-11-29,51.6
2018-11-30,53.4
2018-12-01,52.7
2018-12-02,55.18
2018-12-03,49.6
2018-12-04,46.5
2018-12-05,48.98
2018-12-06,42.78
2018-12-07,45.88
2018-12-08,47.12
2018-12-09,47.74
2018-12-10,48.36
2018-12-11,45.26
2018-12-12,42.78
2018-12-13,44.64
2018-12-14,45.88
2018-12-15,48.98
2018-12-16,46.5
2018-12-17,47.12
2018-12-18,47.74
2018-12-19,44.02
2018-12-20,43.4
2018-12-21,44.02
2018-12-22,45.88
2018-12-23,44.64
2018-12-24,45.88
2018-12-25,48.36
2018-12-26,58.28
2018-12-27,62.0
2018-12-28,54.56
2018-12-29,54.56
2018-12-30,51.46
2018-12-31,51.46
2019-01-01,60.0
2019-01-02,58.199999999999996
2019-01-03,58.8
2019-01-04,58.199999999999996
2019-01-05,58.8
2019-01-06,53.4
2019-01-07,52.8
2019-01-08,56.4
2019-01-09,48.0
2019-01-10,54.6
2019-01-11,52.199999999999996
2019-01-12,55.199999999999996
2019-01-13,52.8
2019-01-14,52.199999999999996
2019-01-15,52.8
2019-01-16,52.199999999999996
2019-01-17,51.6
2019-01-18,53.4
2019-01-19,54.6
2019-01-20,53.4
2019-01-21,54.0
2019-01-22,49.8
2019-01-23,52.199999999999996
2019-01-24,51.0
2019-01-25,51.6
2019-01-26,52.199999999999996
2019-01-27,55.199999999999996
2019-01-28,48.6
2019-01-29,50.4
2019-01-30,53.4
2019-01-31,55.8
2019-02-01,42.56
2019-02-02,47.040000000000006
2019-02-03,56.00000000000001
2019-02-04,39.760000000000005
2019-02-05,39.760000000000005
2019-02-06,40.32000000000001
2019-02-07,42.00000000000001
2019-02-08,39.2
2019-02-09,44.24
2019-02-10,45.36000000000001
2019-02-11,42.00000000000001
2019-02-12,40.88
2019-02-13,38.64
2019-02-14,39.760000000000005
2019-02-15,38.64
2019-02-16,43.68000000000001
2019-02-17,40.32000000000001
2019-02-18,44.24
2019-02-19,36.96
2019-02-20,38.64
2019-02-21,42.00000000000001
2019-02-22,40.32000000000001
2019-02-23,43.68000000000001
2019-02-24,43.120000000000005
2019-02-25,40.32000000000001
2019-02-26,42.00000000000001
2019-02-27,40.32000000000001
2019-02-28,39.760000000000005
2019-03-01,52.080000000000005
2019-03-02,53.760000000000005
2019-03-03,52.080000000000005
2019-03-04,53.2
2019-03-05,55.440000000000005
2019-03-06,53.760000000000005
2019-03-07,51.52
2019-03-08,48.720000000000006
2019-03-09,55.440000000000005
2019-03-10,56.00000000000001
2019-03-11,52.080000000000005
2019-03-12,56.00000000000001
2019-03-13,50.96000000000001
2019-03-14,49.84
2019-03-15,47.040000000000006
2019-03-16,48.720000000000006
2019-03-17,48.720000000000006
2019-03-18,50.400000000000006
2019-03-19,49.28
2019-03-20,47.6
2019-03-21,50.400000000000006
2019-03-22,49.28
2019-03-23,54.32000000000001
2019-03-24,48.160000000000004
2019-03-25,52.080000000000005
2019-03-26,48.720000000000006
2019-03-27,51.52
2019-03-28,54.32000000000001
2019-03-29,49.28
2019-03-30,52.64000000000001
2019-03-31,49.84
2019-04-01,51.52
2019-04-02,53.760000000000005
2019-04-03,52.64000000000001
2019-04-04,54.88
2019-04-05,49.28
2019-04-06,56.00000000000001
2019-04-07,50.400000000000006
2019-04-08,53.760000000000005
2019-04-09,48.720000000000006
2019-04-10,53.760000000000005
2019-04-11,53.760000000000005
2019-04-12,51.52
2019-04-13,52.64000000000001
2019-04-14,52.64000000000001
2019-04-15,53.2
2019-04-16,53.760000000000005
2019-04-17,50.96000000000001
2019-04-18,50.400000000000006
2019-04-19,50.400000000000006
2019-04-20,50.96000000000001
2019-04-21,48.720000000000006
2019-04-22,56.00000000000001
2019-04-23,51.52
2019-04-24,51.52
2019-04-25,54.88
2019-04-26,52.080000000000005
2019-04-27,49.84
2019-04-28,51.52
2019-04-29,53.760000000000005
2019-04-30,55.440000000000005
2019-05-01,51.7
2019-05-02,51.7
2019-05-03,50.050000000000004
2019-05-04,55.00000000000001
2019-05-05,51.150000000000006
2019-05-06,51.7
2019-05-07,47.300000000000004
2019-05-08,46.2
2019-05-09,45.650000000000006
2019-05-10,46.2
2019-05-11,50.6
2019-05-12,46.2
2019-05-13,47.85
2019-05-14,51.150000000000006
2019-05-15,48.400000000000006
2019-05-16,47.85
2019-05-17,46.2
2019-05-18,45.1
2019-05-19,48.95
2019-05-20,48.400000000000006
2019-05-21,50.6
2019-05-22,52.25000000000001
2019-05-23,49.50000000000001
2019-05-24,48.400000000000006
2019-05-25,51.150000000000006
2019-05-26,47.300000000000004
2019-05-27,48.95
2019-05-28,51.150000000000006
2019-05-29,52.800000000000004
2019-05-30,53.35
2019-05-31,50.050000000000004
2019-06-01,49.589999999999996
2019-06-02,49.589999999999996
2019-06-03,51.3
2019-06-04,54.72
2019-06-05,51.3
2019-06-06,51.87
2019-06-07,50.73
2019-06-08,52.44
2019-06-09,53.01
2019-06-10,49.589999999999996
2019-06-11,53.01
2019-06-12,54.72
2019-06-13,53.58
2019-06-14,54.72
2019-06-15,50.73
2019-06-16,50.73
2019-06-17,55.85999999999999
2019-06-18,56.99999999999999
2019-06-19,52.44
2019-06-20,55.28999999999999
2019-06-21,50.16
2019-06-22,47.879999999999995
2019-06-23,53.01
2019-06-24,53.01
2019-06-25,53.58
2019-06-26,55.28999999999999
2019-06-27,56.42999999999999
2019-06-28,54.15
2019-06-29,50.16
2019-06-30,53.01
2019-07-01,50.15
2019-07-02,56.05
2019-07-03,50.739999999999995
2019-07-04,47.199999999999996
2019-07-05,52.51
2019-07-06,50.739999999999995
2019-07-07,46.019999999999996
2019-07-08,53.099999999999994
2019-07-09,54.279999999999994
2019-07-10,56.05
2019-07-11,54.279999999999994
2019-07-12,55.459999999999994
2019-07-13,53.099999999999994
2019-07-14,48.97
2019-07-15,53.69
2019-07-16,58.41
2019-07-17,52.51
2019-07-18,51.919999999999995
2019-07-19,52.51
2019-07-20,54.87
2019-07-21,54.279999999999994
2019-07-22,51.919999999999995
2019-07-23,59.0
2019-07-24,53.69
2019-07-25,54.279999999999994
2019-07-26,54.279999999999994
2019-07-27,53.099999999999994
2019-07-28,48.97
2019-07-29,51.33
2019-07-30,51.33
2019-07-31,56.05
2019-08-01,55.459999999999994
2019-08-02,52.51
2019-08-03,54.87
2019-08-04,50.739999999999995
2019-08-05,51.919999999999995
2019-08-06,53.69
2019-08-07,55.459999999999994
2019-08-08,50.739999999999995
2019-08-09,53.099999999999994
2019-08-10,54.279999999999994
2019-08-11,56.64
2019-08-12,58.41
2019-08-13,54.279999999999994
2019-08-14,56.05
2019-08-15,54.279999999999994
2019-08-16,54.87
2019-08-17,57.82
2019-08-18,52.51
2019-08-19,59.0
2019-08-20,54.279999999999994
2019-08-21,54.87
2019-08-22,53.099999999999994
2019-08-23,54.87
2019-08-24,53.099999999999994
2019-08-25,49.559999999999995
2019-08-26,54.87
2019-08-27,51.919999999999995
2019-08-28,50.739999999999995
2019-08-29,54.87
2019-08-30,50.739999999999995
2019-08-31,53.099999999999994
2019-09-01,46.480000000000004
2019-09-02,46.480000000000004
2019-09-03,48.160000000000004
2019-09-04,49.28
2019-09-05,47.6
2019-09-06,50.400000000000006
2019-09-07,56.00000000000001
2019-09-08,53.760000000000005
2019-09-09,48.160000000000004
2019-09-10,48.160000000000004
2019-09-11,42.56
2019-09-12,44.800000000000004
2019-09-13,49.28
2019-09-14,52.080000000000005
2019-09-15,49.84
2019-09-16,46.480000000000004
2019-09-17,48.720000000000006
2019-09-18,45.92
2019-09-19,45.36000000000001
2019-09-20,49.84
2019-09-21,45.36000000000001
2019-09-22,49.28
2019-09-23,48.720000000000006
2019-09-24,45.92
2019-09-25,44.24
2019-09-26,43.120000000000005
2019-09-27,46.480000000000004
2019-09-28,49.28
2019-09-29,47.6
2019-09-30,50.96000000000001
2019-10-01,52.38
2019-10-02,54.0
2019-10-03,54.0
2019-10-04,51.300000000000004
2019-10-05,51.300000000000004
2019-10-06,51.84
2019-10-07,52.92
2019-10-08,49.68000000000001
2019-10-09,49.14
2019-10-10,50.760000000000005
2019-10-11,52.38
2019-10-12,50.760000000000005
2019-10-13,49.14
2019-10-14,47.52
2019-10-15,51.84
2019-10-16,49.68000000000001
2019-10-17,52.38
2019-10-18,51.300000000000004
2019-10-19,51.84
2019-10-20,50.220000000000006
2019-10-21,49.68000000000001
2019-10-22,51.84
2019-10-23,52.92
2019-10-24,49.68000000000001
2019-10-25,49.68000000000001
2019-10-26,49.68000000000001
2019-10-27,48.06
2019-10-28,47.52
2019-10-29,48.6
2019-10-30,47.52
2019-10-31,49.14
2019-11-01,44.550000000000004
2019-11-02,50.6
2019-11-03,47.85
2019-11-04,50.050000000000004
2019-11-05,46.2
2019-11-06,45.1
2019-11-07,48.400000000000006
2019-11-08,48.95
2019-11-09,46.75000000000001
2019-11-10,45.1
2019-11-11,45.650000000000006
2019-11-12,48.95
2019-11-13,45.650000000000006
2019-11-14,45.1
2019-11-15,48.400000000000006
2019-11-16,48.400000000000006
2019-11-17,48.95
2019-11-18,47.85
2019-11-19,47.300000000000004
2019-11-20,43.45
2019-11-21,47.300000000000004
2019-11-22,43.45
2019-11-23,48.95
2019-11-24,47.300000000000004
2019-11-25,44.550000000000004
2019-11-26,45.650000000000006
2019-11-27,48.95
2019-11-28,45.1
2019-11-29,54.45
2019-11-30,55.00000000000001
2019-12-01,50.16
2019-12-02,49.019999999999996
2019-12-03,52.44
2019-12-04,47.879999999999995
2019-12-05,46.739999999999995
2019-12-06,49.589999999999996
2019-12-07,48.449999999999996
2019-12-08,46.739999999999995
2019-12-09,43.31999999999999
2019-12-10,45.029999999999994
2019-12-11,48.449999999999996
2019-12-12,41.61
2019-12-13,45.029999999999994
2019-12-14,47.309999999999995
2019-12-15,48.449999999999996
2019-12-16,46.169999999999995
2019-12-17,47.879999999999995
2019-12-18,45.599999999999994
2019-12-19,43.88999999999999
2019-12-20,43.31999999999999
2019-12-21,47.879999999999995
2019-12-22,44.459999999999994
2019-12-23,47.879999999999995
2019-12-24,41.61
2019-12-25,49.589999999999996
2019-12-26,56.99999999999999
2019-12-27,56.99999999999999
2019-12-28,54.15
2019-12-29,50.73
2019-12-30,55.28999999999999
2019-12-31,55.85999999999999
2020-01-01,51.87
2020-01-02,56.99999999999999
2020-01-03,53.01
2020-01-04,54.15
2020-01-05,54.72
2020-01-06,49.589999999999996
2020-01-07,56.99999999999999
2020-01-08,48.449999999999996
2020-01-09,51.3
2020-01-10,51.87
2020-01-11,54.15
2020-01-12,50.16
2020-01-13,48.449999999999996
2020-01-14,51.87
2020-01-15,49.019999999999996
2020-01-16,46.169999999999995
2020-01-17,50.16
2020-01-18,54.72
2020-01-19,51.87
2020-01-20,53.58
2020-01-21,47.879999999999995
2020-01-22,46.739999999999995
2020-01-23,46.169999999999995
2020-01-24,46.739999999999995
2020-01-25,46.739999999999995
2020-01-26,44.459999999999994
2020-01-27,43.88999999999999
2020-01-28,47.309999999999995
2020-01-29,51.3
2020-01-30,48.449999999999996
2020-01-31,47.309999999999995
2020-02-01,45.050000000000004
2020-02-02,53.0
2020-02-03,38.690000000000005
2020-02-04,43.46
2020-02-05,41.34
2020-02-06,39.22
2020-02-07,42.400000000000006
2020-02-08,51.410000000000004
2020-02-09,39.22
2020-02-10,37.63
2020-02-11,42.93
2020-02-12,39.75
2020-02-13,39.22
2020-02-14,38.160000000000004
2020-02-15,42.400000000000006
2020-02-16,40.28
2020-02-17,43.99
2020-02-18,39.75
2020-02-19,39.75
2020-02-20,40.81
2020-02-21,39.22
2020-02-22,45.580000000000005
2020-02-23,37.63
2020-02-24,39.75
2020-02-25,42.400000000000006
2020-02-26,39.75
2020-02-27,41.870000000000005
2020-02-28,39.22
2020-02-29,43.46
2020-03-01,43.74
2020-03-02,40.5
2020-03-03,44.28
2020-03-04,41.580000000000005
2020-03-05,41.580000000000005
2020-03-06,44.82
2020-03-07,44.28
2020-03-08,41.580000000000005
2020-03-09,43.2
2020-03-10,43.2
2020-03-11,40.5
2020-03-12,38.34
2020-03-13,39.42
2020-03-14,42.660000000000004
2020-03-15,42.660000000000004
2020-03-16,43.2
2020-03-17,48.06
2020-03-18,44.82
2020-03-19,49.68000000000001
2020-03-20,46.440000000000005
2020-03-21,54.0
2020-03-22,51.84
2020-03-23,49.68000000000001
2020-03-24,52.92
2020-03-25,47.52
2020-03-26,48.6
2020-03-27,48.6
2020-03-28,51.84
2020-03-29,45.36
2020-03-30,49.68000000000001
2020-03-31,46.440000000000005
2020-04-01,55.099999999999994
2020-04-02,57.99999999999999
2020-04-03,56.26
2020-04-04,54.519999999999996
2020-04-05,55.67999999999999
2020-04-06,53.94
2020-04-07,55.67999999999999
2020-04-08,55.67999999999999
